sku,horizon,week,h,promo,forecast,p90,trend,category,region,price,return_rate
APP-1000,4 weeks,2025-01-06,1,0,55.7,69.2,1.108,apparel,West,45.0,0.2808
APP-1001,4 weeks,2025-01-06,1,0,71.8,82.2,1.011,apparel,East,45.0,0.2808
APP-1002,4 weeks,2025-01-06,1,0,67.1,76.1,0.926,apparel,North,45.0,0.2808
APP-1004,4 weeks,2025-01-06,1,0,119.5,133.9,0.898,apparel,Central,45.0,0.2808
APP-1006,4 weeks,2025-01-06,1,0,59.7,70.1,0.95,apparel,West,45.0,0.2808
APP-1008,4 weeks,2025-01-06,1,0,85.0,95.3,0.895,apparel,South,45.0,0.2808
APP-1009,4 weeks,2025-01-06,1,0,25.5,32.2,0.851,apparel,North,45.0,0.2808
APP-1012,4 weeks,2025-01-06,1,0,110.9,126.7,0.954,apparel,North,45.0,0.2808
APP-1016,4 weeks,2025-01-06,1,0,35.8,43.1,0.9,apparel,West,45.0,0.2808
APP-1018,4 weeks,2025-01-06,1,0,26.1,31.3,1.001,apparel,East,45.0,0.2808
APP-1019,4 weeks,2025-01-06,1,0,103.6,109.8,1.033,apparel,Central,45.0,0.2808
APP-1020,4 weeks,2025-01-06,1,0,67.8,78.5,0.862,apparel,South,45.0,0.2808
APP-1022,4 weeks,2025-01-06,1,0,69.7,80.2,0.885,apparel,South,45.0,0.2808
APP-1023,4 weeks,2025-01-06,1,0,32.4,37.8,0.924,apparel,West,45.0,0.2808
APP-1025,4 weeks,2025-01-06,1,0,125.3,138.7,0.905,apparel,Central,45.0,0.2808
APP-1027,4 weeks,2025-01-06,1,0,51.4,62.4,0.854,apparel,South,45.0,0.2808
APP-1028,4 weeks,2025-01-06,1,0,62.0,71.7,0.851,apparel,North,45.0,0.2808
APP-1029,4 weeks,2025-01-06,1,0,83.9,96.6,0.889,apparel,North,45.0,0.2808
APP-1031,4 weeks,2025-01-06,1,0,13.6,16.5,0.918,apparel,Central,45.0,0.2808
APP-1032,4 weeks,2025-01-06,1,0,85.4,93.7,0.887,apparel,East,45.0,0.2808
APP-1034,4 weeks,2025-01-06,1,0,39.3,45.3,0.89,apparel,North,45.0,0.2808
APP-1037,4 weeks,2025-01-06,1,0,45.7,54.8,0.955,apparel,Central,45.0,0.2808
APP-1038,4 weeks,2025-01-06,1,0,21.3,26.8,0.929,apparel,North,45.0,0.2808
BEA-1004,4 weeks,2025-01-06,1,0,62.9,70.9,0.968,beauty,West,25.0,0.0791
BEA-1006,4 weeks,2025-01-06,1,0,64.9,71.8,0.93,beauty,West,25.0,0.0791
BEA-1007,4 weeks,2025-01-06,1,0,44.4,52.5,0.87,beauty,South,25.0,0.0791
BEA-1009,4 weeks,2025-01-06,1,0,51.4,58.1,0.909,beauty,East,25.0,0.0791
BEA-1011,4 weeks,2025-01-06,1,0,33.2,37.4,0.904,beauty,North,25.0,0.0791
BEA-1012,4 weeks,2025-01-06,1,0,64.9,70.8,1.062,beauty,Central,25.0,0.0791
BEA-1013,4 weeks,2025-01-06,1,0,49.0,56.1,0.914,beauty,West,25.0,0.0791
BEA-1014,4 weeks,2025-01-06,1,0,65.2,73.3,0.903,beauty,West,25.0,0.0791
BEA-1016,4 weeks,2025-01-06,1,0,37.1,43.7,0.903,beauty,East,25.0,0.0791
BEA-1017,4 weeks,2025-01-06,1,0,36.5,42.4,0.967,beauty,East,25.0,0.0791
BEA-1018,4 weeks,2025-01-06,1,0,30.9,41.3,0.807,beauty,North,25.0,0.0791
BEA-1019,4 weeks,2025-01-06,1,0,27.4,35.1,0.858,beauty,North,25.0,0.0791
BEA-1020,4 weeks,2025-01-06,1,0,43.2,50.8,0.877,beauty,South,25.0,0.0791
BEA-1021,4 weeks,2025-01-06,1,0,14.0,18.7,0.852,beauty,Central,25.0,0.0791
BEA-1024,4 weeks,2025-01-06,1,0,70.4,78.6,0.923,beauty,South,25.0,0.0791
BEA-1025,4 weeks,2025-01-06,1,0,24.2,27.5,0.91,beauty,West,25.0,0.0791
BEA-1027,4 weeks,2025-01-06,1,0,41.9,49.7,0.904,beauty,Central,25.0,0.0791
BEA-1028,4 weeks,2025-01-06,1,0,28.2,34.1,0.957,beauty,South,25.0,0.0791
BEA-1030,4 weeks,2025-01-06,1,0,34.7,42.5,0.885,beauty,West,25.0,0.0791
BEA-1031,4 weeks,2025-01-06,1,0,56.3,64.9,0.997,beauty,South,25.0,0.0791
BEA-1032,4 weeks,2025-01-06,1,0,62.4,71.1,0.955,beauty,North,25.0,0.0791
BEA-1037,4 weeks,2025-01-06,1,0,28.2,34.4,0.924,beauty,Central,25.0,0.0791
BOO-1000,4 weeks,2025-01-06,1,0,17.7,23.3,0.832,books_media,North,20.0,0.0494
BOO-1001,4 weeks,2025-01-06,1,0,26.9,32.0,1.064,books_media,East,20.0,0.0494
BOO-1002,4 weeks,2025-01-06,1,0,19.0,24.3,0.9,books_media,Central,20.0,0.0494
BOO-1004,4 weeks,2025-01-06,1,0,31.0,38.1,1.048,books_media,South,20.0,0.0494
BOO-1005,4 weeks,2025-01-06,1,0,31.8,40.2,1.049,books_media,Central,20.0,0.0494
BOO-1006,4 weeks,2025-01-06,1,0,29.8,36.6,1.092,books_media,South,20.0,0.0494
BOO-1007,4 weeks,2025-01-06,1,0,15.1,19.2,1.073,books_media,West,20.0,0.0494
BOO-1008,4 weeks,2025-01-06,1,0,29.2,36.1,1.142,books_media,Central,20.0,0.0494
BOO-1011,4 weeks,2025-01-06,1,0,36.6,46.9,1.073,books_media,South,20.0,0.0494
BOO-1016,4 weeks,2025-01-06,1,0,17.0,21.8,1.1,books_media,North,20.0,0.0494
BOO-1018,4 weeks,2025-01-06,1,0,10.7,14.5,1.049,books_media,South,20.0,0.0494
BOO-1022,4 weeks,2025-01-06,1,0,10.0,14.0,1.171,books_media,Central,20.0,0.0494
BOO-1023,4 weeks,2025-01-06,1,0,21.8,26.8,0.995,books_media,North,20.0,0.0494
BOO-1024,4 weeks,2025-01-06,1,0,14.1,18.1,1.038,books_media,East,20.0,0.0494
BOO-1025,4 weeks,2025-01-06,1,0,38.0,48.9,1.036,books_media,Central,20.0,0.0494
BOO-1026,4 weeks,2025-01-06,1,0,6.4,9.1,1.115,books_media,West,20.0,0.0494
BOO-1027,4 weeks,2025-01-06,1,0,5.5,8.3,0.644,books_media,North,20.0,0.0494
BOO-1029,4 weeks,2025-01-06,1,0,28.4,34.8,1.078,books_media,East,20.0,0.0494
BOO-1031,4 weeks,2025-01-06,1,0,34.4,43.4,0.908,books_media,West,20.0,0.0494
BOO-1033,4 weeks,2025-01-06,1,0,6.8,9.8,1.222,books_media,East,20.0,0.0494
BOO-1034,4 weeks,2025-01-06,1,0,25.2,29.6,0.972,books_media,South,20.0,0.0494
BOO-1038,4 weeks,2025-01-06,1,0,37.7,49.8,1.057,books_media,North,20.0,0.0494
ELE-1002,4 weeks,2025-01-06,1,0,58.0,66.3,0.935,electronics,South,180.0,0.0888
ELE-1005,4 weeks,2025-01-06,1,0,15.4,18.3,1.057,electronics,West,180.0,0.0888
ELE-1006,4 weeks,2025-01-06,1,0,77.8,87.4,0.964,electronics,North,180.0,0.0888
ELE-1011,4 weeks,2025-01-06,1,0,14.6,18.1,1.135,electronics,Central,180.0,0.0888
ELE-1012,4 weeks,2025-01-06,1,0,25.5,30.2,0.958,electronics,South,180.0,0.0888
ELE-1013,4 weeks,2025-01-06,1,0,17.3,21.2,0.919,electronics,East,180.0,0.0888
ELE-1014,4 weeks,2025-01-06,1,0,12.7,16.2,0.918,electronics,North,180.0,0.0888
ELE-1017,4 weeks,2025-01-06,1,0,56.7,70.8,0.824,electronics,South,180.0,0.0888
ELE-1018,4 weeks,2025-01-06,1,0,27.6,32.5,1.031,electronics,East,180.0,0.0888
ELE-1022,4 weeks,2025-01-06,1,0,28.3,35.5,0.939,electronics,East,180.0,0.0888
ELE-1023,4 weeks,2025-01-06,1,0,50.8,60.8,1.015,electronics,North,180.0,0.0888
ELE-1024,4 weeks,2025-01-06,1,0,25.5,32.7,0.846,electronics,Central,180.0,0.0888
ELE-1026,4 weeks,2025-01-06,1,0,22.2,28.5,0.913,electronics,Central,180.0,0.0888
ELE-1027,4 weeks,2025-01-06,1,0,29.0,36.5,1.063,electronics,North,180.0,0.0888
ELE-1029,4 weeks,2025-01-06,1,0,60.6,69.4,0.971,electronics,North,180.0,0.0888
ELE-1031,4 weeks,2025-01-06,1,0,64.1,77.4,1.119,electronics,South,180.0,0.0888
ELE-1035,4 weeks,2025-01-06,1,0,30.4,37.0,1.088,electronics,East,180.0,0.0888
ELE-1036,4 weeks,2025-01-06,1,0,35.2,44.4,1.131,electronics,North,180.0,0.0888
ELE-1038,4 weeks,2025-01-06,1,0,62.8,71.3,1.104,electronics,South,180.0,0.0888
GRO-1000,4 weeks,2025-01-06,1,0,89.5,99.5,1.024,grocery,North,15.0,0.0201
GRO-1002,4 weeks,2025-01-06,1,0,97.8,109.0,0.936,grocery,North,15.0,0.0201
GRO-1004,4 weeks,2025-01-06,1,0,168.8,185.6,0.949,grocery,North,15.0,0.0201
GRO-1005,4 weeks,2025-01-06,1,0,135.6,145.5,0.983,grocery,East,15.0,0.0201
GRO-1006,4 weeks,2025-01-06,1,0,64.3,74.8,1.012,grocery,West,15.0,0.0201
GRO-1007,4 weeks,2025-01-06,1,0,120.0,129.6,0.978,grocery,South,15.0,0.0201
GRO-1009,4 weeks,2025-01-06,1,0,28.0,33.8,0.956,grocery,West,15.0,0.0201
GRO-1012,4 weeks,2025-01-06,1,0,175.2,199.8,0.991,grocery,North,15.0,0.0201
GRO-1015,4 weeks,2025-01-06,1,0,64.2,78.4,0.963,grocery,North,15.0,0.0201
GRO-1016,4 weeks,2025-01-06,1,0,76.8,84.2,0.96,grocery,North,15.0,0.0201
GRO-1017,4 weeks,2025-01-06,1,0,91.6,100.9,0.94,grocery,South,15.0,0.0201
GRO-1024,4 weeks,2025-01-06,1,0,62.1,70.8,1.025,grocery,South,15.0,0.0201
GRO-1025,4 weeks,2025-01-06,1,0,102.8,116.4,0.93,grocery,Central,15.0,0.0201
GRO-1027,4 weeks,2025-01-06,1,0,60.7,69.0,0.942,grocery,West,15.0,0.0201
GRO-1028,4 weeks,2025-01-06,1,0,116.1,126.9,0.975,grocery,North,15.0,0.0201
GRO-1030,4 weeks,2025-01-06,1,0,79.9,89.0,0.97,grocery,West,15.0,0.0201
GRO-1034,4 weeks,2025-01-06,1,0,85.2,95.8,1.046,grocery,North,15.0,0.0201
GRO-1038,4 weeks,2025-01-06,1,0,46.5,54.0,1.008,grocery,West,15.0,0.0201
HOM-1001,4 weeks,2025-01-06,1,0,84.6,92.8,0.954,home_kitchen,Central,60.0,0.0981
HOM-1003,4 weeks,2025-01-06,1,0,23.3,26.2,1.035,home_kitchen,East,60.0,0.0981
HOM-1006,4 weeks,2025-01-06,1,0,26.2,31.0,0.934,home_kitchen,West,60.0,0.0981
HOM-1010,4 weeks,2025-01-06,1,0,24.4,27.3,0.997,home_kitchen,West,60.0,0.0981
HOM-1011,4 weeks,2025-01-06,1,0,62.1,71.9,0.924,home_kitchen,West,60.0,0.0981
HOM-1013,4 weeks,2025-01-06,1,0,42.2,46.8,1.02,home_kitchen,East,60.0,0.0981
HOM-1015,4 weeks,2025-01-06,1,0,21.4,26.9,0.87,home_kitchen,South,60.0,0.0981
HOM-1017,4 weeks,2025-01-06,1,0,48.6,55.6,0.97,home_kitchen,West,60.0,0.0981
HOM-1019,4 weeks,2025-01-06,1,0,66.5,76.0,0.956,home_kitchen,East,60.0,0.0981
HOM-1022,4 weeks,2025-01-06,1,0,86.3,93.7,0.992,home_kitchen,Central,60.0,0.0981
HOM-1024,4 weeks,2025-01-06,1,0,8.7,13.1,1.002,home_kitchen,Central,60.0,0.0981
HOM-1030,4 weeks,2025-01-06,1,0,27.8,37.6,0.812,home_kitchen,South,60.0,0.0981
HOM-1032,4 weeks,2025-01-06,1,0,34.8,39.0,1.002,home_kitchen,East,60.0,0.0981
HOM-1035,4 weeks,2025-01-06,1,0,31.2,36.6,0.974,home_kitchen,South,60.0,0.0981
HOM-1036,4 weeks,2025-01-06,1,0,67.6,76.2,0.979,home_kitchen,West,60.0,0.0981
HOM-1037,4 weeks,2025-01-06,1,0,50.3,57.5,0.917,home_kitchen,West,60.0,0.0981
HOM-1038,4 weeks,2025-01-06,1,0,23.9,29.6,0.888,home_kitchen,North,60.0,0.0981
HOM-1039,4 weeks,2025-01-06,1,0,36.5,41.4,0.956,home_kitchen,North,60.0,0.0981
SPO-1001,4 weeks,2025-01-06,1,0,44.9,50.9,0.936,sports_outdoor,East,70.0,0.1196
SPO-1003,4 weeks,2025-01-06,1,0,46.3,54.4,0.942,sports_outdoor,North,70.0,0.1196
SPO-1004,4 weeks,2025-01-06,1,0,23.9,29.8,0.964,sports_outdoor,North,70.0,0.1196
SPO-1005,4 weeks,2025-01-06,1,0,23.6,27.7,1.193,sports_outdoor,Central,70.0,0.1196
SPO-1007,4 weeks,2025-01-06,1,0,37.0,46.1,1.034,sports_outdoor,North,70.0,0.1196
SPO-1008,4 weeks,2025-01-06,1,0,22.1,27.0,1.018,sports_outdoor,South,70.0,0.1196
SPO-1009,4 weeks,2025-01-06,1,0,17.2,21.7,1.021,sports_outdoor,North,70.0,0.1196
SPO-1012,4 weeks,2025-01-06,1,0,29.4,37.6,1.061,sports_outdoor,North,70.0,0.1196
SPO-1014,4 weeks,2025-01-06,1,0,22.1,28.8,1.056,sports_outdoor,Central,70.0,0.1196
SPO-1019,4 weeks,2025-01-06,1,0,41.5,50.0,0.948,sports_outdoor,West,70.0,0.1196
SPO-1021,4 weeks,2025-01-06,1,0,10.0,12.8,0.915,sports_outdoor,South,70.0,0.1196
SPO-1024,4 weeks,2025-01-06,1,0,58.0,67.8,1.039,sports_outdoor,Central,70.0,0.1196
SPO-1026,4 weeks,2025-01-06,1,0,11.9,15.5,0.972,sports_outdoor,West,70.0,0.1196
SPO-1029,4 weeks,2025-01-06,1,0,36.6,44.6,1.149,sports_outdoor,South,70.0,0.1196
SPO-1030,4 weeks,2025-01-06,1,0,15.8,19.4,1.067,sports_outdoor,East,70.0,0.1196
SPO-1032,4 weeks,2025-01-06,1,0,15.8,19.5,0.975,sports_outdoor,Central,70.0,0.1196
SPO-1034,4 weeks,2025-01-06,1,0,38.8,47.2,1.075,sports_outdoor,North,70.0,0.1196
SPO-1035,4 weeks,2025-01-06,1,0,48.2,61.7,1.045,sports_outdoor,West,70.0,0.1196
SPO-1036,4 weeks,2025-01-06,1,0,26.3,33.8,1.026,sports_outdoor,East,70.0,0.1196
SPO-1039,4 weeks,2025-01-06,1,0,27.7,34.6,1.061,sports_outdoor,Central,70.0,0.1196
TOY-1002,4 weeks,2025-01-06,1,0,27.2,33.3,0.963,toys_games,East,35.0,0.0707
TOY-1010,4 weeks,2025-01-06,1,0,26.2,34.1,1.036,toys_games,Central,35.0,0.0707
TOY-1011,4 weeks,2025-01-06,1,0,8.4,11.2,1.106,toys_games,South,35.0,0.0707
TOY-1013,4 weeks,2025-01-06,1,0,35.4,43.3,0.96,toys_games,East,35.0,0.0707
TOY-1018,4 weeks,2025-01-06,1,0,41.3,50.2,0.981,toys_games,East,35.0,0.0707
TOY-1019,4 weeks,2025-01-06,1,0,14.2,18.2,0.982,toys_games,Central,35.0,0.0707
TOY-1020,4 weeks,2025-01-06,1,0,20.5,26.6,1.027,toys_games,South,35.0,0.0707
TOY-1021,4 weeks,2025-01-06,1,0,59.5,75.7,0.913,toys_games,North,35.0,0.0707
TOY-1024,4 weeks,2025-01-06,1,0,24.1,34.1,0.847,toys_games,South,35.0,0.0707
TOY-1025,4 weeks,2025-01-06,1,0,11.0,15.5,0.83,toys_games,West,35.0,0.0707
TOY-1030,4 weeks,2025-01-06,1,0,17.2,23.3,0.993,toys_games,South,35.0,0.0707
TOY-1031,4 weeks,2025-01-06,1,0,12.3,16.8,0.829,toys_games,South,35.0,0.0707
TOY-1034,4 weeks,2025-01-06,1,0,65.8,79.1,1.001,toys_games,North,35.0,0.0707
TOY-1035,4 weeks,2025-01-06,1,0,46.3,59.6,0.979,toys_games,East,35.0,0.0707
TOY-1038,4 weeks,2025-01-06,1,0,29.7,38.9,1.089,toys_games,South,35.0,0.0707
APP-1000,4 weeks,2025-01-13,2,0,55.9,68.8,1.108,apparel,West,45.0,0.2808
APP-1001,4 weeks,2025-01-13,2,0,70.1,78.3,1.011,apparel,East,45.0,0.2808
APP-1002,4 weeks,2025-01-13,2,0,66.2,74.9,0.926,apparel,North,45.0,0.2808
APP-1004,4 weeks,2025-01-13,2,0,120.5,127.7,0.898,apparel,Central,45.0,0.2808
APP-1006,4 weeks,2025-01-13,2,0,60.1,67.5,0.95,apparel,West,45.0,0.2808
APP-1008,4 weeks,2025-01-13,2,0,87.8,94.2,0.895,apparel,South,45.0,0.2808
APP-1009,4 weeks,2025-01-13,2,0,25.8,31.7,0.851,apparel,North,45.0,0.2808
APP-1012,4 weeks,2025-01-13,2,0,109.3,117.4,0.954,apparel,North,45.0,0.2808
APP-1016,4 weeks,2025-01-13,2,0,38.7,43.8,0.9,apparel,West,45.0,0.2808
APP-1018,4 weeks,2025-01-13,2,0,26.2,30.4,1.001,apparel,East,45.0,0.2808
APP-1019,4 weeks,2025-01-13,2,0,102.4,103.9,1.033,apparel,Central,45.0,0.2808
APP-1020,4 weeks,2025-01-13,2,0,66.7,76.7,0.862,apparel,South,45.0,0.2808
APP-1022,4 weeks,2025-01-13,2,0,69.2,77.9,0.885,apparel,South,45.0,0.2808
APP-1023,4 weeks,2025-01-13,2,0,31.9,37.2,0.924,apparel,West,45.0,0.2808
APP-1025,4 weeks,2025-01-13,2,0,124.3,133.3,0.905,apparel,Central,45.0,0.2808
APP-1027,4 weeks,2025-01-13,2,0,51.8,60.9,0.854,apparel,South,45.0,0.2808
APP-1028,4 weeks,2025-01-13,2,0,61.0,73.0,0.851,apparel,North,45.0,0.2808
APP-1029,4 weeks,2025-01-13,2,0,85.1,92.0,0.889,apparel,North,45.0,0.2808
APP-1031,4 weeks,2025-01-13,2,0,13.5,16.2,0.918,apparel,Central,45.0,0.2808
APP-1032,4 weeks,2025-01-13,2,0,84.1,92.7,0.887,apparel,East,45.0,0.2808
APP-1034,4 weeks,2025-01-13,2,0,38.7,44.1,0.89,apparel,North,45.0,0.2808
APP-1037,4 weeks,2025-01-13,2,0,45.5,53.9,0.955,apparel,Central,45.0,0.2808
APP-1038,4 weeks,2025-01-13,2,0,22.2,25.8,0.929,apparel,North,45.0,0.2808
BEA-1004,4 weeks,2025-01-13,2,0,65.3,73.4,0.968,beauty,West,25.0,0.0791
BEA-1006,4 weeks,2025-01-13,2,0,67.5,77.1,0.93,beauty,West,25.0,0.0791
BEA-1007,4 weeks,2025-01-13,2,0,46.4,55.2,0.87,beauty,South,25.0,0.0791
BEA-1009,4 weeks,2025-01-13,2,0,53.4,61.0,0.909,beauty,East,25.0,0.0791
BEA-1011,4 weeks,2025-01-13,2,0,33.3,39.4,0.904,beauty,North,25.0,0.0791
BEA-1012,4 weeks,2025-01-13,2,0,67.7,74.0,1.062,beauty,Central,25.0,0.0791
BEA-1013,4 weeks,2025-01-13,2,0,51.1,59.1,0.914,beauty,West,25.0,0.0791
BEA-1014,4 weeks,2025-01-13,2,0,68.4,77.2,0.903,beauty,West,25.0,0.0791
BEA-1016,4 weeks,2025-01-13,2,0,38.6,45.4,0.903,beauty,East,25.0,0.0791
BEA-1017,4 weeks,2025-01-13,2,0,38.1,43.2,0.967,beauty,East,25.0,0.0791
BEA-1018,4 weeks,2025-01-13,2,0,30.6,43.1,0.807,beauty,North,25.0,0.0791
BEA-1019,4 weeks,2025-01-13,2,0,28.5,36.7,0.858,beauty,North,25.0,0.0791
BEA-1020,4 weeks,2025-01-13,2,0,45.1,53.3,0.877,beauty,South,25.0,0.0791
BEA-1021,4 weeks,2025-01-13,2,0,13.9,19.2,0.852,beauty,Central,25.0,0.0791
BEA-1024,4 weeks,2025-01-13,2,0,72.9,82.4,0.923,beauty,South,25.0,0.0791
BEA-1025,4 weeks,2025-01-13,2,0,24.7,28.9,0.91,beauty,West,25.0,0.0791
BEA-1027,4 weeks,2025-01-13,2,0,43.5,52.2,0.904,beauty,Central,25.0,0.0791
BEA-1028,4 weeks,2025-01-13,2,0,29.4,35.9,0.957,beauty,South,25.0,0.0791
BEA-1030,4 weeks,2025-01-13,2,0,35.6,43.9,0.885,beauty,West,25.0,0.0791
BEA-1031,4 weeks,2025-01-13,2,0,58.4,66.4,0.997,beauty,South,25.0,0.0791
BEA-1032,4 weeks,2025-01-13,2,0,65.2,74.9,0.955,beauty,North,25.0,0.0791
BEA-1037,4 weeks,2025-01-13,2,0,29.4,36.1,0.924,beauty,Central,25.0,0.0791
BOO-1000,4 weeks,2025-01-13,2,0,17.2,22.9,0.832,books_media,North,20.0,0.0494
BOO-1001,4 weeks,2025-01-13,2,0,26.4,31.3,1.064,books_media,East,20.0,0.0494
BOO-1002,4 weeks,2025-01-13,2,0,18.4,24.6,0.9,books_media,Central,20.0,0.0494
BOO-1004,4 weeks,2025-01-13,2,0,30.4,36.9,1.048,books_media,South,20.0,0.0494
BOO-1005,4 weeks,2025-01-13,2,0,31.1,39.8,1.049,books_media,Central,20.0,0.0494
BOO-1006,4 weeks,2025-01-13,2,0,29.4,35.3,1.092,books_media,South,20.0,0.0494
BOO-1007,4 weeks,2025-01-13,2,0,15.1,18.6,1.073,books_media,West,20.0,0.0494
BOO-1008,4 weeks,2025-01-13,2,0,28.1,35.3,1.142,books_media,Central,20.0,0.0494
BOO-1011,4 weeks,2025-01-13,2,0,36.9,45.9,1.073,books_media,South,20.0,0.0494
BOO-1016,4 weeks,2025-01-13,2,0,16.5,21.3,1.1,books_media,North,20.0,0.0494
BOO-1018,4 weeks,2025-01-13,2,0,10.7,14.1,1.049,books_media,South,20.0,0.0494
BOO-1022,4 weeks,2025-01-13,2,0,9.7,13.4,1.171,books_media,Central,20.0,0.0494
BOO-1023,4 weeks,2025-01-13,2,0,21.2,26.3,0.995,books_media,North,20.0,0.0494
BOO-1024,4 weeks,2025-01-13,2,0,13.6,17.7,1.038,books_media,East,20.0,0.0494
BOO-1025,4 weeks,2025-01-13,2,0,37.2,47.5,1.036,books_media,Central,20.0,0.0494
BOO-1026,4 weeks,2025-01-13,2,0,6.3,9.4,1.115,books_media,West,20.0,0.0494
BOO-1027,4 weeks,2025-01-13,2,0,5.1,7.7,0.644,books_media,North,20.0,0.0494
BOO-1029,4 weeks,2025-01-13,2,0,28.1,34.0,1.078,books_media,East,20.0,0.0494
BOO-1031,4 weeks,2025-01-13,2,0,33.9,41.5,0.908,books_media,West,20.0,0.0494
BOO-1033,4 weeks,2025-01-13,2,0,6.6,10.2,1.222,books_media,East,20.0,0.0494
BOO-1034,4 weeks,2025-01-13,2,0,25.1,29.2,0.972,books_media,South,20.0,0.0494
BOO-1038,4 weeks,2025-01-13,2,0,36.6,49.1,1.057,books_media,North,20.0,0.0494
ELE-1002,4 weeks,2025-01-13,2,0,54.9,66.9,0.935,electronics,South,180.0,0.0888
ELE-1005,4 weeks,2025-01-13,2,0,15.1,17.9,1.057,electronics,West,180.0,0.0888
ELE-1006,4 weeks,2025-01-13,2,0,76.6,87.5,0.964,electronics,North,180.0,0.0888
ELE-1011,4 weeks,2025-01-13,2,0,13.9,17.6,1.135,electronics,Central,180.0,0.0888
ELE-1012,4 weeks,2025-01-13,2,0,24.0,30.1,0.958,electronics,South,180.0,0.0888
ELE-1013,4 weeks,2025-01-13,2,0,17.0,20.9,0.919,electronics,East,180.0,0.0888
ELE-1014,4 weeks,2025-01-13,2,0,12.1,15.8,0.918,electronics,North,180.0,0.0888
ELE-1017,4 weeks,2025-01-13,2,0,55.2,70.3,0.824,electronics,South,180.0,0.0888
ELE-1018,4 weeks,2025-01-13,2,0,27.3,31.7,1.031,electronics,East,180.0,0.0888
ELE-1022,4 weeks,2025-01-13,2,0,28.1,34.6,0.939,electronics,East,180.0,0.0888
ELE-1023,4 weeks,2025-01-13,2,0,50.0,59.9,1.015,electronics,North,180.0,0.0888
ELE-1024,4 weeks,2025-01-13,2,0,24.8,32.3,0.846,electronics,Central,180.0,0.0888
ELE-1026,4 weeks,2025-01-13,2,0,22.2,27.9,0.913,electronics,Central,180.0,0.0888
ELE-1027,4 weeks,2025-01-13,2,0,28.6,35.6,1.063,electronics,North,180.0,0.0888
ELE-1029,4 weeks,2025-01-13,2,0,59.1,69.2,0.971,electronics,North,180.0,0.0888
ELE-1031,4 weeks,2025-01-13,2,0,63.1,77.5,1.119,electronics,South,180.0,0.0888
ELE-1035,4 weeks,2025-01-13,2,0,30.2,38.2,1.088,electronics,East,180.0,0.0888
ELE-1036,4 weeks,2025-01-13,2,0,34.4,42.8,1.131,electronics,North,180.0,0.0888
ELE-1038,4 weeks,2025-01-13,2,0,60.9,72.8,1.104,electronics,South,180.0,0.0888
GRO-1000,4 weeks,2025-01-13,2,0,89.4,99.7,1.024,grocery,North,15.0,0.0201
GRO-1002,4 weeks,2025-01-13,2,0,97.8,109.2,0.936,grocery,North,15.0,0.0201
GRO-1004,4 weeks,2025-01-13,2,0,167.9,183.9,0.949,grocery,North,15.0,0.0201
GRO-1005,4 weeks,2025-01-13,2,0,135.4,143.9,0.983,grocery,East,15.0,0.0201
GRO-1006,4 weeks,2025-01-13,2,0,64.2,74.6,1.012,grocery,West,15.0,0.0201
GRO-1007,4 weeks,2025-01-13,2,0,119.9,128.9,0.978,grocery,South,15.0,0.0201
GRO-1009,4 weeks,2025-01-13,2,0,27.8,33.1,0.956,grocery,West,15.0,0.0201
GRO-1012,4 weeks,2025-01-13,2,0,177.8,200.0,0.991,grocery,North,15.0,0.0201
GRO-1015,4 weeks,2025-01-13,2,0,64.0,78.7,0.963,grocery,North,15.0,0.0201
GRO-1016,4 weeks,2025-01-13,2,0,76.8,84.9,0.96,grocery,North,15.0,0.0201
GRO-1017,4 weeks,2025-01-13,2,0,91.5,100.0,0.94,grocery,South,15.0,0.0201
GRO-1024,4 weeks,2025-01-13,2,0,62.1,71.4,1.025,grocery,South,15.0,0.0201
GRO-1025,4 weeks,2025-01-13,2,0,102.7,117.1,0.93,grocery,Central,15.0,0.0201
GRO-1027,4 weeks,2025-01-13,2,0,60.9,69.3,0.942,grocery,West,15.0,0.0201
GRO-1028,4 weeks,2025-01-13,2,0,116.0,126.6,0.975,grocery,North,15.0,0.0201
GRO-1030,4 weeks,2025-01-13,2,0,79.9,89.7,0.97,grocery,West,15.0,0.0201
GRO-1034,4 weeks,2025-01-13,2,0,85.2,95.4,1.046,grocery,North,15.0,0.0201
GRO-1038,4 weeks,2025-01-13,2,0,46.0,54.3,1.008,grocery,West,15.0,0.0201
HOM-1001,4 weeks,2025-01-13,2,0,87.3,96.4,0.954,home_kitchen,Central,60.0,0.0981
HOM-1003,4 weeks,2025-01-13,2,0,22.4,25.9,1.035,home_kitchen,East,60.0,0.0981
HOM-1006,4 weeks,2025-01-13,2,0,26.9,31.5,0.934,home_kitchen,West,60.0,0.0981
HOM-1010,4 weeks,2025-01-13,2,0,24.1,28.3,0.997,home_kitchen,West,60.0,0.0981
HOM-1011,4 weeks,2025-01-13,2,0,64.2,73.4,0.924,home_kitchen,West,60.0,0.0981
HOM-1013,4 weeks,2025-01-13,2,0,43.4,49.1,1.02,home_kitchen,East,60.0,0.0981
HOM-1015,4 weeks,2025-01-13,2,0,21.8,28.0,0.87,home_kitchen,South,60.0,0.0981
HOM-1017,4 weeks,2025-01-13,2,0,49.9,57.8,0.97,home_kitchen,West,60.0,0.0981
HOM-1019,4 weeks,2025-01-13,2,0,68.7,79.3,0.956,home_kitchen,East,60.0,0.0981
HOM-1022,4 weeks,2025-01-13,2,0,89.0,98.7,0.992,home_kitchen,Central,60.0,0.0981
HOM-1024,4 weeks,2025-01-13,2,0,9.1,13.6,1.002,home_kitchen,Central,60.0,0.0981
HOM-1030,4 weeks,2025-01-13,2,0,28.1,39.6,0.812,home_kitchen,South,60.0,0.0981
HOM-1032,4 weeks,2025-01-13,2,0,36.0,41.4,1.002,home_kitchen,East,60.0,0.0981
HOM-1035,4 weeks,2025-01-13,2,0,32.1,38.1,0.974,home_kitchen,South,60.0,0.0981
HOM-1036,4 weeks,2025-01-13,2,0,69.8,78.5,0.979,home_kitchen,West,60.0,0.0981
HOM-1037,4 weeks,2025-01-13,2,0,52.0,60.3,0.917,home_kitchen,West,60.0,0.0981
HOM-1038,4 weeks,2025-01-13,2,0,24.7,30.7,0.888,home_kitchen,North,60.0,0.0981
HOM-1039,4 weeks,2025-01-13,2,0,37.7,43.9,0.956,home_kitchen,North,60.0,0.0981
SPO-1001,4 weeks,2025-01-13,2,0,42.7,51.2,0.936,sports_outdoor,East,70.0,0.1196
SPO-1003,4 weeks,2025-01-13,2,0,45.6,53.8,0.942,sports_outdoor,North,70.0,0.1196
SPO-1004,4 weeks,2025-01-13,2,0,23.9,30.6,0.964,sports_outdoor,North,70.0,0.1196
SPO-1005,4 weeks,2025-01-13,2,0,23.2,27.3,1.193,sports_outdoor,Central,70.0,0.1196
SPO-1007,4 weeks,2025-01-13,2,0,36.5,43.7,1.034,sports_outdoor,North,70.0,0.1196
SPO-1008,4 weeks,2025-01-13,2,0,22.0,27.4,1.018,sports_outdoor,South,70.0,0.1196
SPO-1009,4 weeks,2025-01-13,2,0,17.0,21.6,1.021,sports_outdoor,North,70.0,0.1196
SPO-1012,4 weeks,2025-01-13,2,0,28.8,37.8,1.061,sports_outdoor,North,70.0,0.1196
SPO-1014,4 weeks,2025-01-13,2,0,21.6,25.9,1.056,sports_outdoor,Central,70.0,0.1196
SPO-1019,4 weeks,2025-01-13,2,0,41.2,49.5,0.948,sports_outdoor,West,70.0,0.1196
SPO-1021,4 weeks,2025-01-13,2,0,9.6,11.9,0.915,sports_outdoor,South,70.0,0.1196
SPO-1024,4 weeks,2025-01-13,2,0,57.2,68.7,1.039,sports_outdoor,Central,70.0,0.1196
SPO-1026,4 weeks,2025-01-13,2,0,11.5,14.7,0.972,sports_outdoor,West,70.0,0.1196
SPO-1029,4 weeks,2025-01-13,2,0,35.7,44.3,1.149,sports_outdoor,South,70.0,0.1196
SPO-1030,4 weeks,2025-01-13,2,0,15.1,18.6,1.067,sports_outdoor,East,70.0,0.1196
SPO-1032,4 weeks,2025-01-13,2,0,15.2,18.6,0.975,sports_outdoor,Central,70.0,0.1196
SPO-1034,4 weeks,2025-01-13,2,0,38.0,45.7,1.075,sports_outdoor,North,70.0,0.1196
SPO-1035,4 weeks,2025-01-13,2,0,47.1,63.2,1.045,sports_outdoor,West,70.0,0.1196
SPO-1036,4 weeks,2025-01-13,2,0,25.9,32.4,1.026,sports_outdoor,East,70.0,0.1196
SPO-1039,4 weeks,2025-01-13,2,0,28.0,36.0,1.061,sports_outdoor,Central,70.0,0.1196
TOY-1002,4 weeks,2025-01-13,2,0,27.0,32.7,0.963,toys_games,East,35.0,0.0707
TOY-1010,4 weeks,2025-01-13,2,0,25.9,33.6,1.036,toys_games,Central,35.0,0.0707
TOY-1011,4 weeks,2025-01-13,2,0,8.6,11.5,1.106,toys_games,South,35.0,0.0707
TOY-1013,4 weeks,2025-01-13,2,0,35.3,42.4,0.96,toys_games,East,35.0,0.0707
TOY-1018,4 weeks,2025-01-13,2,0,41.3,49.4,0.981,toys_games,East,35.0,0.0707
TOY-1019,4 weeks,2025-01-13,2,0,13.7,18.0,0.982,toys_games,Central,35.0,0.0707
TOY-1020,4 weeks,2025-01-13,2,0,20.3,25.7,1.027,toys_games,South,35.0,0.0707
TOY-1021,4 weeks,2025-01-13,2,0,58.5,71.8,0.913,toys_games,North,35.0,0.0707
TOY-1024,4 weeks,2025-01-13,2,0,24.0,33.9,0.847,toys_games,South,35.0,0.0707
TOY-1025,4 weeks,2025-01-13,2,0,10.8,15.2,0.83,toys_games,West,35.0,0.0707
TOY-1030,4 weeks,2025-01-13,2,0,16.6,23.0,0.993,toys_games,South,35.0,0.0707
TOY-1031,4 weeks,2025-01-13,2,0,12.3,17.5,0.829,toys_games,South,35.0,0.0707
TOY-1034,4 weeks,2025-01-13,2,0,65.7,77.4,1.001,toys_games,North,35.0,0.0707
TOY-1035,4 weeks,2025-01-13,2,0,45.0,57.6,0.979,toys_games,East,35.0,0.0707
TOY-1038,4 weeks,2025-01-13,2,0,29.6,38.7,1.089,toys_games,South,35.0,0.0707
APP-1000,4 weeks,2025-01-20,3,0,56.2,70.3,1.108,apparel,West,45.0,0.2808
APP-1001,4 weeks,2025-01-20,3,0,71.5,80.3,1.011,apparel,East,45.0,0.2808
APP-1002,4 weeks,2025-01-20,3,0,67.4,77.6,0.926,apparel,North,45.0,0.2808
APP-1004,4 weeks,2025-01-20,3,0,121.2,134.0,0.898,apparel,Central,45.0,0.2808
APP-1006,4 weeks,2025-01-20,3,0,60.2,70.7,0.95,apparel,West,45.0,0.2808
APP-1008,4 weeks,2025-01-20,3,0,87.3,96.1,0.895,apparel,South,45.0,0.2808
APP-1009,4 weeks,2025-01-20,3,0,25.5,32.8,0.851,apparel,North,45.0,0.2808
APP-1012,4 weeks,2025-01-20,3,0,111.3,123.0,0.954,apparel,North,45.0,0.2808
APP-1016,4 weeks,2025-01-20,3,0,36.8,44.3,0.9,apparel,West,45.0,0.2808
APP-1018,4 weeks,2025-01-20,3,0,25.9,30.9,1.001,apparel,East,45.0,0.2808
APP-1019,4 weeks,2025-01-20,3,0,103.5,108.7,1.033,apparel,Central,45.0,0.2808
APP-1020,4 weeks,2025-01-20,3,0,67.8,84.5,0.862,apparel,South,45.0,0.2808
APP-1022,4 weeks,2025-01-20,3,0,70.7,81.4,0.885,apparel,South,45.0,0.2808
APP-1023,4 weeks,2025-01-20,3,0,32.3,39.1,0.924,apparel,West,45.0,0.2808
APP-1025,4 weeks,2025-01-20,3,0,126.6,140.3,0.905,apparel,Central,45.0,0.2808
APP-1027,4 weeks,2025-01-20,3,0,52.5,64.2,0.854,apparel,South,45.0,0.2808
APP-1028,4 weeks,2025-01-20,3,0,62.0,75.8,0.851,apparel,North,45.0,0.2808
APP-1029,4 weeks,2025-01-20,3,0,84.8,95.1,0.889,apparel,North,45.0,0.2808
APP-1031,4 weeks,2025-01-20,3,0,13.5,17.6,0.918,apparel,Central,45.0,0.2808
APP-1032,4 weeks,2025-01-20,3,0,85.4,95.7,0.887,apparel,East,45.0,0.2808
APP-1034,4 weeks,2025-01-20,3,0,39.1,48.0,0.89,apparel,North,45.0,0.2808
APP-1037,4 weeks,2025-01-20,3,0,45.2,53.5,0.955,apparel,Central,45.0,0.2808
APP-1038,4 weeks,2025-01-20,3,0,22.2,27.2,0.929,apparel,North,45.0,0.2808
BEA-1004,4 weeks,2025-01-20,3,0,65.0,76.1,0.968,beauty,West,25.0,0.0791
BEA-1006,4 weeks,2025-01-20,3,0,67.9,77.7,0.93,beauty,West,25.0,0.0791
BEA-1007,4 weeks,2025-01-20,3,0,46.9,57.9,0.87,beauty,South,25.0,0.0791
BEA-1009,4 weeks,2025-01-20,3,0,54.7,64.0,0.909,beauty,East,25.0,0.0791
BEA-1011,4 weeks,2025-01-20,3,0,32.7,41.5,0.904,beauty,North,25.0,0.0791
BEA-1012,4 weeks,2025-01-20,3,0,68.0,77.5,1.062,beauty,Central,25.0,0.0791
BEA-1013,4 weeks,2025-01-20,3,0,51.8,62.4,0.914,beauty,West,25.0,0.0791
BEA-1014,4 weeks,2025-01-20,3,0,69.0,80.3,0.903,beauty,West,25.0,0.0791
BEA-1016,4 weeks,2025-01-20,3,0,38.9,48.5,0.903,beauty,East,25.0,0.0791
BEA-1017,4 weeks,2025-01-20,3,0,38.3,46.5,0.967,beauty,East,25.0,0.0791
BEA-1018,4 weeks,2025-01-20,3,0,31.0,45.8,0.807,beauty,North,25.0,0.0791
BEA-1019,4 weeks,2025-01-20,3,0,29.7,39.2,0.858,beauty,North,25.0,0.0791
BEA-1020,4 weeks,2025-01-20,3,0,45.3,55.7,0.877,beauty,South,25.0,0.0791
BEA-1021,4 weeks,2025-01-20,3,0,14.5,19.8,0.852,beauty,Central,25.0,0.0791
BEA-1024,4 weeks,2025-01-20,3,0,74.5,85.9,0.923,beauty,South,25.0,0.0791
BEA-1025,4 weeks,2025-01-20,3,0,23.8,30.4,0.91,beauty,West,25.0,0.0791
BEA-1027,4 weeks,2025-01-20,3,0,44.8,55.3,0.904,beauty,Central,25.0,0.0791
BEA-1028,4 weeks,2025-01-20,3,0,30.4,37.9,0.957,beauty,South,25.0,0.0791
BEA-1030,4 weeks,2025-01-20,3,0,36.9,46.6,0.885,beauty,West,25.0,0.0791
BEA-1031,4 weeks,2025-01-20,3,0,59.3,70.1,0.997,beauty,South,25.0,0.0791
BEA-1032,4 weeks,2025-01-20,3,0,66.0,76.4,0.955,beauty,North,25.0,0.0791
BEA-1037,4 weeks,2025-01-20,3,0,30.4,38.3,0.924,beauty,Central,25.0,0.0791
BOO-1000,4 weeks,2025-01-20,3,0,17.0,23.0,0.832,books_media,North,20.0,0.0494
BOO-1001,4 weeks,2025-01-20,3,0,25.6,30.5,1.064,books_media,East,20.0,0.0494
BOO-1002,4 weeks,2025-01-20,3,0,18.1,24.5,0.9,books_media,Central,20.0,0.0494
BOO-1004,4 weeks,2025-01-20,3,0,30.0,37.7,1.048,books_media,South,20.0,0.0494
BOO-1005,4 weeks,2025-01-20,3,0,30.9,37.4,1.049,books_media,Central,20.0,0.0494
BOO-1006,4 weeks,2025-01-20,3,0,29.1,36.4,1.092,books_media,South,20.0,0.0494
BOO-1007,4 weeks,2025-01-20,3,0,14.2,19.7,1.073,books_media,West,20.0,0.0494
BOO-1008,4 weeks,2025-01-20,3,0,27.8,34.3,1.142,books_media,Central,20.0,0.0494
BOO-1011,4 weeks,2025-01-20,3,0,34.0,43.0,1.073,books_media,South,20.0,0.0494
BOO-1016,4 weeks,2025-01-20,3,0,16.2,21.7,1.1,books_media,North,20.0,0.0494
BOO-1018,4 weeks,2025-01-20,3,0,9.9,14.9,1.049,books_media,South,20.0,0.0494
BOO-1022,4 weeks,2025-01-20,3,0,9.3,13.6,1.171,books_media,Central,20.0,0.0494
BOO-1023,4 weeks,2025-01-20,3,0,20.4,26.3,0.995,books_media,North,20.0,0.0494
BOO-1024,4 weeks,2025-01-20,3,0,13.6,18.6,1.038,books_media,East,20.0,0.0494
BOO-1025,4 weeks,2025-01-20,3,0,36.9,48.0,1.036,books_media,Central,20.0,0.0494
BOO-1026,4 weeks,2025-01-20,3,0,5.9,9.6,1.115,books_media,West,20.0,0.0494
BOO-1027,4 weeks,2025-01-20,3,0,4.7,7.9,0.644,books_media,North,20.0,0.0494
BOO-1029,4 weeks,2025-01-20,3,0,27.4,34.5,1.078,books_media,East,20.0,0.0494
BOO-1031,4 weeks,2025-01-20,3,0,33.0,42.4,0.908,books_media,West,20.0,0.0494
BOO-1033,4 weeks,2025-01-20,3,0,6.2,9.6,1.222,books_media,East,20.0,0.0494
BOO-1034,4 weeks,2025-01-20,3,0,22.9,29.5,0.972,books_media,South,20.0,0.0494
BOO-1038,4 weeks,2025-01-20,3,0,36.2,45.5,1.057,books_media,North,20.0,0.0494
ELE-1002,4 weeks,2025-01-20,3,0,58.2,70.3,0.935,electronics,South,180.0,0.0888
ELE-1005,4 weeks,2025-01-20,3,0,15.2,20.5,1.057,electronics,West,180.0,0.0888
ELE-1006,4 weeks,2025-01-20,3,0,83.4,94.5,0.964,electronics,North,180.0,0.0888
ELE-1011,4 weeks,2025-01-20,3,0,14.9,19.6,1.135,electronics,Central,180.0,0.0888
ELE-1012,4 weeks,2025-01-20,3,0,25.7,31.3,0.958,electronics,South,180.0,0.0888
ELE-1013,4 weeks,2025-01-20,3,0,17.4,22.2,0.919,electronics,East,180.0,0.0888
ELE-1014,4 weeks,2025-01-20,3,0,13.3,17.6,0.918,electronics,North,180.0,0.0888
ELE-1017,4 weeks,2025-01-20,3,0,61.0,76.7,0.824,electronics,South,180.0,0.0888
ELE-1018,4 weeks,2025-01-20,3,0,26.9,32.9,1.031,electronics,East,180.0,0.0888
ELE-1022,4 weeks,2025-01-20,3,0,29.0,35.6,0.939,electronics,East,180.0,0.0888
ELE-1023,4 weeks,2025-01-20,3,0,53.0,63.2,1.015,electronics,North,180.0,0.0888
ELE-1024,4 weeks,2025-01-20,3,0,26.4,33.9,0.846,electronics,Central,180.0,0.0888
ELE-1026,4 weeks,2025-01-20,3,0,23.3,28.7,0.913,electronics,Central,180.0,0.0888
ELE-1027,4 weeks,2025-01-20,3,0,29.6,36.0,1.063,electronics,North,180.0,0.0888
ELE-1029,4 weeks,2025-01-20,3,0,60.5,73.2,0.971,electronics,North,180.0,0.0888
ELE-1031,4 weeks,2025-01-20,3,0,67.9,82.2,1.119,electronics,South,180.0,0.0888
ELE-1035,4 weeks,2025-01-20,3,0,31.5,38.4,1.088,electronics,East,180.0,0.0888
ELE-1036,4 weeks,2025-01-20,3,0,36.6,44.1,1.131,electronics,North,180.0,0.0888
ELE-1038,4 weeks,2025-01-20,3,0,62.0,75.4,1.104,electronics,South,180.0,0.0888
GRO-1000,4 weeks,2025-01-20,3,0,84.2,95.6,1.024,grocery,North,15.0,0.0201
GRO-1002,4 weeks,2025-01-20,3,0,92.2,106.7,0.936,grocery,North,15.0,0.0201
GRO-1004,4 weeks,2025-01-20,3,0,162.8,185.3,0.949,grocery,North,15.0,0.0201
GRO-1005,4 weeks,2025-01-20,3,0,128.1,143.2,0.983,grocery,East,15.0,0.0201
GRO-1006,4 weeks,2025-01-20,3,0,60.5,72.2,1.012,grocery,West,15.0,0.0201
GRO-1007,4 weeks,2025-01-20,3,0,113.4,127.4,0.978,grocery,South,15.0,0.0201
GRO-1009,4 weeks,2025-01-20,3,0,26.2,32.9,0.956,grocery,West,15.0,0.0201
GRO-1012,4 weeks,2025-01-20,3,0,167.1,186.2,0.991,grocery,North,15.0,0.0201
GRO-1015,4 weeks,2025-01-20,3,0,59.2,71.7,0.963,grocery,North,15.0,0.0201
GRO-1016,4 weeks,2025-01-20,3,0,72.1,83.7,0.96,grocery,North,15.0,0.0201
GRO-1017,4 weeks,2025-01-20,3,0,86.0,99.4,0.94,grocery,South,15.0,0.0201
GRO-1024,4 weeks,2025-01-20,3,0,58.2,69.8,1.025,grocery,South,15.0,0.0201
GRO-1025,4 weeks,2025-01-20,3,0,96.4,112.5,0.93,grocery,Central,15.0,0.0201
GRO-1027,4 weeks,2025-01-20,3,0,57.0,68.2,0.942,grocery,West,15.0,0.0201
GRO-1028,4 weeks,2025-01-20,3,0,108.9,122.7,0.975,grocery,North,15.0,0.0201
GRO-1030,4 weeks,2025-01-20,3,0,75.0,88.3,0.97,grocery,West,15.0,0.0201
GRO-1034,4 weeks,2025-01-20,3,0,80.4,92.4,1.046,grocery,North,15.0,0.0201
GRO-1038,4 weeks,2025-01-20,3,0,43.5,52.8,1.008,grocery,West,15.0,0.0201
HOM-1001,4 weeks,2025-01-20,3,0,84.4,100.1,0.954,home_kitchen,Central,60.0,0.0981
HOM-1003,4 weeks,2025-01-20,3,0,22.1,28.3,1.035,home_kitchen,East,60.0,0.0981
HOM-1006,4 weeks,2025-01-20,3,0,25.7,33.5,0.934,home_kitchen,West,60.0,0.0981
HOM-1010,4 weeks,2025-01-20,3,0,23.4,30.7,0.997,home_kitchen,West,60.0,0.0981
HOM-1011,4 weeks,2025-01-20,3,0,62.1,79.6,0.924,home_kitchen,West,60.0,0.0981
HOM-1013,4 weeks,2025-01-20,3,0,41.6,51.8,1.02,home_kitchen,East,60.0,0.0981
HOM-1015,4 weeks,2025-01-20,3,0,22.2,30.5,0.87,home_kitchen,South,60.0,0.0981
HOM-1017,4 weeks,2025-01-20,3,0,48.9,60.4,0.97,home_kitchen,West,60.0,0.0981
HOM-1019,4 weeks,2025-01-20,3,0,66.0,82.6,0.956,home_kitchen,East,60.0,0.0981
HOM-1022,4 weeks,2025-01-20,3,0,86.2,100.1,0.992,home_kitchen,Central,60.0,0.0981
HOM-1024,4 weeks,2025-01-20,3,0,9.0,14.2,1.002,home_kitchen,Central,60.0,0.0981
HOM-1030,4 weeks,2025-01-20,3,0,28.3,41.8,0.812,home_kitchen,South,60.0,0.0981
HOM-1032,4 weeks,2025-01-20,3,0,34.9,43.6,1.002,home_kitchen,East,60.0,0.0981
HOM-1035,4 weeks,2025-01-20,3,0,31.4,40.7,0.974,home_kitchen,South,60.0,0.0981
HOM-1036,4 weeks,2025-01-20,3,0,67.0,80.9,0.979,home_kitchen,West,60.0,0.0981
HOM-1037,4 weeks,2025-01-20,3,0,49.9,62.3,0.917,home_kitchen,West,60.0,0.0981
HOM-1038,4 weeks,2025-01-20,3,0,23.9,32.4,0.888,home_kitchen,North,60.0,0.0981
HOM-1039,4 weeks,2025-01-20,3,0,35.3,46.3,0.956,home_kitchen,North,60.0,0.0981
SPO-1001,4 weeks,2025-01-20,3,0,43.3,51.7,0.936,sports_outdoor,East,70.0,0.1196
SPO-1003,4 weeks,2025-01-20,3,0,46.1,54.8,0.942,sports_outdoor,North,70.0,0.1196
SPO-1004,4 weeks,2025-01-20,3,0,23.9,29.9,0.964,sports_outdoor,North,70.0,0.1196
SPO-1005,4 weeks,2025-01-20,3,0,21.7,27.3,1.193,sports_outdoor,Central,70.0,0.1196
SPO-1007,4 weeks,2025-01-20,3,0,35.4,43.6,1.034,sports_outdoor,North,70.0,0.1196
SPO-1008,4 weeks,2025-01-20,3,0,22.4,27.8,1.018,sports_outdoor,South,70.0,0.1196
SPO-1009,4 weeks,2025-01-20,3,0,17.0,22.1,1.021,sports_outdoor,North,70.0,0.1196
SPO-1012,4 weeks,2025-01-20,3,0,29.8,37.5,1.061,sports_outdoor,North,70.0,0.1196
SPO-1014,4 weeks,2025-01-20,3,0,21.8,27.3,1.056,sports_outdoor,Central,70.0,0.1196
SPO-1019,4 weeks,2025-01-20,3,0,39.5,49.0,0.948,sports_outdoor,West,70.0,0.1196
SPO-1021,4 weeks,2025-01-20,3,0,9.7,13.2,0.915,sports_outdoor,South,70.0,0.1196
SPO-1024,4 weeks,2025-01-20,3,0,59.0,69.1,1.039,sports_outdoor,Central,70.0,0.1196
SPO-1026,4 weeks,2025-01-20,3,0,11.8,16.2,0.972,sports_outdoor,West,70.0,0.1196
SPO-1029,4 weeks,2025-01-20,3,0,36.6,44.8,1.149,sports_outdoor,South,70.0,0.1196
SPO-1030,4 weeks,2025-01-20,3,0,15.5,19.4,1.067,sports_outdoor,East,70.0,0.1196
SPO-1032,4 weeks,2025-01-20,3,0,15.4,19.5,0.975,sports_outdoor,Central,70.0,0.1196
SPO-1034,4 weeks,2025-01-20,3,0,38.9,47.3,1.075,sports_outdoor,North,70.0,0.1196
SPO-1035,4 weeks,2025-01-20,3,0,49.1,61.4,1.045,sports_outdoor,West,70.0,0.1196
SPO-1036,4 weeks,2025-01-20,3,0,25.9,33.0,1.026,sports_outdoor,East,70.0,0.1196
SPO-1039,4 weeks,2025-01-20,3,0,28.0,36.1,1.061,sports_outdoor,Central,70.0,0.1196
TOY-1002,4 weeks,2025-01-20,3,0,25.7,32.5,0.963,toys_games,East,35.0,0.0707
TOY-1010,4 weeks,2025-01-20,3,0,26.5,33.4,1.036,toys_games,Central,35.0,0.0707
TOY-1011,4 weeks,2025-01-20,3,0,8.1,12.9,1.106,toys_games,South,35.0,0.0707
TOY-1013,4 weeks,2025-01-20,3,0,36.2,44.9,0.96,toys_games,East,35.0,0.0707
TOY-1018,4 weeks,2025-01-20,3,0,42.0,51.1,0.981,toys_games,East,35.0,0.0707
TOY-1019,4 weeks,2025-01-20,3,0,13.9,19.4,0.982,toys_games,Central,35.0,0.0707
TOY-1020,4 weeks,2025-01-20,3,0,20.3,26.9,1.027,toys_games,South,35.0,0.0707
TOY-1021,4 weeks,2025-01-20,3,0,60.7,74.5,0.913,toys_games,North,35.0,0.0707
TOY-1024,4 weeks,2025-01-20,3,0,25.2,33.5,0.847,toys_games,South,35.0,0.0707
TOY-1025,4 weeks,2025-01-20,3,0,11.5,16.9,0.83,toys_games,West,35.0,0.0707
TOY-1030,4 weeks,2025-01-20,3,0,16.9,22.9,0.993,toys_games,South,35.0,0.0707
TOY-1031,4 weeks,2025-01-20,3,0,13.3,18.9,0.829,toys_games,South,35.0,0.0707
TOY-1034,4 weeks,2025-01-20,3,0,67.5,81.2,1.001,toys_games,North,35.0,0.0707
TOY-1035,4 weeks,2025-01-20,3,0,46.8,57.9,0.979,toys_games,East,35.0,0.0707
TOY-1038,4 weeks,2025-01-20,3,0,30.1,37.5,1.089,toys_games,South,35.0,0.0707
APP-1000,4 weeks,2025-01-27,4,0,57.1,68.8,1.108,apparel,West,45.0,0.2808
APP-1001,4 weeks,2025-01-27,4,0,73.1,83.7,1.011,apparel,East,45.0,0.2808
APP-1002,4 weeks,2025-01-27,4,0,68.9,80.3,0.926,apparel,North,45.0,0.2808
APP-1004,4 weeks,2025-01-27,4,0,123.9,142.5,0.898,apparel,Central,45.0,0.2808
APP-1006,4 weeks,2025-01-27,4,0,61.4,73.5,0.95,apparel,West,45.0,0.2808
APP-1008,4 weeks,2025-01-27,4,0,88.4,103.7,0.895,apparel,South,45.0,0.2808
APP-1009,4 weeks,2025-01-27,4,0,26.0,33.9,0.851,apparel,North,45.0,0.2808
APP-1012,4 weeks,2025-01-27,4,0,113.9,128.6,0.954,apparel,North,45.0,0.2808
APP-1016,4 weeks,2025-01-27,4,0,37.6,46.2,0.9,apparel,West,45.0,0.2808
APP-1018,4 weeks,2025-01-27,4,0,26.5,32.5,1.001,apparel,East,45.0,0.2808
APP-1019,4 weeks,2025-01-27,4,0,105.9,114.3,1.033,apparel,Central,45.0,0.2808
APP-1020,4 weeks,2025-01-27,4,0,69.7,83.1,0.862,apparel,South,45.0,0.2808
APP-1022,4 weeks,2025-01-27,4,0,73.6,84.5,0.885,apparel,South,45.0,0.2808
APP-1023,4 weeks,2025-01-27,4,0,33.0,40.3,0.924,apparel,West,45.0,0.2808
APP-1025,4 weeks,2025-01-27,4,0,128.6,146.6,0.905,apparel,Central,45.0,0.2808
APP-1027,4 weeks,2025-01-27,4,0,54.7,66.0,0.854,apparel,South,45.0,0.2808
APP-1028,4 weeks,2025-01-27,4,0,63.7,76.0,0.851,apparel,North,45.0,0.2808
APP-1029,4 weeks,2025-01-27,4,0,86.7,98.8,0.889,apparel,North,45.0,0.2808
APP-1031,4 weeks,2025-01-27,4,0,14.0,18.8,0.918,apparel,Central,45.0,0.2808
APP-1032,4 weeks,2025-01-27,4,0,87.4,99.5,0.887,apparel,East,45.0,0.2808
APP-1034,4 weeks,2025-01-27,4,0,40.0,47.2,0.89,apparel,North,45.0,0.2808
APP-1037,4 weeks,2025-01-27,4,0,46.2,55.2,0.955,apparel,Central,45.0,0.2808
APP-1038,4 weeks,2025-01-27,4,0,22.5,28.4,0.929,apparel,North,45.0,0.2808
BEA-1004,4 weeks,2025-01-27,4,0,62.5,74.9,0.968,beauty,West,25.0,0.0791
BEA-1006,4 weeks,2025-01-27,4,0,65.2,76.9,0.93,beauty,West,25.0,0.0791
BEA-1007,4 weeks,2025-01-27,4,0,45.0,55.8,0.87,beauty,South,25.0,0.0791
BEA-1009,4 weeks,2025-01-27,4,0,52.8,62.9,0.909,beauty,East,25.0,0.0791
BEA-1011,4 weeks,2025-01-27,4,0,31.4,40.6,0.904,beauty,North,25.0,0.0791
BEA-1012,4 weeks,2025-01-27,4,0,65.7,75.4,1.062,beauty,Central,25.0,0.0791
BEA-1013,4 weeks,2025-01-27,4,0,50.0,61.1,0.914,beauty,West,25.0,0.0791
BEA-1014,4 weeks,2025-01-27,4,0,66.7,78.9,0.903,beauty,West,25.0,0.0791
BEA-1016,4 weeks,2025-01-27,4,0,37.4,46.8,0.903,beauty,East,25.0,0.0791
BEA-1017,4 weeks,2025-01-27,4,0,36.6,44.3,0.967,beauty,East,25.0,0.0791
BEA-1018,4 weeks,2025-01-27,4,0,30.4,44.2,0.807,beauty,North,25.0,0.0791
BEA-1019,4 weeks,2025-01-27,4,0,28.5,38.1,0.858,beauty,North,25.0,0.0791
BEA-1020,4 weeks,2025-01-27,4,0,43.8,55.2,0.877,beauty,South,25.0,0.0791
BEA-1021,4 weeks,2025-01-27,4,0,14.2,19.9,0.852,beauty,Central,25.0,0.0791
BEA-1024,4 weeks,2025-01-27,4,0,72.0,84.7,0.923,beauty,South,25.0,0.0791
BEA-1025,4 weeks,2025-01-27,4,0,23.2,30.1,0.91,beauty,West,25.0,0.0791
BEA-1027,4 weeks,2025-01-27,4,0,43.2,54.1,0.904,beauty,Central,25.0,0.0791
BEA-1028,4 weeks,2025-01-27,4,0,29.3,37.1,0.957,beauty,South,25.0,0.0791
BEA-1030,4 weeks,2025-01-27,4,0,35.5,45.3,0.885,beauty,West,25.0,0.0791
BEA-1031,4 weeks,2025-01-27,4,0,57.3,68.2,0.997,beauty,South,25.0,0.0791
BEA-1032,4 weeks,2025-01-27,4,0,63.6,76.3,0.955,beauty,North,25.0,0.0791
BEA-1037,4 weeks,2025-01-27,4,0,29.2,37.6,0.924,beauty,Central,25.0,0.0791
BOO-1000,4 weeks,2025-01-27,4,0,17.0,23.0,0.832,books_media,North,20.0,0.0494
BOO-1001,4 weeks,2025-01-27,4,0,25.7,30.6,1.064,books_media,East,20.0,0.0494
BOO-1002,4 weeks,2025-01-27,4,0,18.0,24.5,0.9,books_media,Central,20.0,0.0494
BOO-1004,4 weeks,2025-01-27,4,0,29.9,37.7,1.048,books_media,South,20.0,0.0494
BOO-1005,4 weeks,2025-01-27,4,0,30.8,37.8,1.049,books_media,Central,20.0,0.0494
BOO-1006,4 weeks,2025-01-27,4,0,29.0,36.3,1.092,books_media,South,20.0,0.0494
BOO-1007,4 weeks,2025-01-27,4,0,14.2,19.9,1.073,books_media,West,20.0,0.0494
BOO-1008,4 weeks,2025-01-27,4,0,27.8,34.2,1.142,books_media,Central,20.0,0.0494
BOO-1011,4 weeks,2025-01-27,4,0,33.9,42.8,1.073,books_media,South,20.0,0.0494
BOO-1016,4 weeks,2025-01-27,4,0,16.2,21.7,1.1,books_media,North,20.0,0.0494
BOO-1018,4 weeks,2025-01-27,4,0,9.9,14.9,1.049,books_media,South,20.0,0.0494
BOO-1022,4 weeks,2025-01-27,4,0,9.5,14.4,1.171,books_media,Central,20.0,0.0494
BOO-1023,4 weeks,2025-01-27,4,0,20.5,26.0,0.995,books_media,North,20.0,0.0494
BOO-1024,4 weeks,2025-01-27,4,0,13.5,18.6,1.038,books_media,East,20.0,0.0494
BOO-1025,4 weeks,2025-01-27,4,0,36.8,48.2,1.036,books_media,Central,20.0,0.0494
BOO-1026,4 weeks,2025-01-27,4,0,5.3,9.0,1.115,books_media,West,20.0,0.0494
BOO-1027,4 weeks,2025-01-27,4,0,4.4,7.8,0.644,books_media,North,20.0,0.0494
BOO-1029,4 weeks,2025-01-27,4,0,27.3,34.5,1.078,books_media,East,20.0,0.0494
BOO-1031,4 weeks,2025-01-27,4,0,32.8,42.3,0.908,books_media,West,20.0,0.0494
BOO-1033,4 weeks,2025-01-27,4,0,6.1,9.6,1.222,books_media,East,20.0,0.0494
BOO-1034,4 weeks,2025-01-27,4,0,23.0,29.4,0.972,books_media,South,20.0,0.0494
BOO-1038,4 weeks,2025-01-27,4,0,36.1,45.5,1.057,books_media,North,20.0,0.0494
ELE-1002,4 weeks,2025-01-27,4,0,53.6,67.1,0.935,electronics,South,180.0,0.0888
ELE-1005,4 weeks,2025-01-27,4,0,14.0,19.8,1.057,electronics,West,180.0,0.0888
ELE-1006,4 weeks,2025-01-27,4,0,77.0,89.0,0.964,electronics,North,180.0,0.0888
ELE-1011,4 weeks,2025-01-27,4,0,13.7,19.7,1.135,electronics,Central,180.0,0.0888
ELE-1012,4 weeks,2025-01-27,4,0,23.8,29.9,0.958,electronics,South,180.0,0.0888
ELE-1013,4 weeks,2025-01-27,4,0,16.1,21.4,0.919,electronics,East,180.0,0.0888
ELE-1014,4 weeks,2025-01-27,4,0,12.2,17.4,0.918,electronics,North,180.0,0.0888
ELE-1017,4 weeks,2025-01-27,4,0,57.6,73.0,0.824,electronics,South,180.0,0.0888
ELE-1018,4 weeks,2025-01-27,4,0,24.7,31.3,1.031,electronics,East,180.0,0.0888
ELE-1022,4 weeks,2025-01-27,4,0,26.8,34.2,0.939,electronics,East,180.0,0.0888
ELE-1023,4 weeks,2025-01-27,4,0,48.7,59.3,1.015,electronics,North,180.0,0.0888
ELE-1024,4 weeks,2025-01-27,4,0,24.7,32.5,0.846,electronics,Central,180.0,0.0888
ELE-1026,4 weeks,2025-01-27,4,0,21.6,27.8,0.913,electronics,Central,180.0,0.0888
ELE-1027,4 weeks,2025-01-27,4,0,27.4,34.5,1.063,electronics,North,180.0,0.0888
ELE-1029,4 weeks,2025-01-27,4,0,55.7,70.3,0.971,electronics,North,180.0,0.0888
ELE-1031,4 weeks,2025-01-27,4,0,62.9,78.7,1.119,electronics,South,180.0,0.0888
ELE-1035,4 weeks,2025-01-27,4,0,29.2,37.0,1.088,electronics,East,180.0,0.0888
ELE-1036,4 weeks,2025-01-27,4,0,33.7,42.8,1.131,electronics,North,180.0,0.0888
ELE-1038,4 weeks,2025-01-27,4,0,57.3,71.4,1.104,electronics,South,180.0,0.0888
GRO-1000,4 weeks,2025-01-27,4,0,83.2,95.8,1.024,grocery,North,15.0,0.0201
GRO-1002,4 weeks,2025-01-27,4,0,90.8,106.4,0.936,grocery,North,15.0,0.0201
GRO-1004,4 weeks,2025-01-27,4,0,160.5,187.0,0.949,grocery,North,15.0,0.0201
GRO-1005,4 weeks,2025-01-27,4,0,126.2,143.2,0.983,grocery,East,15.0,0.0201
GRO-1006,4 weeks,2025-01-27,4,0,59.8,71.3,1.012,grocery,West,15.0,0.0201
GRO-1007,4 weeks,2025-01-27,4,0,111.7,127.7,0.978,grocery,South,15.0,0.0201
GRO-1009,4 weeks,2025-01-27,4,0,25.8,33.0,0.956,grocery,West,15.0,0.0201
GRO-1012,4 weeks,2025-01-27,4,0,165.0,186.5,0.991,grocery,North,15.0,0.0201
GRO-1015,4 weeks,2025-01-27,4,0,58.3,71.9,0.963,grocery,North,15.0,0.0201
GRO-1016,4 weeks,2025-01-27,4,0,71.1,84.3,0.96,grocery,North,15.0,0.0201
GRO-1017,4 weeks,2025-01-27,4,0,84.7,99.3,0.94,grocery,South,15.0,0.0201
GRO-1024,4 weeks,2025-01-27,4,0,57.4,69.9,1.025,grocery,South,15.0,0.0201
GRO-1025,4 weeks,2025-01-27,4,0,95.0,112.8,0.93,grocery,Central,15.0,0.0201
GRO-1027,4 weeks,2025-01-27,4,0,56.3,68.3,0.942,grocery,West,15.0,0.0201
GRO-1028,4 weeks,2025-01-27,4,0,107.3,124.7,0.975,grocery,North,15.0,0.0201
GRO-1030,4 weeks,2025-01-27,4,0,73.8,88.4,0.97,grocery,West,15.0,0.0201
GRO-1034,4 weeks,2025-01-27,4,0,79.5,92.4,1.046,grocery,North,15.0,0.0201
GRO-1038,4 weeks,2025-01-27,4,0,43.0,53.0,1.008,grocery,West,15.0,0.0201
HOM-1001,4 weeks,2025-01-27,4,0,84.7,100.9,0.954,home_kitchen,Central,60.0,0.0981
HOM-1003,4 weeks,2025-01-27,4,0,21.9,28.5,1.035,home_kitchen,East,60.0,0.0981
HOM-1006,4 weeks,2025-01-27,4,0,25.7,33.7,0.934,home_kitchen,West,60.0,0.0981
HOM-1010,4 weeks,2025-01-27,4,0,23.5,30.9,0.997,home_kitchen,West,60.0,0.0981
HOM-1011,4 weeks,2025-01-27,4,0,62.2,77.9,0.924,home_kitchen,West,60.0,0.0981
HOM-1013,4 weeks,2025-01-27,4,0,41.8,52.3,1.02,home_kitchen,East,60.0,0.0981
HOM-1015,4 weeks,2025-01-27,4,0,22.3,30.6,0.87,home_kitchen,South,60.0,0.0981
HOM-1017,4 weeks,2025-01-27,4,0,48.9,61.5,0.97,home_kitchen,West,60.0,0.0981
HOM-1019,4 weeks,2025-01-27,4,0,66.2,83.3,0.956,home_kitchen,East,60.0,0.0981
HOM-1022,4 weeks,2025-01-27,4,0,86.6,100.9,0.992,home_kitchen,Central,60.0,0.0981
HOM-1024,4 weeks,2025-01-27,4,0,9.1,14.9,1.002,home_kitchen,Central,60.0,0.0981
HOM-1030,4 weeks,2025-01-27,4,0,28.3,41.6,0.812,home_kitchen,South,60.0,0.0981
HOM-1032,4 weeks,2025-01-27,4,0,35.1,44.3,1.002,home_kitchen,East,60.0,0.0981
HOM-1035,4 weeks,2025-01-27,4,0,31.3,40.6,0.974,home_kitchen,South,60.0,0.0981
HOM-1036,4 weeks,2025-01-27,4,0,67.2,81.6,0.979,home_kitchen,West,60.0,0.0981
HOM-1037,4 weeks,2025-01-27,4,0,50.1,63.4,0.917,home_kitchen,West,60.0,0.0981
HOM-1038,4 weeks,2025-01-27,4,0,24.0,32.6,0.888,home_kitchen,North,60.0,0.0981
HOM-1039,4 weeks,2025-01-27,4,0,35.4,46.5,0.956,home_kitchen,North,60.0,0.0981
SPO-1001,4 weeks,2025-01-27,4,0,43.1,51.5,0.936,sports_outdoor,East,70.0,0.1196
SPO-1003,4 weeks,2025-01-27,4,0,45.9,54.9,0.942,sports_outdoor,North,70.0,0.1196
SPO-1004,4 weeks,2025-01-27,4,0,23.6,29.8,0.964,sports_outdoor,North,70.0,0.1196
SPO-1005,4 weeks,2025-01-27,4,0,21.7,27.7,1.193,sports_outdoor,Central,70.0,0.1196
SPO-1007,4 weeks,2025-01-27,4,0,35.2,43.6,1.034,sports_outdoor,North,70.0,0.1196
SPO-1008,4 weeks,2025-01-27,4,0,22.3,27.8,1.018,sports_outdoor,South,70.0,0.1196
SPO-1009,4 weeks,2025-01-27,4,0,17.1,22.4,1.021,sports_outdoor,North,70.0,0.1196
SPO-1012,4 weeks,2025-01-27,4,0,29.7,37.3,1.061,sports_outdoor,North,70.0,0.1196
SPO-1014,4 weeks,2025-01-27,4,0,21.7,27.3,1.056,sports_outdoor,Central,70.0,0.1196
SPO-1019,4 weeks,2025-01-27,4,0,39.3,48.6,0.948,sports_outdoor,West,70.0,0.1196
SPO-1021,4 weeks,2025-01-27,4,0,9.7,13.7,0.915,sports_outdoor,South,70.0,0.1196
SPO-1024,4 weeks,2025-01-27,4,0,58.8,68.6,1.039,sports_outdoor,Central,70.0,0.1196
SPO-1026,4 weeks,2025-01-27,4,0,11.8,16.5,0.972,sports_outdoor,West,70.0,0.1196
SPO-1029,4 weeks,2025-01-27,4,0,36.5,45.0,1.149,sports_outdoor,South,70.0,0.1196
SPO-1030,4 weeks,2025-01-27,4,0,15.5,19.4,1.067,sports_outdoor,East,70.0,0.1196
SPO-1032,4 weeks,2025-01-27,4,0,15.6,19.9,0.975,sports_outdoor,Central,70.0,0.1196
SPO-1034,4 weeks,2025-01-27,4,0,38.5,47.4,1.075,sports_outdoor,North,70.0,0.1196
SPO-1035,4 weeks,2025-01-27,4,0,48.9,60.7,1.045,sports_outdoor,West,70.0,0.1196
SPO-1036,4 weeks,2025-01-27,4,0,25.8,32.9,1.026,sports_outdoor,East,70.0,0.1196
SPO-1039,4 weeks,2025-01-27,4,0,27.9,36.0,1.061,sports_outdoor,Central,70.0,0.1196
TOY-1002,4 weeks,2025-01-27,4,0,25.7,33.4,0.963,toys_games,East,35.0,0.0707
TOY-1010,4 weeks,2025-01-27,4,0,26.4,34.3,1.036,toys_games,Central,35.0,0.0707
TOY-1011,4 weeks,2025-01-27,4,0,7.9,12.5,1.106,toys_games,South,35.0,0.0707
TOY-1013,4 weeks,2025-01-27,4,0,36.0,45.2,0.96,toys_games,East,35.0,0.0707
TOY-1018,4 weeks,2025-01-27,4,0,41.7,51.0,0.981,toys_games,East,35.0,0.0707
TOY-1019,4 weeks,2025-01-27,4,0,14.1,19.5,0.982,toys_games,Central,35.0,0.0707
TOY-1020,4 weeks,2025-01-27,4,0,20.5,27.1,1.027,toys_games,South,35.0,0.0707
TOY-1021,4 weeks,2025-01-27,4,0,60.8,73.8,0.913,toys_games,North,35.0,0.0707
TOY-1024,4 weeks,2025-01-27,4,0,25.2,34.1,0.847,toys_games,South,35.0,0.0707
TOY-1025,4 weeks,2025-01-27,4,0,11.5,17.5,0.83,toys_games,West,35.0,0.0707
TOY-1030,4 weeks,2025-01-27,4,0,16.9,22.9,0.993,toys_games,South,35.0,0.0707
TOY-1031,4 weeks,2025-01-27,4,0,13.2,19.3,0.829,toys_games,South,35.0,0.0707
TOY-1034,4 weeks,2025-01-27,4,0,67.7,82.3,1.001,toys_games,North,35.0,0.0707
TOY-1035,4 weeks,2025-01-27,4,0,46.8,58.9,0.979,toys_games,East,35.0,0.0707
TOY-1038,4 weeks,2025-01-27,4,0,30.2,38.0,1.089,toys_games,South,35.0,0.0707
APP-1000,4 weeks,2025-01-06,1,1,78.6,89.7,1.108,apparel,West,45.0,0.2808
APP-1001,4 weeks,2025-01-06,1,1,99.9,109.0,1.011,apparel,East,45.0,0.2808
APP-1002,4 weeks,2025-01-06,1,1,95.8,102.4,0.926,apparel,North,45.0,0.2808
APP-1004,4 weeks,2025-01-06,1,1,170.5,184.2,0.898,apparel,Central,45.0,0.2808
APP-1006,4 weeks,2025-01-06,1,1,85.6,93.4,0.95,apparel,West,45.0,0.2808
APP-1008,4 weeks,2025-01-06,1,1,121.4,130.8,0.895,apparel,South,45.0,0.2808
APP-1009,4 weeks,2025-01-06,1,1,36.4,43.9,0.851,apparel,North,45.0,0.2808
APP-1012,4 weeks,2025-01-06,1,1,156.5,172.1,0.954,apparel,North,45.0,0.2808
APP-1016,4 weeks,2025-01-06,1,1,52.1,59.8,0.9,apparel,West,45.0,0.2808
APP-1018,4 weeks,2025-01-06,1,1,36.4,42.4,1.001,apparel,East,45.0,0.2808
APP-1019,4 weeks,2025-01-06,1,1,144.1,152.5,1.033,apparel,Central,45.0,0.2808
APP-1020,4 weeks,2025-01-06,1,1,97.3,107.1,0.862,apparel,South,45.0,0.2808
APP-1022,4 weeks,2025-01-06,1,1,100.6,109.7,0.885,apparel,South,45.0,0.2808
APP-1023,4 weeks,2025-01-06,1,1,45.8,51.9,0.924,apparel,West,45.0,0.2808
APP-1025,4 weeks,2025-01-06,1,1,177.3,190.3,0.905,apparel,Central,45.0,0.2808
APP-1027,4 weeks,2025-01-06,1,1,74.2,85.1,0.854,apparel,South,45.0,0.2808
APP-1028,4 weeks,2025-01-06,1,1,89.7,98.0,0.851,apparel,North,45.0,0.2808
APP-1029,4 weeks,2025-01-06,1,1,120.3,130.5,0.889,apparel,North,45.0,0.2808
APP-1031,4 weeks,2025-01-06,1,1,19.2,23.0,0.918,apparel,Central,45.0,0.2808
APP-1032,4 weeks,2025-01-06,1,1,121.9,127.4,0.887,apparel,East,45.0,0.2808
APP-1034,4 weeks,2025-01-06,1,1,56.2,63.2,0.89,apparel,North,45.0,0.2808
APP-1037,4 weeks,2025-01-06,1,1,65.5,75.7,0.955,apparel,Central,45.0,0.2808
APP-1038,4 weeks,2025-01-06,1,1,29.8,36.1,0.929,apparel,North,45.0,0.2808
BEA-1004,4 weeks,2025-01-06,1,1,81.7,89.5,0.968,beauty,West,25.0,0.0791
BEA-1006,4 weeks,2025-01-06,1,1,84.9,91.4,0.93,beauty,West,25.0,0.0791
BEA-1007,4 weeks,2025-01-06,1,1,60.5,68.5,0.87,beauty,South,25.0,0.0791
BEA-1009,4 weeks,2025-01-06,1,1,67.9,74.4,0.909,beauty,East,25.0,0.0791
BEA-1011,4 weeks,2025-01-06,1,1,44.0,49.3,0.904,beauty,North,25.0,0.0791
BEA-1012,4 weeks,2025-01-06,1,1,83.3,89.3,1.062,beauty,Central,25.0,0.0791
BEA-1013,4 weeks,2025-01-06,1,1,65.1,72.0,0.914,beauty,West,25.0,0.0791
BEA-1014,4 weeks,2025-01-06,1,1,85.6,93.8,0.903,beauty,West,25.0,0.0791
BEA-1016,4 weeks,2025-01-06,1,1,50.3,58.2,0.903,beauty,East,25.0,0.0791
BEA-1017,4 weeks,2025-01-06,1,1,48.6,55.7,0.967,beauty,East,25.0,0.0791
BEA-1018,4 weeks,2025-01-06,1,1,43.0,54.7,0.807,beauty,North,25.0,0.0791
BEA-1019,4 weeks,2025-01-06,1,1,36.3,46.5,0.858,beauty,North,25.0,0.0791
BEA-1020,4 weeks,2025-01-06,1,1,58.9,67.7,0.877,beauty,South,25.0,0.0791
BEA-1021,4 weeks,2025-01-06,1,1,17.8,24.7,0.852,beauty,Central,25.0,0.0791
BEA-1024,4 weeks,2025-01-06,1,1,91.5,100.4,0.923,beauty,South,25.0,0.0791
BEA-1025,4 weeks,2025-01-06,1,1,31.5,36.5,0.91,beauty,West,25.0,0.0791
BEA-1027,4 weeks,2025-01-06,1,1,56.1,66.7,0.904,beauty,Central,25.0,0.0791
BEA-1028,4 weeks,2025-01-06,1,1,37.1,44.6,0.957,beauty,South,25.0,0.0791
BEA-1030,4 weeks,2025-01-06,1,1,46.6,56.6,0.885,beauty,West,25.0,0.0791
BEA-1031,4 weeks,2025-01-06,1,1,73.5,81.3,0.997,beauty,South,25.0,0.0791
BEA-1032,4 weeks,2025-01-06,1,1,81.1,90.1,0.955,beauty,North,25.0,0.0791
BEA-1037,4 weeks,2025-01-06,1,1,37.1,44.9,0.924,beauty,Central,25.0,0.0791
BOO-1000,4 weeks,2025-01-06,1,1,21.8,27.2,0.832,books_media,North,20.0,0.0494
BOO-1001,4 weeks,2025-01-06,1,1,31.1,38.8,1.064,books_media,East,20.0,0.0494
BOO-1002,4 weeks,2025-01-06,1,1,20.9,28.3,0.9,books_media,Central,20.0,0.0494
BOO-1004,4 weeks,2025-01-06,1,1,36.7,46.1,1.048,books_media,South,20.0,0.0494
BOO-1005,4 weeks,2025-01-06,1,1,38.6,48.5,1.049,books_media,Central,20.0,0.0494
BOO-1006,4 weeks,2025-01-06,1,1,36.7,44.3,1.092,books_media,South,20.0,0.0494
BOO-1007,4 weeks,2025-01-06,1,1,17.6,22.3,1.073,books_media,West,20.0,0.0494
BOO-1008,4 weeks,2025-01-06,1,1,34.0,43.4,1.142,books_media,Central,20.0,0.0494
BOO-1011,4 weeks,2025-01-06,1,1,44.5,55.5,1.073,books_media,South,20.0,0.0494
BOO-1016,4 weeks,2025-01-06,1,1,18.8,24.8,1.1,books_media,North,20.0,0.0494
BOO-1018,4 weeks,2025-01-06,1,1,12.6,16.5,1.049,books_media,South,20.0,0.0494
BOO-1022,4 weeks,2025-01-06,1,1,12.6,16.2,1.171,books_media,Central,20.0,0.0494
BOO-1023,4 weeks,2025-01-06,1,1,25.7,31.7,0.995,books_media,North,20.0,0.0494
BOO-1024,4 weeks,2025-01-06,1,1,16.5,21.4,1.038,books_media,East,20.0,0.0494
BOO-1025,4 weeks,2025-01-06,1,1,45.5,58.0,1.036,books_media,Central,20.0,0.0494
BOO-1026,4 weeks,2025-01-06,1,1,7.9,10.1,1.115,books_media,West,20.0,0.0494
BOO-1027,4 weeks,2025-01-06,1,1,5.4,10.1,0.644,books_media,North,20.0,0.0494
BOO-1029,4 weeks,2025-01-06,1,1,34.4,42.7,1.078,books_media,East,20.0,0.0494
BOO-1031,4 weeks,2025-01-06,1,1,41.9,52.7,0.908,books_media,West,20.0,0.0494
BOO-1033,4 weeks,2025-01-06,1,1,8.4,11.2,1.222,books_media,East,20.0,0.0494
BOO-1034,4 weeks,2025-01-06,1,1,29.9,36.0,0.972,books_media,South,20.0,0.0494
BOO-1038,4 weeks,2025-01-06,1,1,45.3,59.2,1.057,books_media,North,20.0,0.0494
ELE-1002,4 weeks,2025-01-06,1,1,86.9,98.7,0.935,electronics,South,180.0,0.0888
ELE-1005,4 weeks,2025-01-06,1,1,21.1,27.2,1.057,electronics,West,180.0,0.0888
ELE-1006,4 weeks,2025-01-06,1,1,113.9,130.4,0.964,electronics,North,180.0,0.0888
ELE-1011,4 weeks,2025-01-06,1,1,20.0,26.6,1.135,electronics,Central,180.0,0.0888
ELE-1012,4 weeks,2025-01-06,1,1,37.1,43.7,0.958,electronics,South,180.0,0.0888
ELE-1013,4 weeks,2025-01-06,1,1,23.9,30.3,0.919,electronics,East,180.0,0.0888
ELE-1014,4 weeks,2025-01-06,1,1,18.5,22.4,0.918,electronics,North,180.0,0.0888
ELE-1017,4 weeks,2025-01-06,1,1,84.8,103.2,0.824,electronics,South,180.0,0.0888
ELE-1018,4 weeks,2025-01-06,1,1,41.3,46.7,1.031,electronics,East,180.0,0.0888
ELE-1022,4 weeks,2025-01-06,1,1,42.3,51.2,0.939,electronics,East,180.0,0.0888
ELE-1023,4 weeks,2025-01-06,1,1,75.2,92.9,1.015,electronics,North,180.0,0.0888
ELE-1024,4 weeks,2025-01-06,1,1,37.9,48.0,0.846,electronics,Central,180.0,0.0888
ELE-1026,4 weeks,2025-01-06,1,1,33.2,39.4,0.913,electronics,Central,180.0,0.0888
ELE-1027,4 weeks,2025-01-06,1,1,41.8,52.4,1.063,electronics,North,180.0,0.0888
ELE-1029,4 weeks,2025-01-06,1,1,90.6,98.6,0.971,electronics,North,180.0,0.0888
ELE-1031,4 weeks,2025-01-06,1,1,93.9,109.3,1.119,electronics,South,180.0,0.0888
ELE-1035,4 weeks,2025-01-06,1,1,45.9,53.7,1.088,electronics,East,180.0,0.0888
ELE-1036,4 weeks,2025-01-06,1,1,51.9,63.5,1.131,electronics,North,180.0,0.0888
ELE-1038,4 weeks,2025-01-06,1,1,93.3,99.9,1.104,electronics,South,180.0,0.0888
GRO-1000,4 weeks,2025-01-06,1,1,98.3,115.7,1.024,grocery,North,15.0,0.0201
GRO-1002,4 weeks,2025-01-06,1,1,108.6,126.3,0.936,grocery,North,15.0,0.0201
GRO-1004,4 weeks,2025-01-06,1,1,187.5,218.1,0.949,grocery,North,15.0,0.0201
GRO-1005,4 weeks,2025-01-06,1,1,149.1,170.9,0.983,grocery,East,15.0,0.0201
GRO-1006,4 weeks,2025-01-06,1,1,70.8,86.7,1.012,grocery,West,15.0,0.0201
GRO-1007,4 weeks,2025-01-06,1,1,132.0,150.9,0.978,grocery,South,15.0,0.0201
GRO-1009,4 weeks,2025-01-06,1,1,31.7,40.3,0.956,grocery,West,15.0,0.0201
GRO-1012,4 weeks,2025-01-06,1,1,196.7,236.4,0.991,grocery,North,15.0,0.0201
GRO-1015,4 weeks,2025-01-06,1,1,71.4,90.3,0.963,grocery,North,15.0,0.0201
GRO-1016,4 weeks,2025-01-06,1,1,84.6,98.2,0.96,grocery,North,15.0,0.0201
GRO-1017,4 weeks,2025-01-06,1,1,101.6,118.2,0.94,grocery,South,15.0,0.0201
GRO-1024,4 weeks,2025-01-06,1,1,66.9,82.2,1.025,grocery,South,15.0,0.0201
GRO-1025,4 weeks,2025-01-06,1,1,116.6,136.6,0.93,grocery,Central,15.0,0.0201
GRO-1027,4 weeks,2025-01-06,1,1,67.5,80.5,0.942,grocery,West,15.0,0.0201
GRO-1028,4 weeks,2025-01-06,1,1,127.5,146.5,0.975,grocery,North,15.0,0.0201
GRO-1030,4 weeks,2025-01-06,1,1,87.9,103.4,0.97,grocery,West,15.0,0.0201
GRO-1034,4 weeks,2025-01-06,1,1,93.7,111.1,1.046,grocery,North,15.0,0.0201
GRO-1038,4 weeks,2025-01-06,1,1,51.6,64.6,1.008,grocery,West,15.0,0.0201
HOM-1001,4 weeks,2025-01-06,1,1,100.0,111.8,0.954,home_kitchen,Central,60.0,0.0981
HOM-1003,4 weeks,2025-01-06,1,1,27.2,31.3,1.035,home_kitchen,East,60.0,0.0981
HOM-1006,4 weeks,2025-01-06,1,1,30.4,37.9,0.934,home_kitchen,West,60.0,0.0981
HOM-1010,4 weeks,2025-01-06,1,1,28.8,33.6,0.997,home_kitchen,West,60.0,0.0981
HOM-1011,4 weeks,2025-01-06,1,1,73.3,86.1,0.924,home_kitchen,West,60.0,0.0981
HOM-1013,4 weeks,2025-01-06,1,1,50.0,58.2,1.02,home_kitchen,East,60.0,0.0981
HOM-1015,4 weeks,2025-01-06,1,1,25.5,33.2,0.87,home_kitchen,South,60.0,0.0981
HOM-1017,4 weeks,2025-01-06,1,1,57.3,69.4,0.97,home_kitchen,West,60.0,0.0981
HOM-1019,4 weeks,2025-01-06,1,1,78.1,90.5,0.956,home_kitchen,East,60.0,0.0981
HOM-1022,4 weeks,2025-01-06,1,1,101.3,112.5,0.992,home_kitchen,Central,60.0,0.0981
HOM-1024,4 weeks,2025-01-06,1,1,9.7,15.0,1.002,home_kitchen,Central,60.0,0.0981
HOM-1030,4 weeks,2025-01-06,1,1,33.7,47.0,0.812,home_kitchen,South,60.0,0.0981
HOM-1032,4 weeks,2025-01-06,1,1,40.6,48.3,1.002,home_kitchen,East,60.0,0.0981
HOM-1035,4 weeks,2025-01-06,1,1,37.1,44.9,0.974,home_kitchen,South,60.0,0.0981
HOM-1036,4 weeks,2025-01-06,1,1,79.6,90.6,0.979,home_kitchen,West,60.0,0.0981
HOM-1037,4 weeks,2025-01-06,1,1,59.3,71.1,0.917,home_kitchen,West,60.0,0.0981
HOM-1038,4 weeks,2025-01-06,1,1,29.1,36.3,0.888,home_kitchen,North,60.0,0.0981
HOM-1039,4 weeks,2025-01-06,1,1,42.7,51.3,0.956,home_kitchen,North,60.0,0.0981
SPO-1001,4 weeks,2025-01-06,1,1,54.8,60.6,0.936,sports_outdoor,East,70.0,0.1196
SPO-1003,4 weeks,2025-01-06,1,1,55.7,65.8,0.942,sports_outdoor,North,70.0,0.1196
SPO-1004,4 weeks,2025-01-06,1,1,27.0,35.3,0.964,sports_outdoor,North,70.0,0.1196
SPO-1005,4 weeks,2025-01-06,1,1,28.4,31.7,1.193,sports_outdoor,Central,70.0,0.1196
SPO-1007,4 weeks,2025-01-06,1,1,45.2,53.2,1.034,sports_outdoor,North,70.0,0.1196
SPO-1008,4 weeks,2025-01-06,1,1,25.0,31.6,1.018,sports_outdoor,South,70.0,0.1196
SPO-1009,4 weeks,2025-01-06,1,1,20.6,24.6,1.021,sports_outdoor,North,70.0,0.1196
SPO-1012,4 weeks,2025-01-06,1,1,35.5,44.8,1.061,sports_outdoor,North,70.0,0.1196
SPO-1014,4 weeks,2025-01-06,1,1,26.6,32.9,1.056,sports_outdoor,Central,70.0,0.1196
SPO-1019,4 weeks,2025-01-06,1,1,50.9,58.6,0.948,sports_outdoor,West,70.0,0.1196
SPO-1021,4 weeks,2025-01-06,1,1,12.2,14.5,0.915,sports_outdoor,South,70.0,0.1196
SPO-1024,4 weeks,2025-01-06,1,1,70.5,81.3,1.039,sports_outdoor,Central,70.0,0.1196
SPO-1026,4 weeks,2025-01-06,1,1,13.6,17.8,0.972,sports_outdoor,West,70.0,0.1196
SPO-1029,4 weeks,2025-01-06,1,1,44.7,52.9,1.149,sports_outdoor,South,70.0,0.1196
SPO-1030,4 weeks,2025-01-06,1,1,18.5,22.5,1.067,sports_outdoor,East,70.0,0.1196
SPO-1032,4 weeks,2025-01-06,1,1,18.9,22.4,0.975,sports_outdoor,Central,70.0,0.1196
SPO-1034,4 weeks,2025-01-06,1,1,47.2,55.6,1.075,sports_outdoor,North,70.0,0.1196
SPO-1035,4 weeks,2025-01-06,1,1,59.4,73.5,1.045,sports_outdoor,West,70.0,0.1196
SPO-1036,4 weeks,2025-01-06,1,1,32.3,39.5,1.026,sports_outdoor,East,70.0,0.1196
SPO-1039,4 weeks,2025-01-06,1,1,34.0,41.2,1.061,sports_outdoor,Central,70.0,0.1196
TOY-1002,4 weeks,2025-01-06,1,1,41.7,46.7,0.963,toys_games,East,35.0,0.0707
TOY-1010,4 weeks,2025-01-06,1,1,40.1,48.2,1.036,toys_games,Central,35.0,0.0707
TOY-1011,4 weeks,2025-01-06,1,1,13.0,15.6,1.106,toys_games,South,35.0,0.0707
TOY-1013,4 weeks,2025-01-06,1,1,53.9,62.0,0.96,toys_games,East,35.0,0.0707
TOY-1018,4 weeks,2025-01-06,1,1,62.1,74.1,0.981,toys_games,East,35.0,0.0707
TOY-1019,4 weeks,2025-01-06,1,1,20.7,26.8,0.982,toys_games,Central,35.0,0.0707
TOY-1020,4 weeks,2025-01-06,1,1,30.6,37.3,1.027,toys_games,South,35.0,0.0707
TOY-1021,4 weeks,2025-01-06,1,1,89.0,103.1,0.913,toys_games,North,35.0,0.0707
TOY-1024,4 weeks,2025-01-06,1,1,36.8,49.0,0.847,toys_games,South,35.0,0.0707
TOY-1025,4 weeks,2025-01-06,1,1,16.0,22.6,0.83,toys_games,West,35.0,0.0707
TOY-1030,4 weeks,2025-01-06,1,1,24.7,31.9,0.993,toys_games,South,35.0,0.0707
TOY-1031,4 weeks,2025-01-06,1,1,16.5,25.1,0.829,toys_games,South,35.0,0.0707
TOY-1034,4 weeks,2025-01-06,1,1,96.9,109.6,1.001,toys_games,North,35.0,0.0707
TOY-1035,4 weeks,2025-01-06,1,1,69.7,85.4,0.979,toys_games,East,35.0,0.0707
TOY-1038,4 weeks,2025-01-06,1,1,44.9,54.4,1.089,toys_games,South,35.0,0.0707
APP-1000,4 weeks,2025-01-13,2,1,78.7,88.4,1.108,apparel,West,45.0,0.2808
APP-1001,4 weeks,2025-01-13,2,1,98.1,104.1,1.011,apparel,East,45.0,0.2808
APP-1002,4 weeks,2025-01-13,2,1,94.3,99.6,0.926,apparel,North,45.0,0.2808
APP-1004,4 weeks,2025-01-13,2,1,171.7,175.4,0.898,apparel,Central,45.0,0.2808
APP-1006,4 weeks,2025-01-13,2,1,86.1,89.7,0.95,apparel,West,45.0,0.2808
APP-1008,4 weeks,2025-01-13,2,1,125.2,127.4,0.895,apparel,South,45.0,0.2808
APP-1009,4 weeks,2025-01-13,2,1,36.8,43.1,0.851,apparel,North,45.0,0.2808
APP-1012,4 weeks,2025-01-13,2,1,154.1,160.4,0.954,apparel,North,45.0,0.2808
APP-1016,4 weeks,2025-01-13,2,1,56.4,59.3,0.9,apparel,West,45.0,0.2808
APP-1018,4 weeks,2025-01-13,2,1,37.0,40.9,1.001,apparel,East,45.0,0.2808
APP-1019,4 weeks,2025-01-13,2,1,141.9,144.9,1.033,apparel,Central,45.0,0.2808
APP-1020,4 weeks,2025-01-13,2,1,94.6,103.3,0.862,apparel,South,45.0,0.2808
APP-1022,4 weeks,2025-01-13,2,1,100.1,105.4,0.885,apparel,South,45.0,0.2808
APP-1023,4 weeks,2025-01-13,2,1,45.0,50.3,0.924,apparel,West,45.0,0.2808
APP-1025,4 weeks,2025-01-13,2,1,175.7,182.3,0.905,apparel,Central,45.0,0.2808
APP-1027,4 weeks,2025-01-13,2,1,74.7,82.4,0.854,apparel,South,45.0,0.2808
APP-1028,4 weeks,2025-01-13,2,1,86.6,97.3,0.851,apparel,North,45.0,0.2808
APP-1029,4 weeks,2025-01-13,2,1,121.2,124.1,0.889,apparel,North,45.0,0.2808
APP-1031,4 weeks,2025-01-13,2,1,19.6,22.4,0.918,apparel,Central,45.0,0.2808
APP-1032,4 weeks,2025-01-13,2,1,119.2,125.0,0.887,apparel,East,45.0,0.2808
APP-1034,4 weeks,2025-01-13,2,1,55.2,60.5,0.89,apparel,North,45.0,0.2808
APP-1037,4 weeks,2025-01-13,2,1,65.2,73.2,0.955,apparel,Central,45.0,0.2808
APP-1038,4 weeks,2025-01-13,2,1,31.6,34.6,0.929,apparel,North,45.0,0.2808
BEA-1004,4 weeks,2025-01-13,2,1,85.7,92.9,0.968,beauty,West,25.0,0.0791
BEA-1006,4 weeks,2025-01-13,2,1,88.9,97.9,0.93,beauty,West,25.0,0.0791
BEA-1007,4 weeks,2025-01-13,2,1,63.2,70.8,0.87,beauty,South,25.0,0.0791
BEA-1009,4 weeks,2025-01-13,2,1,70.0,78.2,0.909,beauty,East,25.0,0.0791
BEA-1011,4 weeks,2025-01-13,2,1,44.5,51.8,0.904,beauty,North,25.0,0.0791
BEA-1012,4 weeks,2025-01-13,2,1,87.4,93.4,1.062,beauty,Central,25.0,0.0791
BEA-1013,4 weeks,2025-01-13,2,1,68.3,75.8,0.914,beauty,West,25.0,0.0791
BEA-1014,4 weeks,2025-01-13,2,1,90.2,98.7,0.903,beauty,West,25.0,0.0791
BEA-1016,4 weeks,2025-01-13,2,1,52.5,60.8,0.903,beauty,East,25.0,0.0791
BEA-1017,4 weeks,2025-01-13,2,1,50.8,57.5,0.967,beauty,East,25.0,0.0791
BEA-1018,4 weeks,2025-01-13,2,1,41.6,57.0,0.807,beauty,North,25.0,0.0791
BEA-1019,4 weeks,2025-01-13,2,1,37.6,48.0,0.858,beauty,North,25.0,0.0791
BEA-1020,4 weeks,2025-01-13,2,1,61.8,69.3,0.877,beauty,South,25.0,0.0791
BEA-1021,4 weeks,2025-01-13,2,1,18.0,24.1,0.852,beauty,Central,25.0,0.0791
BEA-1024,4 weeks,2025-01-13,2,1,94.8,105.1,0.923,beauty,South,25.0,0.0791
BEA-1025,4 weeks,2025-01-13,2,1,32.7,38.4,0.91,beauty,West,25.0,0.0791
BEA-1027,4 weeks,2025-01-13,2,1,58.5,69.6,0.904,beauty,Central,25.0,0.0791
BEA-1028,4 weeks,2025-01-13,2,1,38.8,46.9,0.957,beauty,South,25.0,0.0791
BEA-1030,4 weeks,2025-01-13,2,1,48.1,58.5,0.885,beauty,West,25.0,0.0791
BEA-1031,4 weeks,2025-01-13,2,1,76.3,84.1,0.997,beauty,South,25.0,0.0791
BEA-1032,4 weeks,2025-01-13,2,1,85.1,94.8,0.955,beauty,North,25.0,0.0791
BEA-1037,4 weeks,2025-01-13,2,1,38.7,47.2,0.924,beauty,Central,25.0,0.0791
BOO-1000,4 weeks,2025-01-13,2,1,21.3,26.7,0.832,books_media,North,20.0,0.0494
BOO-1001,4 weeks,2025-01-13,2,1,30.7,38.0,1.064,books_media,East,20.0,0.0494
BOO-1002,4 weeks,2025-01-13,2,1,20.6,28.9,0.9,books_media,Central,20.0,0.0494
BOO-1004,4 weeks,2025-01-13,2,1,36.2,44.7,1.048,books_media,South,20.0,0.0494
BOO-1005,4 weeks,2025-01-13,2,1,37.9,47.9,1.049,books_media,Central,20.0,0.0494
BOO-1006,4 weeks,2025-01-13,2,1,36.4,43.4,1.092,books_media,South,20.0,0.0494
BOO-1007,4 weeks,2025-01-13,2,1,17.7,21.6,1.073,books_media,West,20.0,0.0494
BOO-1008,4 weeks,2025-01-13,2,1,32.9,42.6,1.142,books_media,Central,20.0,0.0494
BOO-1011,4 weeks,2025-01-13,2,1,45.4,54.2,1.073,books_media,South,20.0,0.0494
BOO-1016,4 weeks,2025-01-13,2,1,18.4,24.4,1.1,books_media,North,20.0,0.0494
BOO-1018,4 weeks,2025-01-13,2,1,12.6,16.1,1.049,books_media,South,20.0,0.0494
BOO-1022,4 weeks,2025-01-13,2,1,11.5,15.3,1.171,books_media,Central,20.0,0.0494
BOO-1023,4 weeks,2025-01-13,2,1,24.8,31.1,0.995,books_media,North,20.0,0.0494
BOO-1024,4 weeks,2025-01-13,2,1,16.1,21.0,1.038,books_media,East,20.0,0.0494
BOO-1025,4 weeks,2025-01-13,2,1,44.5,56.4,1.036,books_media,Central,20.0,0.0494
BOO-1026,4 weeks,2025-01-13,2,1,7.7,10.3,1.115,books_media,West,20.0,0.0494
BOO-1027,4 weeks,2025-01-13,2,1,4.7,9.6,0.644,books_media,North,20.0,0.0494
BOO-1029,4 weeks,2025-01-13,2,1,32.9,41.6,1.078,books_media,East,20.0,0.0494
BOO-1031,4 weeks,2025-01-13,2,1,41.5,50.5,0.908,books_media,West,20.0,0.0494
BOO-1033,4 weeks,2025-01-13,2,1,7.6,11.5,1.222,books_media,East,20.0,0.0494
BOO-1034,4 weeks,2025-01-13,2,1,29.5,35.5,0.972,books_media,South,20.0,0.0494
BOO-1038,4 weeks,2025-01-13,2,1,44.3,58.6,1.057,books_media,North,20.0,0.0494
ELE-1002,4 weeks,2025-01-13,2,1,81.6,97.1,0.935,electronics,South,180.0,0.0888
ELE-1005,4 weeks,2025-01-13,2,1,20.8,26.3,1.057,electronics,West,180.0,0.0888
ELE-1006,4 weeks,2025-01-13,2,1,110.7,126.8,0.964,electronics,North,180.0,0.0888
ELE-1011,4 weeks,2025-01-13,2,1,19.1,25.5,1.135,electronics,Central,180.0,0.0888
ELE-1012,4 weeks,2025-01-13,2,1,34.9,41.5,0.958,electronics,South,180.0,0.0888
ELE-1013,4 weeks,2025-01-13,2,1,23.4,29.8,0.919,electronics,East,180.0,0.0888
ELE-1014,4 weeks,2025-01-13,2,1,17.1,21.7,0.918,electronics,North,180.0,0.0888
ELE-1017,4 weeks,2025-01-13,2,1,82.9,99.7,0.824,electronics,South,180.0,0.0888
ELE-1018,4 weeks,2025-01-13,2,1,39.5,44.7,1.031,electronics,East,180.0,0.0888
ELE-1022,4 weeks,2025-01-13,2,1,42.3,49.1,0.939,electronics,East,180.0,0.0888
ELE-1023,4 weeks,2025-01-13,2,1,73.6,89.5,1.015,electronics,North,180.0,0.0888
ELE-1024,4 weeks,2025-01-13,2,1,37.0,46.5,0.846,electronics,Central,180.0,0.0888
ELE-1026,4 weeks,2025-01-13,2,1,31.9,37.7,0.913,electronics,Central,180.0,0.0888
ELE-1027,4 weeks,2025-01-13,2,1,41.2,50.4,1.063,electronics,North,180.0,0.0888
ELE-1029,4 weeks,2025-01-13,2,1,87.7,100.2,0.971,electronics,North,180.0,0.0888
ELE-1031,4 weeks,2025-01-13,2,1,91.8,106.3,1.119,electronics,South,180.0,0.0888
ELE-1035,4 weeks,2025-01-13,2,1,43.6,53.2,1.088,electronics,East,180.0,0.0888
ELE-1036,4 weeks,2025-01-13,2,1,51.2,60.3,1.131,electronics,North,180.0,0.0888
ELE-1038,4 weeks,2025-01-13,2,1,90.2,98.7,1.104,electronics,South,180.0,0.0888
GRO-1000,4 weeks,2025-01-13,2,1,98.3,116.0,1.024,grocery,North,15.0,0.0201
GRO-1002,4 weeks,2025-01-13,2,1,108.6,126.5,0.936,grocery,North,15.0,0.0201
GRO-1004,4 weeks,2025-01-13,2,1,186.4,216.5,0.949,grocery,North,15.0,0.0201
GRO-1005,4 weeks,2025-01-13,2,1,149.0,169.3,0.983,grocery,East,15.0,0.0201
GRO-1006,4 weeks,2025-01-13,2,1,70.7,86.4,1.012,grocery,West,15.0,0.0201
GRO-1007,4 weeks,2025-01-13,2,1,131.9,150.2,0.978,grocery,South,15.0,0.0201
GRO-1009,4 weeks,2025-01-13,2,1,31.5,40.1,0.956,grocery,West,15.0,0.0201
GRO-1012,4 weeks,2025-01-13,2,1,199.5,236.8,0.991,grocery,North,15.0,0.0201
GRO-1015,4 weeks,2025-01-13,2,1,71.2,90.7,0.963,grocery,North,15.0,0.0201
GRO-1016,4 weeks,2025-01-13,2,1,83.5,98.9,0.96,grocery,North,15.0,0.0201
GRO-1017,4 weeks,2025-01-13,2,1,101.5,117.3,0.94,grocery,South,15.0,0.0201
GRO-1024,4 weeks,2025-01-13,2,1,66.9,82.9,1.025,grocery,South,15.0,0.0201
GRO-1025,4 weeks,2025-01-13,2,1,116.5,137.4,0.93,grocery,Central,15.0,0.0201
GRO-1027,4 weeks,2025-01-13,2,1,67.7,80.8,0.942,grocery,West,15.0,0.0201
GRO-1028,4 weeks,2025-01-13,2,1,125.8,146.3,0.975,grocery,North,15.0,0.0201
GRO-1030,4 weeks,2025-01-13,2,1,87.8,104.2,0.97,grocery,West,15.0,0.0201
GRO-1034,4 weeks,2025-01-13,2,1,93.6,110.8,1.046,grocery,North,15.0,0.0201
GRO-1038,4 weeks,2025-01-13,2,1,51.1,65.0,1.008,grocery,West,15.0,0.0201
HOM-1001,4 weeks,2025-01-13,2,1,102.5,116.2,0.954,home_kitchen,Central,60.0,0.0981
HOM-1003,4 weeks,2025-01-13,2,1,26.4,31.8,1.035,home_kitchen,East,60.0,0.0981
HOM-1006,4 weeks,2025-01-13,2,1,31.4,39.4,0.934,home_kitchen,West,60.0,0.0981
HOM-1010,4 weeks,2025-01-13,2,1,28.4,35.0,0.997,home_kitchen,West,60.0,0.0981
HOM-1011,4 weeks,2025-01-13,2,1,76.0,88.2,0.924,home_kitchen,West,60.0,0.0981
HOM-1013,4 weeks,2025-01-13,2,1,51.5,61.0,1.02,home_kitchen,East,60.0,0.0981
HOM-1015,4 weeks,2025-01-13,2,1,26.2,34.5,0.87,home_kitchen,South,60.0,0.0981
HOM-1017,4 weeks,2025-01-13,2,1,59.0,71.5,0.97,home_kitchen,West,60.0,0.0981
HOM-1019,4 weeks,2025-01-13,2,1,80.9,94.5,0.956,home_kitchen,East,60.0,0.0981
HOM-1022,4 weeks,2025-01-13,2,1,105.7,118.3,0.992,home_kitchen,Central,60.0,0.0981
HOM-1024,4 weeks,2025-01-13,2,1,10.2,15.6,1.002,home_kitchen,Central,60.0,0.0981
HOM-1030,4 weeks,2025-01-13,2,1,34.7,49.4,0.812,home_kitchen,South,60.0,0.0981
HOM-1032,4 weeks,2025-01-13,2,1,42.3,51.0,1.002,home_kitchen,East,60.0,0.0981
HOM-1035,4 weeks,2025-01-13,2,1,38.1,46.6,0.974,home_kitchen,South,60.0,0.0981
HOM-1036,4 weeks,2025-01-13,2,1,83.0,93.5,0.979,home_kitchen,West,60.0,0.0981
HOM-1037,4 weeks,2025-01-13,2,1,60.6,72.8,0.917,home_kitchen,West,60.0,0.0981
HOM-1038,4 weeks,2025-01-13,2,1,29.8,37.8,0.888,home_kitchen,North,60.0,0.0981
HOM-1039,4 weeks,2025-01-13,2,1,44.3,54.3,0.956,home_kitchen,North,60.0,0.0981
SPO-1001,4 weeks,2025-01-13,2,1,49.8,58.5,0.936,sports_outdoor,East,70.0,0.1196
SPO-1003,4 weeks,2025-01-13,2,1,52.6,63.1,0.942,sports_outdoor,North,70.0,0.1196
SPO-1004,4 weeks,2025-01-13,2,1,26.1,34.8,0.964,sports_outdoor,North,70.0,0.1196
SPO-1005,4 weeks,2025-01-13,2,1,26.6,30.6,1.193,sports_outdoor,Central,70.0,0.1196
SPO-1007,4 weeks,2025-01-13,2,1,42.7,49.2,1.034,sports_outdoor,North,70.0,0.1196
SPO-1008,4 weeks,2025-01-13,2,1,23.7,31.3,1.018,sports_outdoor,South,70.0,0.1196
SPO-1009,4 weeks,2025-01-13,2,1,19.5,24.1,1.021,sports_outdoor,North,70.0,0.1196
SPO-1012,4 weeks,2025-01-13,2,1,32.6,42.7,1.061,sports_outdoor,North,70.0,0.1196
SPO-1014,4 weeks,2025-01-13,2,1,24.8,29.6,1.056,sports_outdoor,Central,70.0,0.1196
SPO-1019,4 weeks,2025-01-13,2,1,48.1,56.4,0.948,sports_outdoor,West,70.0,0.1196
SPO-1021,4 weeks,2025-01-13,2,1,11.1,13.7,0.915,sports_outdoor,South,70.0,0.1196
SPO-1024,4 weeks,2025-01-13,2,1,66.5,80.1,1.039,sports_outdoor,Central,70.0,0.1196
SPO-1026,4 weeks,2025-01-13,2,1,12.6,17.1,0.972,sports_outdoor,West,70.0,0.1196
SPO-1029,4 weeks,2025-01-13,2,1,41.7,50.8,1.149,sports_outdoor,South,70.0,0.1196
SPO-1030,4 weeks,2025-01-13,2,1,16.6,21.5,1.067,sports_outdoor,East,70.0,0.1196
SPO-1032,4 weeks,2025-01-13,2,1,17.4,21.5,0.975,sports_outdoor,Central,70.0,0.1196
SPO-1034,4 weeks,2025-01-13,2,1,44.1,52.2,1.075,sports_outdoor,North,70.0,0.1196
SPO-1035,4 weeks,2025-01-13,2,1,55.4,72.4,1.045,sports_outdoor,West,70.0,0.1196
SPO-1036,4 weeks,2025-01-13,2,1,30.4,36.9,1.026,sports_outdoor,East,70.0,0.1196
SPO-1039,4 weeks,2025-01-13,2,1,32.5,40.9,1.061,sports_outdoor,Central,70.0,0.1196
TOY-1002,4 weeks,2025-01-13,2,1,41.3,45.9,0.963,toys_games,East,35.0,0.0707
TOY-1010,4 weeks,2025-01-13,2,1,39.4,47.5,1.036,toys_games,Central,35.0,0.0707
TOY-1011,4 weeks,2025-01-13,2,1,13.1,16.0,1.106,toys_games,South,35.0,0.0707
TOY-1013,4 weeks,2025-01-13,2,1,53.5,60.9,0.96,toys_games,East,35.0,0.0707
TOY-1018,4 weeks,2025-01-13,2,1,61.8,73.0,0.981,toys_games,East,35.0,0.0707
TOY-1019,4 weeks,2025-01-13,2,1,19.9,26.6,0.982,toys_games,Central,35.0,0.0707
TOY-1020,4 weeks,2025-01-13,2,1,29.6,36.4,1.027,toys_games,South,35.0,0.0707
TOY-1021,4 weeks,2025-01-13,2,1,87.6,98.1,0.913,toys_games,North,35.0,0.0707
TOY-1024,4 weeks,2025-01-13,2,1,36.6,48.6,0.847,toys_games,South,35.0,0.0707
TOY-1025,4 weeks,2025-01-13,2,1,15.9,22.3,0.83,toys_games,West,35.0,0.0707
TOY-1030,4 weeks,2025-01-13,2,1,23.7,31.7,0.993,toys_games,South,35.0,0.0707
TOY-1031,4 weeks,2025-01-13,2,1,17.3,26.1,0.829,toys_games,South,35.0,0.0707
TOY-1034,4 weeks,2025-01-13,2,1,96.6,107.9,1.001,toys_games,North,35.0,0.0707
TOY-1035,4 weeks,2025-01-13,2,1,67.3,83.3,0.979,toys_games,East,35.0,0.0707
TOY-1038,4 weeks,2025-01-13,2,1,44.7,53.9,1.089,toys_games,South,35.0,0.0707
APP-1000,4 weeks,2025-01-20,3,1,78.5,89.9,1.108,apparel,West,45.0,0.2808
APP-1001,4 weeks,2025-01-20,3,1,98.4,106.3,1.011,apparel,East,45.0,0.2808
APP-1002,4 weeks,2025-01-20,3,1,95.9,102.5,0.926,apparel,North,45.0,0.2808
APP-1004,4 weeks,2025-01-20,3,1,171.8,182.8,0.898,apparel,Central,45.0,0.2808
APP-1006,4 weeks,2025-01-20,3,1,85.7,92.8,0.95,apparel,West,45.0,0.2808
APP-1008,4 weeks,2025-01-20,3,1,123.7,129.1,0.895,apparel,South,45.0,0.2808
APP-1009,4 weeks,2025-01-20,3,1,36.4,44.1,0.851,apparel,North,45.0,0.2808
APP-1012,4 weeks,2025-01-20,3,1,156.0,167.4,0.954,apparel,North,45.0,0.2808
APP-1016,4 weeks,2025-01-20,3,1,53.3,59.7,0.9,apparel,West,45.0,0.2808
APP-1018,4 weeks,2025-01-20,3,1,36.2,41.5,1.001,apparel,East,45.0,0.2808
APP-1019,4 weeks,2025-01-20,3,1,142.4,150.7,1.033,apparel,Central,45.0,0.2808
APP-1020,4 weeks,2025-01-20,3,1,96.5,111.1,0.862,apparel,South,45.0,0.2808
APP-1022,4 weeks,2025-01-20,3,1,101.4,109.0,0.885,apparel,South,45.0,0.2808
APP-1023,4 weeks,2025-01-20,3,1,45.2,52.0,0.924,apparel,West,45.0,0.2808
APP-1025,4 weeks,2025-01-20,3,1,177.8,190.7,0.905,apparel,Central,45.0,0.2808
APP-1027,4 weeks,2025-01-20,3,1,75.3,85.1,0.854,apparel,South,45.0,0.2808
APP-1028,4 weeks,2025-01-20,3,1,89.0,100.1,0.851,apparel,North,45.0,0.2808
APP-1029,4 weeks,2025-01-20,3,1,120.6,127.7,0.889,apparel,North,45.0,0.2808
APP-1031,4 weeks,2025-01-20,3,1,19.0,23.7,0.918,apparel,Central,45.0,0.2808
APP-1032,4 weeks,2025-01-20,3,1,120.9,128.6,0.887,apparel,East,45.0,0.2808
APP-1034,4 weeks,2025-01-20,3,1,55.6,64.0,0.89,apparel,North,45.0,0.2808
APP-1037,4 weeks,2025-01-20,3,1,64.6,73.0,0.955,apparel,Central,45.0,0.2808
APP-1038,4 weeks,2025-01-20,3,1,31.7,35.9,0.929,apparel,North,45.0,0.2808
BEA-1004,4 weeks,2025-01-20,3,1,85.3,95.4,0.968,beauty,West,25.0,0.0791
BEA-1006,4 weeks,2025-01-20,3,1,88.7,98.3,0.93,beauty,West,25.0,0.0791
BEA-1007,4 weeks,2025-01-20,3,1,63.7,73.4,0.87,beauty,South,25.0,0.0791
BEA-1009,4 weeks,2025-01-20,3,1,72.1,80.6,0.909,beauty,East,25.0,0.0791
BEA-1011,4 weeks,2025-01-20,3,1,43.6,53.3,0.904,beauty,North,25.0,0.0791
BEA-1012,4 weeks,2025-01-20,3,1,87.7,96.9,1.062,beauty,Central,25.0,0.0791
BEA-1013,4 weeks,2025-01-20,3,1,68.9,78.5,0.914,beauty,West,25.0,0.0791
BEA-1014,4 weeks,2025-01-20,3,1,90.6,101.4,0.903,beauty,West,25.0,0.0791
BEA-1016,4 weeks,2025-01-20,3,1,52.7,63.0,0.903,beauty,East,25.0,0.0791
BEA-1017,4 weeks,2025-01-20,3,1,50.9,60.2,0.967,beauty,East,25.0,0.0791
BEA-1018,4 weeks,2025-01-20,3,1,43.9,58.9,0.807,beauty,North,25.0,0.0791
BEA-1019,4 weeks,2025-01-20,3,1,39.1,49.9,0.858,beauty,North,25.0,0.0791
BEA-1020,4 weeks,2025-01-20,3,1,61.7,71.7,0.877,beauty,South,25.0,0.0791
BEA-1021,4 weeks,2025-01-20,3,1,18.8,24.7,0.852,beauty,Central,25.0,0.0791
BEA-1024,4 weeks,2025-01-20,3,1,96.7,108.3,0.923,beauty,South,25.0,0.0791
BEA-1025,4 weeks,2025-01-20,3,1,31.5,39.4,0.91,beauty,West,25.0,0.0791
BEA-1027,4 weeks,2025-01-20,3,1,60.0,72.1,0.904,beauty,Central,25.0,0.0791
BEA-1028,4 weeks,2025-01-20,3,1,40.0,48.3,0.957,beauty,South,25.0,0.0791
BEA-1030,4 weeks,2025-01-20,3,1,49.8,60.4,0.885,beauty,West,25.0,0.0791
BEA-1031,4 weeks,2025-01-20,3,1,77.1,86.9,0.997,beauty,South,25.0,0.0791
BEA-1032,4 weeks,2025-01-20,3,1,85.8,95.9,0.955,beauty,North,25.0,0.0791
BEA-1037,4 weeks,2025-01-20,3,1,39.9,48.7,0.924,beauty,Central,25.0,0.0791
BOO-1000,4 weeks,2025-01-20,3,1,20.7,26.5,0.832,books_media,North,20.0,0.0494
BOO-1001,4 weeks,2025-01-20,3,1,29.8,36.9,1.064,books_media,East,20.0,0.0494
BOO-1002,4 weeks,2025-01-20,3,1,20.7,28.3,0.9,books_media,Central,20.0,0.0494
BOO-1004,4 weeks,2025-01-20,3,1,36.4,45.1,1.048,books_media,South,20.0,0.0494
BOO-1005,4 weeks,2025-01-20,3,1,37.5,45.2,1.049,books_media,Central,20.0,0.0494
BOO-1006,4 weeks,2025-01-20,3,1,35.3,43.5,1.092,books_media,South,20.0,0.0494
BOO-1007,4 weeks,2025-01-20,3,1,16.5,22.5,1.073,books_media,West,20.0,0.0494
BOO-1008,4 weeks,2025-01-20,3,1,32.5,40.8,1.142,books_media,Central,20.0,0.0494
BOO-1011,4 weeks,2025-01-20,3,1,40.6,51.3,1.073,books_media,South,20.0,0.0494
BOO-1016,4 weeks,2025-01-20,3,1,17.7,24.4,1.1,books_media,North,20.0,0.0494
BOO-1018,4 weeks,2025-01-20,3,1,11.5,16.7,1.049,books_media,South,20.0,0.0494
BOO-1022,4 weeks,2025-01-20,3,1,11.6,15.4,1.171,books_media,Central,20.0,0.0494
BOO-1023,4 weeks,2025-01-20,3,1,23.6,30.9,0.995,books_media,North,20.0,0.0494
BOO-1024,4 weeks,2025-01-20,3,1,15.8,21.5,1.038,books_media,East,20.0,0.0494
BOO-1025,4 weeks,2025-01-20,3,1,44.3,56.9,1.036,books_media,Central,20.0,0.0494
BOO-1026,4 weeks,2025-01-20,3,1,7.2,10.5,1.115,books_media,West,20.0,0.0494
BOO-1027,4 weeks,2025-01-20,3,1,4.4,9.5,0.644,books_media,North,20.0,0.0494
BOO-1029,4 weeks,2025-01-20,3,1,31.7,41.3,1.078,books_media,East,20.0,0.0494
BOO-1031,4 weeks,2025-01-20,3,1,39.6,50.9,0.908,books_media,West,20.0,0.0494
BOO-1033,4 weeks,2025-01-20,3,1,7.0,10.9,1.222,books_media,East,20.0,0.0494
BOO-1034,4 weeks,2025-01-20,3,1,26.6,35.0,0.972,books_media,South,20.0,0.0494
BOO-1038,4 weeks,2025-01-20,3,1,43.6,54.3,1.057,books_media,North,20.0,0.0494
ELE-1002,4 weeks,2025-01-20,3,1,89.1,102.2,0.935,electronics,South,180.0,0.0888
ELE-1005,4 weeks,2025-01-20,3,1,21.9,29.3,1.057,electronics,West,180.0,0.0888
ELE-1006,4 weeks,2025-01-20,3,1,125.4,142.6,0.964,electronics,North,180.0,0.0888
ELE-1011,4 weeks,2025-01-20,3,1,21.0,28.3,1.135,electronics,Central,180.0,0.0888
ELE-1012,4 weeks,2025-01-20,3,1,39.1,47.1,0.958,electronics,South,180.0,0.0888
ELE-1013,4 weeks,2025-01-20,3,1,25.2,30.3,0.919,electronics,East,180.0,0.0888
ELE-1014,4 weeks,2025-01-20,3,1,19.7,24.6,0.918,electronics,North,180.0,0.0888
ELE-1017,4 weeks,2025-01-20,3,1,92.9,112.2,0.824,electronics,South,180.0,0.0888
ELE-1018,4 weeks,2025-01-20,3,1,41.1,48.8,1.031,electronics,East,180.0,0.0888
ELE-1022,4 weeks,2025-01-20,3,1,44.6,54.1,0.939,electronics,East,180.0,0.0888
ELE-1023,4 weeks,2025-01-20,3,1,80.8,92.7,1.015,electronics,North,180.0,0.0888
ELE-1024,4 weeks,2025-01-20,3,1,38.6,51.9,0.846,electronics,Central,180.0,0.0888
ELE-1026,4 weeks,2025-01-20,3,1,35.5,42.6,0.913,electronics,Central,180.0,0.0888
ELE-1027,4 weeks,2025-01-20,3,1,45.2,54.2,1.063,electronics,North,180.0,0.0888
ELE-1029,4 weeks,2025-01-20,3,1,92.8,105.2,0.971,electronics,North,180.0,0.0888
ELE-1031,4 weeks,2025-01-20,3,1,102.6,116.7,1.119,electronics,South,180.0,0.0888
ELE-1035,4 weeks,2025-01-20,3,1,48.2,56.6,1.088,electronics,East,180.0,0.0888
ELE-1036,4 weeks,2025-01-20,3,1,56.8,66.2,1.131,electronics,North,180.0,0.0888
ELE-1038,4 weeks,2025-01-20,3,1,95.1,107.3,1.104,electronics,South,180.0,0.0888
GRO-1000,4 weeks,2025-01-20,3,1,94.6,112.4,1.024,grocery,North,15.0,0.0201
GRO-1002,4 weeks,2025-01-20,3,1,105.3,126.0,0.936,grocery,North,15.0,0.0201
GRO-1004,4 weeks,2025-01-20,3,1,186.1,218.9,0.949,grocery,North,15.0,0.0201
GRO-1005,4 weeks,2025-01-20,3,1,144.2,169.5,0.983,grocery,East,15.0,0.0201
GRO-1006,4 weeks,2025-01-20,3,1,68.1,84.2,1.012,grocery,West,15.0,0.0201
GRO-1007,4 weeks,2025-01-20,3,1,127.7,150.2,0.978,grocery,South,15.0,0.0201
GRO-1009,4 weeks,2025-01-20,3,1,30.7,39.6,0.956,grocery,West,15.0,0.0201
GRO-1012,4 weeks,2025-01-20,3,1,192.8,224.8,0.991,grocery,North,15.0,0.0201
GRO-1015,4 weeks,2025-01-20,3,1,69.0,84.2,0.963,grocery,North,15.0,0.0201
GRO-1016,4 weeks,2025-01-20,3,1,80.5,98.2,0.96,grocery,North,15.0,0.0201
GRO-1017,4 weeks,2025-01-20,3,1,98.2,116.9,0.94,grocery,South,15.0,0.0201
GRO-1024,4 weeks,2025-01-20,3,1,64.5,81.4,1.025,grocery,South,15.0,0.0201
GRO-1025,4 weeks,2025-01-20,3,1,113.2,135.1,0.93,grocery,Central,15.0,0.0201
GRO-1027,4 weeks,2025-01-20,3,1,65.3,79.9,0.942,grocery,West,15.0,0.0201
GRO-1028,4 weeks,2025-01-20,3,1,120.8,145.7,0.975,grocery,North,15.0,0.0201
GRO-1030,4 weeks,2025-01-20,3,1,84.8,103.1,0.97,grocery,West,15.0,0.0201
GRO-1034,4 weeks,2025-01-20,3,1,90.4,108.4,1.046,grocery,North,15.0,0.0201
GRO-1038,4 weeks,2025-01-20,3,1,49.4,63.0,1.008,grocery,West,15.0,0.0201
HOM-1001,4 weeks,2025-01-20,3,1,101.0,120.7,0.954,home_kitchen,Central,60.0,0.0981
HOM-1003,4 weeks,2025-01-20,3,1,26.3,33.0,1.035,home_kitchen,East,60.0,0.0981
HOM-1006,4 weeks,2025-01-20,3,1,30.5,40.6,0.934,home_kitchen,West,60.0,0.0981
HOM-1010,4 weeks,2025-01-20,3,1,27.7,36.1,0.997,home_kitchen,West,60.0,0.0981
HOM-1011,4 weeks,2025-01-20,3,1,74.8,95.2,0.924,home_kitchen,West,60.0,0.0981
HOM-1013,4 weeks,2025-01-20,3,1,49.7,62.6,1.02,home_kitchen,East,60.0,0.0981
HOM-1015,4 weeks,2025-01-20,3,1,26.9,35.9,0.87,home_kitchen,South,60.0,0.0981
HOM-1017,4 weeks,2025-01-20,3,1,58.5,71.7,0.97,home_kitchen,West,60.0,0.0981
HOM-1019,4 weeks,2025-01-20,3,1,78.6,98.6,0.956,home_kitchen,East,60.0,0.0981
HOM-1022,4 weeks,2025-01-20,3,1,102.8,120.5,0.992,home_kitchen,Central,60.0,0.0981
HOM-1024,4 weeks,2025-01-20,3,1,10.5,16.2,1.002,home_kitchen,Central,60.0,0.0981
HOM-1030,4 weeks,2025-01-20,3,1,35.7,50.8,0.812,home_kitchen,South,60.0,0.0981
HOM-1032,4 weeks,2025-01-20,3,1,42.1,52.3,1.002,home_kitchen,East,60.0,0.0981
HOM-1035,4 weeks,2025-01-20,3,1,37.5,48.4,0.974,home_kitchen,South,60.0,0.0981
HOM-1036,4 weeks,2025-01-20,3,1,79.7,96.7,0.979,home_kitchen,West,60.0,0.0981
HOM-1037,4 weeks,2025-01-20,3,1,58.8,73.9,0.917,home_kitchen,West,60.0,0.0981
HOM-1038,4 weeks,2025-01-20,3,1,29.0,39.0,0.888,home_kitchen,North,60.0,0.0981
HOM-1039,4 weeks,2025-01-20,3,1,42.7,55.9,0.956,home_kitchen,North,60.0,0.0981
SPO-1001,4 weeks,2025-01-20,3,1,51.7,60.0,0.936,sports_outdoor,East,70.0,0.1196
SPO-1003,4 weeks,2025-01-20,3,1,54.9,64.9,0.942,sports_outdoor,North,70.0,0.1196
SPO-1004,4 weeks,2025-01-20,3,1,27.0,34.7,0.964,sports_outdoor,North,70.0,0.1196
SPO-1005,4 weeks,2025-01-20,3,1,25.4,30.8,1.193,sports_outdoor,Central,70.0,0.1196
SPO-1007,4 weeks,2025-01-20,3,1,42.3,49.9,1.034,sports_outdoor,North,70.0,0.1196
SPO-1008,4 weeks,2025-01-20,3,1,24.7,32.0,1.018,sports_outdoor,South,70.0,0.1196
SPO-1009,4 weeks,2025-01-20,3,1,20.0,24.7,1.021,sports_outdoor,North,70.0,0.1196
SPO-1012,4 weeks,2025-01-20,3,1,34.1,43.6,1.061,sports_outdoor,North,70.0,0.1196
SPO-1014,4 weeks,2025-01-20,3,1,25.6,31.0,1.056,sports_outdoor,Central,70.0,0.1196
SPO-1019,4 weeks,2025-01-20,3,1,47.4,56.2,0.948,sports_outdoor,West,70.0,0.1196
SPO-1021,4 weeks,2025-01-20,3,1,11.6,15.0,0.915,sports_outdoor,South,70.0,0.1196
SPO-1024,4 weeks,2025-01-20,3,1,69.0,81.1,1.039,sports_outdoor,Central,70.0,0.1196
SPO-1026,4 weeks,2025-01-20,3,1,13.2,18.5,0.972,sports_outdoor,West,70.0,0.1196
SPO-1029,4 weeks,2025-01-20,3,1,43.7,51.8,1.149,sports_outdoor,South,70.0,0.1196
SPO-1030,4 weeks,2025-01-20,3,1,17.2,22.2,1.067,sports_outdoor,East,70.0,0.1196
SPO-1032,4 weeks,2025-01-20,3,1,18.1,22.2,0.975,sports_outdoor,Central,70.0,0.1196
SPO-1034,4 weeks,2025-01-20,3,1,46.5,54.4,1.075,sports_outdoor,North,70.0,0.1196
SPO-1035,4 weeks,2025-01-20,3,1,58.9,71.3,1.045,sports_outdoor,West,70.0,0.1196
SPO-1036,4 weeks,2025-01-20,3,1,30.6,38.1,1.026,sports_outdoor,East,70.0,0.1196
SPO-1039,4 weeks,2025-01-20,3,1,33.5,41.3,1.061,sports_outdoor,Central,70.0,0.1196
TOY-1002,4 weeks,2025-01-20,3,1,39.4,46.5,0.963,toys_games,East,35.0,0.0707
TOY-1010,4 weeks,2025-01-20,3,1,40.6,47.7,1.036,toys_games,Central,35.0,0.0707
TOY-1011,4 weeks,2025-01-20,3,1,12.7,17.0,1.106,toys_games,South,35.0,0.0707
TOY-1013,4 weeks,2025-01-20,3,1,55.3,64.3,0.96,toys_games,East,35.0,0.0707
TOY-1018,4 weeks,2025-01-20,3,1,63.7,75.3,0.981,toys_games,East,35.0,0.0707
TOY-1019,4 weeks,2025-01-20,3,1,20.1,27.3,0.982,toys_games,Central,35.0,0.0707
TOY-1020,4 weeks,2025-01-20,3,1,30.6,37.4,1.027,toys_games,South,35.0,0.0707
TOY-1021,4 weeks,2025-01-20,3,1,92.4,104.9,0.913,toys_games,North,35.0,0.0707
TOY-1024,4 weeks,2025-01-20,3,1,37.8,48.9,0.847,toys_games,South,35.0,0.0707
TOY-1025,4 weeks,2025-01-20,3,1,17.2,23.7,0.83,toys_games,West,35.0,0.0707
TOY-1030,4 weeks,2025-01-20,3,1,24.0,31.4,0.993,toys_games,South,35.0,0.0707
TOY-1031,4 weeks,2025-01-20,3,1,17.7,26.4,0.829,toys_games,South,35.0,0.0707
TOY-1034,4 weeks,2025-01-20,3,1,101.4,113.6,1.001,toys_games,North,35.0,0.0707
TOY-1035,4 weeks,2025-01-20,3,1,71.6,83.2,0.979,toys_games,East,35.0,0.0707
TOY-1038,4 weeks,2025-01-20,3,1,46.0,53.1,1.089,toys_games,South,35.0,0.0707
APP-1000,4 weeks,2025-01-27,4,1,80.5,89.9,1.108,apparel,West,45.0,0.2808
APP-1001,4 weeks,2025-01-27,4,1,101.7,111.9,1.011,apparel,East,45.0,0.2808
APP-1002,4 weeks,2025-01-27,4,1,98.5,107.4,0.926,apparel,North,45.0,0.2808
APP-1004,4 weeks,2025-01-27,4,1,177.2,193.6,0.898,apparel,Central,45.0,0.2808
APP-1006,4 weeks,2025-01-27,4,1,87.9,97.4,0.95,apparel,West,45.0,0.2808
APP-1008,4 weeks,2025-01-27,4,1,126.4,140.0,0.895,apparel,South,45.0,0.2808
APP-1009,4 weeks,2025-01-27,4,1,37.3,46.0,0.851,apparel,North,45.0,0.2808
APP-1012,4 weeks,2025-01-27,4,1,161.0,176.3,0.954,apparel,North,45.0,0.2808
APP-1016,4 weeks,2025-01-27,4,1,55.0,63.0,0.9,apparel,West,45.0,0.2808
APP-1018,4 weeks,2025-01-27,4,1,37.0,43.7,1.001,apparel,East,45.0,0.2808
APP-1019,4 weeks,2025-01-27,4,1,147.3,159.2,1.033,apparel,Central,45.0,0.2808
APP-1020,4 weeks,2025-01-27,4,1,100.0,112.6,0.862,apparel,South,45.0,0.2808
APP-1022,4 weeks,2025-01-27,4,1,106.3,114.6,0.885,apparel,South,45.0,0.2808
APP-1023,4 weeks,2025-01-27,4,1,47.2,55.3,0.924,apparel,West,45.0,0.2808
APP-1025,4 weeks,2025-01-27,4,1,182.3,199.4,0.905,apparel,Central,45.0,0.2808
APP-1027,4 weeks,2025-01-27,4,1,79.1,89.0,0.854,apparel,South,45.0,0.2808
APP-1028,4 weeks,2025-01-27,4,1,91.4,103.0,0.851,apparel,North,45.0,0.2808
APP-1029,4 weeks,2025-01-27,4,1,124.5,134.3,0.889,apparel,North,45.0,0.2808
APP-1031,4 weeks,2025-01-27,4,1,20.1,25.2,0.918,apparel,Central,45.0,0.2808
APP-1032,4 weeks,2025-01-27,4,1,124.8,135.1,0.887,apparel,East,45.0,0.2808
APP-1034,4 weeks,2025-01-27,4,1,58.0,65.3,0.89,apparel,North,45.0,0.2808
APP-1037,4 weeks,2025-01-27,4,1,66.7,76.8,0.955,apparel,Central,45.0,0.2808
APP-1038,4 weeks,2025-01-27,4,1,31.6,37.8,0.929,apparel,North,45.0,0.2808
BEA-1004,4 weeks,2025-01-27,4,1,81.7,93.9,0.968,beauty,West,25.0,0.0791
BEA-1006,4 weeks,2025-01-27,4,1,85.2,97.2,0.93,beauty,West,25.0,0.0791
BEA-1007,4 weeks,2025-01-27,4,1,60.5,70.4,0.87,beauty,South,25.0,0.0791
BEA-1009,4 weeks,2025-01-27,4,1,69.3,79.2,0.909,beauty,East,25.0,0.0791
BEA-1011,4 weeks,2025-01-27,4,1,41.8,51.8,0.904,beauty,North,25.0,0.0791
BEA-1012,4 weeks,2025-01-27,4,1,84.1,94.4,1.062,beauty,Central,25.0,0.0791
BEA-1013,4 weeks,2025-01-27,4,1,66.3,76.9,0.914,beauty,West,25.0,0.0791
BEA-1014,4 weeks,2025-01-27,4,1,87.4,99.6,0.903,beauty,West,25.0,0.0791
BEA-1016,4 weeks,2025-01-27,4,1,50.6,60.8,0.903,beauty,East,25.0,0.0791
BEA-1017,4 weeks,2025-01-27,4,1,48.6,57.3,0.967,beauty,East,25.0,0.0791
BEA-1018,4 weeks,2025-01-27,4,1,40.9,56.7,0.807,beauty,North,25.0,0.0791
BEA-1019,4 weeks,2025-01-27,4,1,37.2,48.4,0.858,beauty,North,25.0,0.0791
BEA-1020,4 weeks,2025-01-27,4,1,59.2,69.5,0.877,beauty,South,25.0,0.0791
BEA-1021,4 weeks,2025-01-27,4,1,17.9,24.2,0.852,beauty,Central,25.0,0.0791
BEA-1024,4 weeks,2025-01-27,4,1,93.3,106.7,0.923,beauty,South,25.0,0.0791
BEA-1025,4 weeks,2025-01-27,4,1,30.2,38.3,0.91,beauty,West,25.0,0.0791
BEA-1027,4 weeks,2025-01-27,4,1,57.7,69.1,0.904,beauty,Central,25.0,0.0791
BEA-1028,4 weeks,2025-01-27,4,1,38.4,47.1,0.957,beauty,South,25.0,0.0791
BEA-1030,4 weeks,2025-01-27,4,1,47.8,58.4,0.885,beauty,West,25.0,0.0791
BEA-1031,4 weeks,2025-01-27,4,1,74.2,84.9,0.997,beauty,South,25.0,0.0791
BEA-1032,4 weeks,2025-01-27,4,1,82.3,95.8,0.955,beauty,North,25.0,0.0791
BEA-1037,4 weeks,2025-01-27,4,1,38.2,47.6,0.924,beauty,Central,25.0,0.0791
BOO-1000,4 weeks,2025-01-27,4,1,20.6,26.6,0.832,books_media,North,20.0,0.0494
BOO-1001,4 weeks,2025-01-27,4,1,29.7,37.1,1.064,books_media,East,20.0,0.0494
BOO-1002,4 weeks,2025-01-27,4,1,20.5,28.7,0.9,books_media,Central,20.0,0.0494
BOO-1004,4 weeks,2025-01-27,4,1,36.1,45.4,1.048,books_media,South,20.0,0.0494
BOO-1005,4 weeks,2025-01-27,4,1,37.2,45.6,1.049,books_media,Central,20.0,0.0494
BOO-1006,4 weeks,2025-01-27,4,1,35.0,43.8,1.092,books_media,South,20.0,0.0494
BOO-1007,4 weeks,2025-01-27,4,1,16.4,22.7,1.073,books_media,West,20.0,0.0494
BOO-1008,4 weeks,2025-01-27,4,1,32.3,41.1,1.142,books_media,Central,20.0,0.0494
BOO-1011,4 weeks,2025-01-27,4,1,40.3,51.6,1.073,books_media,South,20.0,0.0494
BOO-1016,4 weeks,2025-01-27,4,1,17.4,24.6,1.1,books_media,North,20.0,0.0494
BOO-1018,4 weeks,2025-01-27,4,1,11.5,16.9,1.049,books_media,South,20.0,0.0494
BOO-1022,4 weeks,2025-01-27,4,1,11.5,16.2,1.171,books_media,Central,20.0,0.0494
BOO-1023,4 weeks,2025-01-27,4,1,23.5,30.6,0.995,books_media,North,20.0,0.0494
BOO-1024,4 weeks,2025-01-27,4,1,15.7,21.7,1.038,books_media,East,20.0,0.0494
BOO-1025,4 weeks,2025-01-27,4,1,43.8,57.3,1.036,books_media,Central,20.0,0.0494
BOO-1026,4 weeks,2025-01-27,4,1,5.9,9.9,1.115,books_media,West,20.0,0.0494
BOO-1027,4 weeks,2025-01-27,4,1,4.1,9.6,0.644,books_media,North,20.0,0.0494
BOO-1029,4 weeks,2025-01-27,4,1,31.4,41.6,1.078,books_media,East,20.0,0.0494
BOO-1031,4 weeks,2025-01-27,4,1,39.2,51.1,0.908,books_media,West,20.0,0.0494
BOO-1033,4 weeks,2025-01-27,4,1,6.9,11.1,1.222,books_media,East,20.0,0.0494
BOO-1034,4 weeks,2025-01-27,4,1,26.5,35.2,0.972,books_media,South,20.0,0.0494
BOO-1038,4 weeks,2025-01-27,4,1,43.2,54.7,1.057,books_media,North,20.0,0.0494
ELE-1002,4 weeks,2025-01-27,4,1,81.9,95.8,0.935,electronics,South,180.0,0.0888
ELE-1005,4 weeks,2025-01-27,4,1,20.3,26.4,1.057,electronics,West,180.0,0.0888
ELE-1006,4 weeks,2025-01-27,4,1,116.7,129.8,0.964,electronics,North,180.0,0.0888
ELE-1011,4 weeks,2025-01-27,4,1,18.6,27.2,1.135,electronics,Central,180.0,0.0888
ELE-1012,4 weeks,2025-01-27,4,1,35.3,43.1,0.958,electronics,South,180.0,0.0888
ELE-1013,4 weeks,2025-01-27,4,1,22.8,28.9,0.919,electronics,East,180.0,0.0888
ELE-1014,4 weeks,2025-01-27,4,1,18.1,23.9,0.918,electronics,North,180.0,0.0888
ELE-1017,4 weeks,2025-01-27,4,1,87.4,108.3,0.824,electronics,South,180.0,0.0888
ELE-1018,4 weeks,2025-01-27,4,1,37.6,45.1,1.031,electronics,East,180.0,0.0888
ELE-1022,4 weeks,2025-01-27,4,1,40.7,50.0,0.939,electronics,East,180.0,0.0888
ELE-1023,4 weeks,2025-01-27,4,1,74.3,84.9,1.015,electronics,North,180.0,0.0888
ELE-1024,4 weeks,2025-01-27,4,1,36.0,47.5,0.846,electronics,Central,180.0,0.0888
ELE-1026,4 weeks,2025-01-27,4,1,32.1,39.4,0.913,electronics,Central,180.0,0.0888
ELE-1027,4 weeks,2025-01-27,4,1,42.0,49.9,1.063,electronics,North,180.0,0.0888
ELE-1029,4 weeks,2025-01-27,4,1,85.2,99.8,0.971,electronics,North,180.0,0.0888
ELE-1031,4 weeks,2025-01-27,4,1,95.3,113.3,1.119,electronics,South,180.0,0.0888
ELE-1035,4 weeks,2025-01-27,4,1,44.5,53.2,1.088,electronics,East,180.0,0.0888
ELE-1036,4 weeks,2025-01-27,4,1,52.5,61.7,1.131,electronics,North,180.0,0.0888
ELE-1038,4 weeks,2025-01-27,4,1,87.7,100.6,1.104,electronics,South,180.0,0.0888
GRO-1000,4 weeks,2025-01-27,4,1,93.4,112.6,1.024,grocery,North,15.0,0.0201
GRO-1002,4 weeks,2025-01-27,4,1,103.8,125.7,0.936,grocery,North,15.0,0.0201
GRO-1004,4 weeks,2025-01-27,4,1,183.4,220.7,0.949,grocery,North,15.0,0.0201
GRO-1005,4 weeks,2025-01-27,4,1,142.2,169.5,0.983,grocery,East,15.0,0.0201
GRO-1006,4 weeks,2025-01-27,4,1,67.3,83.4,1.012,grocery,West,15.0,0.0201
GRO-1007,4 weeks,2025-01-27,4,1,125.8,150.5,0.978,grocery,South,15.0,0.0201
GRO-1009,4 weeks,2025-01-27,4,1,30.3,39.7,0.956,grocery,West,15.0,0.0201
GRO-1012,4 weeks,2025-01-27,4,1,190.5,225.1,0.991,grocery,North,15.0,0.0201
GRO-1015,4 weeks,2025-01-27,4,1,68.0,84.4,0.963,grocery,North,15.0,0.0201
GRO-1016,4 weeks,2025-01-27,4,1,79.3,98.8,0.96,grocery,North,15.0,0.0201
GRO-1017,4 weeks,2025-01-27,4,1,96.7,116.9,0.94,grocery,South,15.0,0.0201
GRO-1024,4 weeks,2025-01-27,4,1,63.6,81.5,1.025,grocery,South,15.0,0.0201
GRO-1025,4 weeks,2025-01-27,4,1,111.6,135.4,0.93,grocery,Central,15.0,0.0201
GRO-1027,4 weeks,2025-01-27,4,1,64.4,80.1,0.942,grocery,West,15.0,0.0201
GRO-1028,4 weeks,2025-01-27,4,1,119.1,147.8,0.975,grocery,North,15.0,0.0201
GRO-1030,4 weeks,2025-01-27,4,1,83.5,103.3,0.97,grocery,West,15.0,0.0201
GRO-1034,4 weeks,2025-01-27,4,1,89.3,108.5,1.046,grocery,North,15.0,0.0201
GRO-1038,4 weeks,2025-01-27,4,1,48.9,63.3,1.008,grocery,West,15.0,0.0201
HOM-1001,4 weeks,2025-01-27,4,1,101.3,121.6,0.954,home_kitchen,Central,60.0,0.0981
HOM-1003,4 weeks,2025-01-27,4,1,26.0,33.4,1.035,home_kitchen,East,60.0,0.0981
HOM-1006,4 weeks,2025-01-27,4,1,30.5,40.9,0.934,home_kitchen,West,60.0,0.0981
HOM-1010,4 weeks,2025-01-27,4,1,27.9,36.4,0.997,home_kitchen,West,60.0,0.0981
HOM-1011,4 weeks,2025-01-27,4,1,75.0,93.7,0.924,home_kitchen,West,60.0,0.0981
HOM-1013,4 weeks,2025-01-27,4,1,50.0,63.2,1.02,home_kitchen,East,60.0,0.0981
HOM-1015,4 weeks,2025-01-27,4,1,27.2,36.0,0.87,home_kitchen,South,60.0,0.0981
HOM-1017,4 weeks,2025-01-27,4,1,58.5,72.9,0.97,home_kitchen,West,60.0,0.0981
HOM-1019,4 weeks,2025-01-27,4,1,78.8,99.4,0.956,home_kitchen,East,60.0,0.0981
HOM-1022,4 weeks,2025-01-27,4,1,103.3,121.5,0.992,home_kitchen,Central,60.0,0.0981
HOM-1024,4 weeks,2025-01-27,4,1,10.5,16.8,1.002,home_kitchen,Central,60.0,0.0981
HOM-1030,4 weeks,2025-01-27,4,1,35.6,50.6,0.812,home_kitchen,South,60.0,0.0981
HOM-1032,4 weeks,2025-01-27,4,1,42.2,53.2,1.002,home_kitchen,East,60.0,0.0981
HOM-1035,4 weeks,2025-01-27,4,1,37.6,48.5,0.974,home_kitchen,South,60.0,0.0981
HOM-1036,4 weeks,2025-01-27,4,1,80.0,97.5,0.979,home_kitchen,West,60.0,0.0981
HOM-1037,4 weeks,2025-01-27,4,1,58.9,75.1,0.917,home_kitchen,West,60.0,0.0981
HOM-1038,4 weeks,2025-01-27,4,1,29.1,39.3,0.888,home_kitchen,North,60.0,0.0981
HOM-1039,4 weeks,2025-01-27,4,1,42.9,56.2,0.956,home_kitchen,North,60.0,0.0981
SPO-1001,4 weeks,2025-01-27,4,1,51.5,60.0,0.936,sports_outdoor,East,70.0,0.1196
SPO-1003,4 weeks,2025-01-27,4,1,54.3,65.0,0.942,sports_outdoor,North,70.0,0.1196
SPO-1004,4 weeks,2025-01-27,4,1,26.9,34.6,0.964,sports_outdoor,North,70.0,0.1196
SPO-1005,4 weeks,2025-01-27,4,1,25.3,31.3,1.193,sports_outdoor,Central,70.0,0.1196
SPO-1007,4 weeks,2025-01-27,4,1,42.2,49.9,1.034,sports_outdoor,North,70.0,0.1196
SPO-1008,4 weeks,2025-01-27,4,1,24.9,32.0,1.018,sports_outdoor,South,70.0,0.1196
SPO-1009,4 weeks,2025-01-27,4,1,20.0,25.0,1.021,sports_outdoor,North,70.0,0.1196
SPO-1012,4 weeks,2025-01-27,4,1,34.0,43.5,1.061,sports_outdoor,North,70.0,0.1196
SPO-1014,4 weeks,2025-01-27,4,1,25.5,31.0,1.056,sports_outdoor,Central,70.0,0.1196
SPO-1019,4 weeks,2025-01-27,4,1,47.2,56.0,0.948,sports_outdoor,West,70.0,0.1196
SPO-1021,4 weeks,2025-01-27,4,1,11.5,15.5,0.915,sports_outdoor,South,70.0,0.1196
SPO-1024,4 weeks,2025-01-27,4,1,68.4,80.9,1.039,sports_outdoor,Central,70.0,0.1196
SPO-1026,4 weeks,2025-01-27,4,1,13.0,18.9,0.972,sports_outdoor,West,70.0,0.1196
SPO-1029,4 weeks,2025-01-27,4,1,43.6,51.7,1.149,sports_outdoor,South,70.0,0.1196
SPO-1030,4 weeks,2025-01-27,4,1,17.5,22.0,1.067,sports_outdoor,East,70.0,0.1196
SPO-1032,4 weeks,2025-01-27,4,1,18.2,22.5,0.975,sports_outdoor,Central,70.0,0.1196
SPO-1034,4 weeks,2025-01-27,4,1,46.1,54.5,1.075,sports_outdoor,North,70.0,0.1196
SPO-1035,4 weeks,2025-01-27,4,1,58.7,71.0,1.045,sports_outdoor,West,70.0,0.1196
SPO-1036,4 weeks,2025-01-27,4,1,30.5,38.0,1.026,sports_outdoor,East,70.0,0.1196
SPO-1039,4 weeks,2025-01-27,4,1,33.4,41.2,1.061,sports_outdoor,Central,70.0,0.1196
TOY-1002,4 weeks,2025-01-27,4,1,39.6,46.8,0.963,toys_games,East,35.0,0.0707
TOY-1010,4 weeks,2025-01-27,4,1,38.4,48.2,1.036,toys_games,Central,35.0,0.0707
TOY-1011,4 weeks,2025-01-27,4,1,12.6,16.7,1.106,toys_games,South,35.0,0.0707
TOY-1013,4 weeks,2025-01-27,4,1,55.4,64.0,0.96,toys_games,East,35.0,0.0707
TOY-1018,4 weeks,2025-01-27,4,1,63.2,74.9,0.981,toys_games,East,35.0,0.0707
TOY-1019,4 weeks,2025-01-27,4,1,20.4,27.4,0.982,toys_games,Central,35.0,0.0707
TOY-1020,4 weeks,2025-01-27,4,1,30.2,37.4,1.027,toys_games,South,35.0,0.0707
TOY-1021,4 weeks,2025-01-27,4,1,91.8,103.1,0.913,toys_games,North,35.0,0.0707
TOY-1024,4 weeks,2025-01-27,4,1,37.1,48.9,0.847,toys_games,South,35.0,0.0707
TOY-1025,4 weeks,2025-01-27,4,1,17.5,24.3,0.83,toys_games,West,35.0,0.0707
TOY-1030,4 weeks,2025-01-27,4,1,24.1,31.2,0.993,toys_games,South,35.0,0.0707
TOY-1031,4 weeks,2025-01-27,4,1,18.0,26.8,0.829,toys_games,South,35.0,0.0707
TOY-1034,4 weeks,2025-01-27,4,1,101.0,114.1,1.001,toys_games,North,35.0,0.0707
TOY-1035,4 weeks,2025-01-27,4,1,71.2,83.4,0.979,toys_games,East,35.0,0.0707
TOY-1038,4 weeks,2025-01-27,4,1,45.8,52.9,1.089,toys_games,South,35.0,0.0707
APP-1000,3 months,2025-01-06,1,0,55.5,74.0,1.108,apparel,West,45.0,0.2808
APP-1001,3 months,2025-01-06,1,0,58.8,90.1,1.011,apparel,East,45.0,0.2808
APP-1002,3 months,2025-01-06,1,0,69.1,81.6,0.926,apparel,North,45.0,0.2808
APP-1004,3 months,2025-01-06,1,0,119.6,137.5,0.898,apparel,Central,45.0,0.2808
APP-1006,3 months,2025-01-06,1,0,62.9,71.3,0.95,apparel,West,45.0,0.2808
APP-1008,3 months,2025-01-06,1,0,84.8,100.5,0.895,apparel,South,45.0,0.2808
APP-1009,3 months,2025-01-06,1,0,24.2,32.5,0.851,apparel,North,45.0,0.2808
APP-1012,3 months,2025-01-06,1,0,83.5,128.8,0.954,apparel,North,45.0,0.2808
APP-1016,3 months,2025-01-06,1,0,36.8,45.1,0.9,apparel,West,45.0,0.2808
APP-1018,3 months,2025-01-06,1,0,25.0,31.3,1.001,apparel,East,45.0,0.2808
APP-1019,3 months,2025-01-06,1,0,99.7,112.4,1.033,apparel,Central,45.0,0.2808
APP-1020,3 months,2025-01-06,1,0,67.3,81.8,0.862,apparel,South,45.0,0.2808
APP-1022,3 months,2025-01-06,1,0,70.7,83.3,0.885,apparel,South,45.0,0.2808
APP-1023,3 months,2025-01-06,1,0,31.2,38.6,0.924,apparel,West,45.0,0.2808
APP-1025,3 months,2025-01-06,1,0,91.4,141.4,0.905,apparel,Central,45.0,0.2808
APP-1027,3 months,2025-01-06,1,0,53.8,65.7,0.854,apparel,South,45.0,0.2808
APP-1028,3 months,2025-01-06,1,0,61.9,73.7,0.851,apparel,North,45.0,0.2808
APP-1029,3 months,2025-01-06,1,0,73.2,102.0,0.889,apparel,North,45.0,0.2808
APP-1031,3 months,2025-01-06,1,0,14.2,18.4,0.918,apparel,Central,45.0,0.2808
APP-1032,3 months,2025-01-06,1,0,83.3,103.3,0.887,apparel,East,45.0,0.2808
APP-1034,3 months,2025-01-06,1,0,37.9,48.0,0.89,apparel,North,45.0,0.2808
APP-1037,3 months,2025-01-06,1,0,46.0,53.2,0.955,apparel,Central,45.0,0.2808
APP-1038,3 months,2025-01-06,1,0,21.7,27.2,0.929,apparel,North,45.0,0.2808
BEA-1004,3 months,2025-01-06,1,0,56.6,74.6,0.968,beauty,West,25.0,0.0791
BEA-1006,3 months,2025-01-06,1,0,60.7,75.6,0.93,beauty,West,25.0,0.0791
BEA-1007,3 months,2025-01-06,1,0,45.6,56.6,0.87,beauty,South,25.0,0.0791
BEA-1009,3 months,2025-01-06,1,0,52.9,63.2,0.909,beauty,East,25.0,0.0791
BEA-1011,3 months,2025-01-06,1,0,32.7,40.8,0.904,beauty,North,25.0,0.0791
BEA-1012,3 months,2025-01-06,1,0,65.7,77.5,1.062,beauty,Central,25.0,0.0791
BEA-1013,3 months,2025-01-06,1,0,42.7,59.2,0.914,beauty,West,25.0,0.0791
BEA-1014,3 months,2025-01-06,1,0,67.0,81.6,0.903,beauty,West,25.0,0.0791
BEA-1016,3 months,2025-01-06,1,0,38.3,47.5,0.903,beauty,East,25.0,0.0791
BEA-1017,3 months,2025-01-06,1,0,36.3,45.3,0.967,beauty,East,25.0,0.0791
BEA-1018,3 months,2025-01-06,1,0,32.8,46.6,0.807,beauty,North,25.0,0.0791
BEA-1019,3 months,2025-01-06,1,0,28.8,37.5,0.858,beauty,North,25.0,0.0791
BEA-1020,3 months,2025-01-06,1,0,44.5,54.8,0.877,beauty,South,25.0,0.0791
BEA-1021,3 months,2025-01-06,1,0,14.2,20.4,0.852,beauty,Central,25.0,0.0791
BEA-1024,3 months,2025-01-06,1,0,68.7,85.6,0.923,beauty,South,25.0,0.0791
BEA-1025,3 months,2025-01-06,1,0,24.0,29.8,0.91,beauty,West,25.0,0.0791
BEA-1027,3 months,2025-01-06,1,0,43.1,53.5,0.904,beauty,Central,25.0,0.0791
BEA-1028,3 months,2025-01-06,1,0,29.0,37.0,0.957,beauty,South,25.0,0.0791
BEA-1030,3 months,2025-01-06,1,0,35.8,45.9,0.885,beauty,West,25.0,0.0791
BEA-1031,3 months,2025-01-06,1,0,57.6,68.2,0.997,beauty,South,25.0,0.0791
BEA-1032,3 months,2025-01-06,1,0,64.7,75.5,0.955,beauty,North,25.0,0.0791
BEA-1037,3 months,2025-01-06,1,0,28.9,36.7,0.924,beauty,Central,25.0,0.0791
BOO-1000,3 months,2025-01-06,1,0,16.1,23.0,0.832,books_media,North,20.0,0.0494
BOO-1001,3 months,2025-01-06,1,0,25.9,31.4,1.064,books_media,East,20.0,0.0494
BOO-1002,3 months,2025-01-06,1,0,17.9,23.8,0.9,books_media,Central,20.0,0.0494
BOO-1004,3 months,2025-01-06,1,0,30.2,38.2,1.048,books_media,South,20.0,0.0494
BOO-1005,3 months,2025-01-06,1,0,31.0,38.4,1.049,books_media,Central,20.0,0.0494
BOO-1006,3 months,2025-01-06,1,0,29.3,36.8,1.092,books_media,South,20.0,0.0494
BOO-1007,3 months,2025-01-06,1,0,15.4,19.9,1.073,books_media,West,20.0,0.0494
BOO-1008,3 months,2025-01-06,1,0,27.5,34.7,1.142,books_media,Central,20.0,0.0494
BOO-1011,3 months,2025-01-06,1,0,34.2,43.6,1.073,books_media,South,20.0,0.0494
BOO-1016,3 months,2025-01-06,1,0,16.1,20.6,1.1,books_media,North,20.0,0.0494
BOO-1018,3 months,2025-01-06,1,0,11.3,15.5,1.049,books_media,South,20.0,0.0494
BOO-1022,3 months,2025-01-06,1,0,10.1,14.3,1.171,books_media,Central,20.0,0.0494
BOO-1023,3 months,2025-01-06,1,0,20.9,26.5,0.995,books_media,North,20.0,0.0494
BOO-1024,3 months,2025-01-06,1,0,14.8,19.6,1.038,books_media,East,20.0,0.0494
BOO-1025,3 months,2025-01-06,1,0,37.2,48.3,1.036,books_media,Central,20.0,0.0494
BOO-1026,3 months,2025-01-06,1,0,6.1,8.2,1.115,books_media,West,20.0,0.0494
BOO-1027,3 months,2025-01-06,1,0,5.1,8.4,0.644,books_media,North,20.0,0.0494
BOO-1029,3 months,2025-01-06,1,0,27.6,34.4,1.078,books_media,East,20.0,0.0494
BOO-1031,3 months,2025-01-06,1,0,33.7,43.2,0.908,books_media,West,20.0,0.0494
BOO-1033,3 months,2025-01-06,1,0,7.2,8.6,1.222,books_media,East,20.0,0.0494
BOO-1034,3 months,2025-01-06,1,0,24.2,30.2,0.972,books_media,South,20.0,0.0494
BOO-1038,3 months,2025-01-06,1,0,36.5,44.7,1.057,books_media,North,20.0,0.0494
ELE-1002,3 months,2025-01-06,1,0,56.1,67.6,0.935,electronics,South,180.0,0.0888
ELE-1005,3 months,2025-01-06,1,0,14.2,18.1,1.057,electronics,West,180.0,0.0888
ELE-1006,3 months,2025-01-06,1,0,71.4,89.8,0.964,electronics,North,180.0,0.0888
ELE-1011,3 months,2025-01-06,1,0,13.8,18.3,1.135,electronics,Central,180.0,0.0888
ELE-1012,3 months,2025-01-06,1,0,23.6,30.0,0.958,electronics,South,180.0,0.0888
ELE-1013,3 months,2025-01-06,1,0,16.3,22.2,0.919,electronics,East,180.0,0.0888
ELE-1014,3 months,2025-01-06,1,0,12.0,16.8,0.918,electronics,North,180.0,0.0888
ELE-1017,3 months,2025-01-06,1,0,56.8,73.8,0.824,electronics,South,180.0,0.0888
ELE-1018,3 months,2025-01-06,1,0,25.4,31.1,1.031,electronics,East,180.0,0.0888
ELE-1022,3 months,2025-01-06,1,0,26.3,34.6,0.939,electronics,East,180.0,0.0888
ELE-1023,3 months,2025-01-06,1,0,50.1,60.0,1.015,electronics,North,180.0,0.0888
ELE-1024,3 months,2025-01-06,1,0,24.1,32.4,0.846,electronics,Central,180.0,0.0888
ELE-1026,3 months,2025-01-06,1,0,21.3,27.7,0.913,electronics,Central,180.0,0.0888
ELE-1027,3 months,2025-01-06,1,0,27.0,34.6,1.063,electronics,North,180.0,0.0888
ELE-1029,3 months,2025-01-06,1,0,57.7,70.2,0.971,electronics,North,180.0,0.0888
ELE-1031,3 months,2025-01-06,1,0,64.0,78.7,1.119,electronics,South,180.0,0.0888
ELE-1035,3 months,2025-01-06,1,0,29.7,36.1,1.088,electronics,East,180.0,0.0888
ELE-1036,3 months,2025-01-06,1,0,34.1,41.5,1.131,electronics,North,180.0,0.0888
ELE-1038,3 months,2025-01-06,1,0,59.7,72.0,1.104,electronics,South,180.0,0.0888
GRO-1000,3 months,2025-01-06,1,0,88.8,104.5,1.024,grocery,North,15.0,0.0201
GRO-1002,3 months,2025-01-06,1,0,95.9,112.8,0.936,grocery,North,15.0,0.0201
GRO-1004,3 months,2025-01-06,1,0,143.7,188.9,0.949,grocery,North,15.0,0.0201
GRO-1005,3 months,2025-01-06,1,0,133.1,151.2,0.983,grocery,East,15.0,0.0201
GRO-1006,3 months,2025-01-06,1,0,62.2,74.3,1.012,grocery,West,15.0,0.0201
GRO-1007,3 months,2025-01-06,1,0,119.5,133.7,0.978,grocery,South,15.0,0.0201
GRO-1009,3 months,2025-01-06,1,0,27.4,34.3,0.956,grocery,West,15.0,0.0201
GRO-1012,3 months,2025-01-06,1,0,100.8,185.8,0.991,grocery,North,15.0,0.0201
GRO-1015,3 months,2025-01-06,1,0,59.8,73.6,0.963,grocery,North,15.0,0.0201
GRO-1016,3 months,2025-01-06,1,0,76.2,89.1,0.96,grocery,North,15.0,0.0201
GRO-1017,3 months,2025-01-06,1,0,91.4,106.4,0.94,grocery,South,15.0,0.0201
GRO-1024,3 months,2025-01-06,1,0,59.9,71.0,1.025,grocery,South,15.0,0.0201
GRO-1025,3 months,2025-01-06,1,0,67.6,111.4,0.93,grocery,Central,15.0,0.0201
GRO-1027,3 months,2025-01-06,1,0,58.6,70.3,0.942,grocery,West,15.0,0.0201
GRO-1028,3 months,2025-01-06,1,0,105.8,127.5,0.975,grocery,North,15.0,0.0201
GRO-1030,3 months,2025-01-06,1,0,78.6,92.5,0.97,grocery,West,15.0,0.0201
GRO-1034,3 months,2025-01-06,1,0,84.8,99.4,1.046,grocery,North,15.0,0.0201
GRO-1038,3 months,2025-01-06,1,0,44.7,53.8,1.008,grocery,West,15.0,0.0201
HOM-1001,3 months,2025-01-06,1,0,76.3,100.4,0.954,home_kitchen,Central,60.0,0.0981
HOM-1003,3 months,2025-01-06,1,0,22.4,27.6,1.035,home_kitchen,East,60.0,0.0981
HOM-1006,3 months,2025-01-06,1,0,25.2,33.3,0.934,home_kitchen,West,60.0,0.0981
HOM-1010,3 months,2025-01-06,1,0,23.5,29.5,0.997,home_kitchen,West,60.0,0.0981
HOM-1011,3 months,2025-01-06,1,0,63.1,76.1,0.924,home_kitchen,West,60.0,0.0981
HOM-1013,3 months,2025-01-06,1,0,40.6,50.4,1.02,home_kitchen,East,60.0,0.0981
HOM-1015,3 months,2025-01-06,1,0,22.2,29.5,0.87,home_kitchen,South,60.0,0.0981
HOM-1017,3 months,2025-01-06,1,0,47.9,58.6,0.97,home_kitchen,West,60.0,0.0981
HOM-1019,3 months,2025-01-06,1,0,67.8,81.2,0.956,home_kitchen,East,60.0,0.0981
HOM-1022,3 months,2025-01-06,1,0,78.6,100.4,0.992,home_kitchen,Central,60.0,0.0981
HOM-1024,3 months,2025-01-06,1,0,9.2,13.6,1.002,home_kitchen,Central,60.0,0.0981
HOM-1030,3 months,2025-01-06,1,0,28.2,45.1,0.812,home_kitchen,South,60.0,0.0981
HOM-1032,3 months,2025-01-06,1,0,33.2,42.7,1.002,home_kitchen,East,60.0,0.0981
HOM-1035,3 months,2025-01-06,1,0,31.8,39.3,0.974,home_kitchen,South,60.0,0.0981
HOM-1036,3 months,2025-01-06,1,0,68.7,81.9,0.979,home_kitchen,West,60.0,0.0981
HOM-1037,3 months,2025-01-06,1,0,50.4,61.8,0.917,home_kitchen,West,60.0,0.0981
HOM-1038,3 months,2025-01-06,1,0,23.7,32.2,0.888,home_kitchen,North,60.0,0.0981
HOM-1039,3 months,2025-01-06,1,0,33.3,44.5,0.956,home_kitchen,North,60.0,0.0981
SPO-1001,3 months,2025-01-06,1,0,43.6,53.4,0.936,sports_outdoor,East,70.0,0.1196
SPO-1003,3 months,2025-01-06,1,0,45.9,57.0,0.942,sports_outdoor,North,70.0,0.1196
SPO-1004,3 months,2025-01-06,1,0,23.0,29.6,0.964,sports_outdoor,North,70.0,0.1196
SPO-1005,3 months,2025-01-06,1,0,22.2,28.0,1.193,sports_outdoor,Central,70.0,0.1196
SPO-1007,3 months,2025-01-06,1,0,35.4,43.9,1.034,sports_outdoor,North,70.0,0.1196
SPO-1008,3 months,2025-01-06,1,0,21.7,26.5,1.018,sports_outdoor,South,70.0,0.1196
SPO-1009,3 months,2025-01-06,1,0,16.9,22.2,1.021,sports_outdoor,North,70.0,0.1196
SPO-1012,3 months,2025-01-06,1,0,29.2,36.4,1.061,sports_outdoor,North,70.0,0.1196
SPO-1014,3 months,2025-01-06,1,0,21.3,26.8,1.056,sports_outdoor,Central,70.0,0.1196
SPO-1019,3 months,2025-01-06,1,0,39.5,49.8,0.948,sports_outdoor,West,70.0,0.1196
SPO-1021,3 months,2025-01-06,1,0,9.8,13.7,0.915,sports_outdoor,South,70.0,0.1196
SPO-1024,3 months,2025-01-06,1,0,60.9,68.0,1.039,sports_outdoor,Central,70.0,0.1196
SPO-1026,3 months,2025-01-06,1,0,11.4,15.0,0.972,sports_outdoor,West,70.0,0.1196
SPO-1029,3 months,2025-01-06,1,0,35.8,44.3,1.149,sports_outdoor,South,70.0,0.1196
SPO-1030,3 months,2025-01-06,1,0,15.4,19.1,1.067,sports_outdoor,East,70.0,0.1196
SPO-1032,3 months,2025-01-06,1,0,15.2,20.2,0.975,sports_outdoor,Central,70.0,0.1196
SPO-1034,3 months,2025-01-06,1,0,37.7,47.3,1.075,sports_outdoor,North,70.0,0.1196
SPO-1035,3 months,2025-01-06,1,0,38.2,57.3,1.045,sports_outdoor,West,70.0,0.1196
SPO-1036,3 months,2025-01-06,1,0,25.8,32.0,1.026,sports_outdoor,East,70.0,0.1196
SPO-1039,3 months,2025-01-06,1,0,27.7,34.0,1.061,sports_outdoor,Central,70.0,0.1196
TOY-1002,3 months,2025-01-06,1,0,24.1,31.3,0.963,toys_games,East,35.0,0.0707
TOY-1010,3 months,2025-01-06,1,0,24.5,33.3,1.036,toys_games,Central,35.0,0.0707
TOY-1011,3 months,2025-01-06,1,0,8.3,11.6,1.106,toys_games,South,35.0,0.0707
TOY-1013,3 months,2025-01-06,1,0,34.5,43.8,0.96,toys_games,East,35.0,0.0707
TOY-1018,3 months,2025-01-06,1,0,41.2,51.5,0.981,toys_games,East,35.0,0.0707
TOY-1019,3 months,2025-01-06,1,0,13.8,18.3,0.982,toys_games,Central,35.0,0.0707
TOY-1020,3 months,2025-01-06,1,0,19.3,25.7,1.027,toys_games,South,35.0,0.0707
TOY-1021,3 months,2025-01-06,1,0,61.1,74.8,0.913,toys_games,North,35.0,0.0707
TOY-1024,3 months,2025-01-06,1,0,23.8,33.1,0.847,toys_games,South,35.0,0.0707
TOY-1025,3 months,2025-01-06,1,0,11.8,16.2,0.83,toys_games,West,35.0,0.0707
TOY-1030,3 months,2025-01-06,1,0,16.3,22.2,0.993,toys_games,South,35.0,0.0707
TOY-1031,3 months,2025-01-06,1,0,13.6,19.1,0.829,toys_games,South,35.0,0.0707
TOY-1034,3 months,2025-01-06,1,0,64.6,85.2,1.001,toys_games,North,35.0,0.0707
TOY-1035,3 months,2025-01-06,1,0,47.3,57.8,0.979,toys_games,East,35.0,0.0707
TOY-1038,3 months,2025-01-06,1,0,28.5,36.3,1.089,toys_games,South,35.0,0.0707
APP-1000,3 months,2025-01-13,2,0,56.0,69.6,1.108,apparel,West,45.0,0.2808
APP-1001,3 months,2025-01-13,2,0,73.2,82.8,1.011,apparel,East,45.0,0.2808
APP-1002,3 months,2025-01-13,2,0,69.8,79.8,0.926,apparel,North,45.0,0.2808
APP-1004,3 months,2025-01-13,2,0,119.1,134.5,0.898,apparel,Central,45.0,0.2808
APP-1006,3 months,2025-01-13,2,0,63.0,70.2,0.95,apparel,West,45.0,0.2808
APP-1008,3 months,2025-01-13,2,0,87.9,100.7,0.895,apparel,South,45.0,0.2808
APP-1009,3 months,2025-01-13,2,0,24.8,32.4,0.851,apparel,North,45.0,0.2808
APP-1012,3 months,2025-01-13,2,0,113.0,123.0,0.954,apparel,North,45.0,0.2808
APP-1016,3 months,2025-01-13,2,0,37.4,45.3,0.9,apparel,West,45.0,0.2808
APP-1018,3 months,2025-01-13,2,0,25.7,31.2,1.001,apparel,East,45.0,0.2808
APP-1019,3 months,2025-01-13,2,0,99.4,111.1,1.033,apparel,Central,45.0,0.2808
APP-1020,3 months,2025-01-13,2,0,67.4,78.5,0.862,apparel,South,45.0,0.2808
APP-1022,3 months,2025-01-13,2,0,71.2,81.9,0.885,apparel,South,45.0,0.2808
APP-1023,3 months,2025-01-13,2,0,32.2,38.9,0.924,apparel,West,45.0,0.2808
APP-1025,3 months,2025-01-13,2,0,101.8,140.4,0.905,apparel,Central,45.0,0.2808
APP-1027,3 months,2025-01-13,2,0,54.4,65.3,0.854,apparel,South,45.0,0.2808
APP-1028,3 months,2025-01-13,2,0,62.0,73.7,0.851,apparel,North,45.0,0.2808
APP-1029,3 months,2025-01-13,2,0,84.4,98.5,0.889,apparel,North,45.0,0.2808
APP-1031,3 months,2025-01-13,2,0,13.6,17.1,0.918,apparel,Central,45.0,0.2808
APP-1032,3 months,2025-01-13,2,0,83.5,102.0,0.887,apparel,East,45.0,0.2808
APP-1034,3 months,2025-01-13,2,0,38.5,46.8,0.89,apparel,North,45.0,0.2808
APP-1037,3 months,2025-01-13,2,0,46.1,53.8,0.955,apparel,Central,45.0,0.2808
APP-1038,3 months,2025-01-13,2,0,22.2,27.3,0.929,apparel,North,45.0,0.2808
BEA-1004,3 months,2025-01-13,2,0,58.6,76.6,0.968,beauty,West,25.0,0.0791
BEA-1006,3 months,2025-01-13,2,0,61.7,79.5,0.93,beauty,West,25.0,0.0791
BEA-1007,3 months,2025-01-13,2,0,47.2,59.1,0.87,beauty,South,25.0,0.0791
BEA-1009,3 months,2025-01-13,2,0,55.5,66.6,0.909,beauty,East,25.0,0.0791
BEA-1011,3 months,2025-01-13,2,0,33.9,42.4,0.904,beauty,North,25.0,0.0791
BEA-1012,3 months,2025-01-13,2,0,68.3,81.6,1.062,beauty,Central,25.0,0.0791
BEA-1013,3 months,2025-01-13,2,0,43.2,63.5,0.914,beauty,West,25.0,0.0791
BEA-1014,3 months,2025-01-13,2,0,70.4,86.6,0.903,beauty,West,25.0,0.0791
BEA-1016,3 months,2025-01-13,2,0,39.5,49.5,0.903,beauty,East,25.0,0.0791
BEA-1017,3 months,2025-01-13,2,0,37.6,46.6,0.967,beauty,East,25.0,0.0791
BEA-1018,3 months,2025-01-13,2,0,33.8,48.7,0.807,beauty,North,25.0,0.0791
BEA-1019,3 months,2025-01-13,2,0,30.2,39.6,0.858,beauty,North,25.0,0.0791
BEA-1020,3 months,2025-01-13,2,0,46.0,57.9,0.877,beauty,South,25.0,0.0791
BEA-1021,3 months,2025-01-13,2,0,14.5,20.7,0.852,beauty,Central,25.0,0.0791
BEA-1024,3 months,2025-01-13,2,0,75.9,90.6,0.923,beauty,South,25.0,0.0791
BEA-1025,3 months,2025-01-13,2,0,24.5,31.0,0.91,beauty,West,25.0,0.0791
BEA-1027,3 months,2025-01-13,2,0,45.0,56.1,0.904,beauty,Central,25.0,0.0791
BEA-1028,3 months,2025-01-13,2,0,30.7,38.9,0.957,beauty,South,25.0,0.0791
BEA-1030,3 months,2025-01-13,2,0,37.4,47.8,0.885,beauty,West,25.0,0.0791
BEA-1031,3 months,2025-01-13,2,0,59.7,71.6,0.997,beauty,South,25.0,0.0791
BEA-1032,3 months,2025-01-13,2,0,67.2,79.6,0.955,beauty,North,25.0,0.0791
BEA-1037,3 months,2025-01-13,2,0,30.1,39.0,0.924,beauty,Central,25.0,0.0791
BOO-1000,3 months,2025-01-13,2,0,16.2,22.5,0.832,books_media,North,20.0,0.0494
BOO-1001,3 months,2025-01-13,2,0,25.9,31.2,1.064,books_media,East,20.0,0.0494
BOO-1002,3 months,2025-01-13,2,0,17.9,23.9,0.9,books_media,Central,20.0,0.0494
BOO-1004,3 months,2025-01-13,2,0,29.8,37.3,1.048,books_media,South,20.0,0.0494
BOO-1005,3 months,2025-01-13,2,0,30.6,37.6,1.049,books_media,Central,20.0,0.0494
BOO-1006,3 months,2025-01-13,2,0,28.9,36.0,1.092,books_media,South,20.0,0.0494
BOO-1007,3 months,2025-01-13,2,0,15.2,19.6,1.073,books_media,West,20.0,0.0494
BOO-1008,3 months,2025-01-13,2,0,27.5,34.0,1.142,books_media,Central,20.0,0.0494
BOO-1011,3 months,2025-01-13,2,0,33.8,43.4,1.073,books_media,South,20.0,0.0494
BOO-1016,3 months,2025-01-13,2,0,15.8,20.4,1.1,books_media,North,20.0,0.0494
BOO-1018,3 months,2025-01-13,2,0,11.2,15.3,1.049,books_media,South,20.0,0.0494
BOO-1022,3 months,2025-01-13,2,0,10.4,13.7,1.171,books_media,Central,20.0,0.0494
BOO-1023,3 months,2025-01-13,2,0,21.0,25.8,0.995,books_media,North,20.0,0.0494
BOO-1024,3 months,2025-01-13,2,0,14.4,19.3,1.038,books_media,East,20.0,0.0494
BOO-1025,3 months,2025-01-13,2,0,36.7,47.9,1.036,books_media,Central,20.0,0.0494
BOO-1026,3 months,2025-01-13,2,0,6.4,8.3,1.115,books_media,West,20.0,0.0494
BOO-1027,3 months,2025-01-13,2,0,4.6,8.4,0.644,books_media,North,20.0,0.0494
BOO-1029,3 months,2025-01-13,2,0,27.3,33.8,1.078,books_media,East,20.0,0.0494
BOO-1031,3 months,2025-01-13,2,0,33.3,42.3,0.908,books_media,West,20.0,0.0494
BOO-1033,3 months,2025-01-13,2,0,7.1,10.0,1.222,books_media,East,20.0,0.0494
BOO-1034,3 months,2025-01-13,2,0,23.9,29.5,0.972,books_media,South,20.0,0.0494
BOO-1038,3 months,2025-01-13,2,0,35.1,43.4,1.057,books_media,North,20.0,0.0494
ELE-1002,3 months,2025-01-13,2,0,55.3,66.7,0.935,electronics,South,180.0,0.0888
ELE-1005,3 months,2025-01-13,2,0,14.5,18.0,1.057,electronics,West,180.0,0.0888
ELE-1006,3 months,2025-01-13,2,0,66.3,89.9,0.964,electronics,North,180.0,0.0888
ELE-1011,3 months,2025-01-13,2,0,14.0,18.1,1.135,electronics,Central,180.0,0.0888
ELE-1012,3 months,2025-01-13,2,0,23.9,29.9,0.958,electronics,South,180.0,0.0888
ELE-1013,3 months,2025-01-13,2,0,16.6,21.5,0.919,electronics,East,180.0,0.0888
ELE-1014,3 months,2025-01-13,2,0,12.3,16.7,0.918,electronics,North,180.0,0.0888
ELE-1017,3 months,2025-01-13,2,0,56.0,73.5,0.824,electronics,South,180.0,0.0888
ELE-1018,3 months,2025-01-13,2,0,25.6,31.0,1.031,electronics,East,180.0,0.0888
ELE-1022,3 months,2025-01-13,2,0,26.4,33.5,0.939,electronics,East,180.0,0.0888
ELE-1023,3 months,2025-01-13,2,0,51.4,59.3,1.015,electronics,North,180.0,0.0888
ELE-1024,3 months,2025-01-13,2,0,24.4,31.8,0.846,electronics,Central,180.0,0.0888
ELE-1026,3 months,2025-01-13,2,0,21.8,27.5,0.913,electronics,Central,180.0,0.0888
ELE-1027,3 months,2025-01-13,2,0,27.7,34.1,1.063,electronics,North,180.0,0.0888
ELE-1029,3 months,2025-01-13,2,0,58.1,69.9,0.971,electronics,North,180.0,0.0888
ELE-1031,3 months,2025-01-13,2,0,63.6,77.1,1.119,electronics,South,180.0,0.0888
ELE-1035,3 months,2025-01-13,2,0,30.6,35.4,1.088,electronics,East,180.0,0.0888
ELE-1036,3 months,2025-01-13,2,0,34.4,41.0,1.131,electronics,North,180.0,0.0888
ELE-1038,3 months,2025-01-13,2,0,60.3,73.0,1.104,electronics,South,180.0,0.0888
GRO-1000,3 months,2025-01-13,2,0,89.3,104.6,1.024,grocery,North,15.0,0.0201
GRO-1002,3 months,2025-01-13,2,0,96.3,113.5,0.936,grocery,North,15.0,0.0201
GRO-1004,3 months,2025-01-13,2,0,144.3,190.2,0.949,grocery,North,15.0,0.0201
GRO-1005,3 months,2025-01-13,2,0,133.6,151.5,0.983,grocery,East,15.0,0.0201
GRO-1006,3 months,2025-01-13,2,0,62.0,74.6,1.012,grocery,West,15.0,0.0201
GRO-1007,3 months,2025-01-13,2,0,119.9,133.9,0.978,grocery,South,15.0,0.0201
GRO-1009,3 months,2025-01-13,2,0,27.2,33.9,0.956,grocery,West,15.0,0.0201
GRO-1012,3 months,2025-01-13,2,0,95.3,186.4,0.991,grocery,North,15.0,0.0201
GRO-1015,3 months,2025-01-13,2,0,60.1,74.4,0.963,grocery,North,15.0,0.0201
GRO-1016,3 months,2025-01-13,2,0,76.5,89.5,0.96,grocery,North,15.0,0.0201
GRO-1017,3 months,2025-01-13,2,0,91.4,107.0,0.94,grocery,South,15.0,0.0201
GRO-1024,3 months,2025-01-13,2,0,60.1,71.3,1.025,grocery,South,15.0,0.0201
GRO-1025,3 months,2025-01-13,2,0,54.2,112.9,0.93,grocery,Central,15.0,0.0201
GRO-1027,3 months,2025-01-13,2,0,58.8,70.6,0.942,grocery,West,15.0,0.0201
GRO-1028,3 months,2025-01-13,2,0,106.1,128.1,0.975,grocery,North,15.0,0.0201
GRO-1030,3 months,2025-01-13,2,0,78.9,92.5,0.97,grocery,West,15.0,0.0201
GRO-1034,3 months,2025-01-13,2,0,85.2,99.7,1.046,grocery,North,15.0,0.0201
GRO-1038,3 months,2025-01-13,2,0,44.8,54.3,1.008,grocery,West,15.0,0.0201
HOM-1001,3 months,2025-01-13,2,0,75.4,102.0,0.954,home_kitchen,Central,60.0,0.0981
HOM-1003,3 months,2025-01-13,2,0,22.8,28.6,1.035,home_kitchen,East,60.0,0.0981
HOM-1006,3 months,2025-01-13,2,0,25.1,34.6,0.934,home_kitchen,West,60.0,0.0981
HOM-1010,3 months,2025-01-13,2,0,24.1,30.6,0.997,home_kitchen,West,60.0,0.0981
HOM-1011,3 months,2025-01-13,2,0,63.6,76.7,0.924,home_kitchen,West,60.0,0.0981
HOM-1013,3 months,2025-01-13,2,0,40.3,52.0,1.02,home_kitchen,East,60.0,0.0981
HOM-1015,3 months,2025-01-13,2,0,23.1,30.6,0.87,home_kitchen,South,60.0,0.0981
HOM-1017,3 months,2025-01-13,2,0,49.8,61.1,0.97,home_kitchen,West,60.0,0.0981
HOM-1019,3 months,2025-01-13,2,0,67.8,84.1,0.956,home_kitchen,East,60.0,0.0981
HOM-1022,3 months,2025-01-13,2,0,78.8,103.4,0.992,home_kitchen,Central,60.0,0.0981
HOM-1024,3 months,2025-01-13,2,0,9.7,14.1,1.002,home_kitchen,Central,60.0,0.0981
HOM-1030,3 months,2025-01-13,2,0,28.2,47.0,0.812,home_kitchen,South,60.0,0.0981
HOM-1032,3 months,2025-01-13,2,0,33.2,45.7,1.002,home_kitchen,East,60.0,0.0981
HOM-1035,3 months,2025-01-13,2,0,32.6,40.8,0.974,home_kitchen,South,60.0,0.0981
HOM-1036,3 months,2025-01-13,2,0,68.7,85.2,0.979,home_kitchen,West,60.0,0.0981
HOM-1037,3 months,2025-01-13,2,0,50.5,64.4,0.917,home_kitchen,West,60.0,0.0981
HOM-1038,3 months,2025-01-13,2,0,23.6,33.3,0.888,home_kitchen,North,60.0,0.0981
HOM-1039,3 months,2025-01-13,2,0,33.3,46.7,0.956,home_kitchen,North,60.0,0.0981
SPO-1001,3 months,2025-01-13,2,0,42.7,51.8,0.936,sports_outdoor,East,70.0,0.1196
SPO-1003,3 months,2025-01-13,2,0,46.5,56.3,0.942,sports_outdoor,North,70.0,0.1196
SPO-1004,3 months,2025-01-13,2,0,24.0,28.9,0.964,sports_outdoor,North,70.0,0.1196
SPO-1005,3 months,2025-01-13,2,0,22.3,27.6,1.193,sports_outdoor,Central,70.0,0.1196
SPO-1007,3 months,2025-01-13,2,0,35.4,42.7,1.034,sports_outdoor,North,70.0,0.1196
SPO-1008,3 months,2025-01-13,2,0,21.7,26.0,1.018,sports_outdoor,South,70.0,0.1196
SPO-1009,3 months,2025-01-13,2,0,17.2,21.9,1.021,sports_outdoor,North,70.0,0.1196
SPO-1012,3 months,2025-01-13,2,0,30.1,35.2,1.061,sports_outdoor,North,70.0,0.1196
SPO-1014,3 months,2025-01-13,2,0,21.9,26.2,1.056,sports_outdoor,Central,70.0,0.1196
SPO-1019,3 months,2025-01-13,2,0,39.6,48.7,0.948,sports_outdoor,West,70.0,0.1196
SPO-1021,3 months,2025-01-13,2,0,9.8,13.1,0.915,sports_outdoor,South,70.0,0.1196
SPO-1024,3 months,2025-01-13,2,0,60.0,68.1,1.039,sports_outdoor,Central,70.0,0.1196
SPO-1026,3 months,2025-01-13,2,0,11.5,14.3,0.972,sports_outdoor,West,70.0,0.1196
SPO-1029,3 months,2025-01-13,2,0,36.6,43.3,1.149,sports_outdoor,South,70.0,0.1196
SPO-1030,3 months,2025-01-13,2,0,15.5,18.2,1.067,sports_outdoor,East,70.0,0.1196
SPO-1032,3 months,2025-01-13,2,0,15.3,19.5,0.975,sports_outdoor,Central,70.0,0.1196
SPO-1034,3 months,2025-01-13,2,0,37.9,46.3,1.075,sports_outdoor,North,70.0,0.1196
SPO-1035,3 months,2025-01-13,2,0,38.9,58.5,1.045,sports_outdoor,West,70.0,0.1196
SPO-1036,3 months,2025-01-13,2,0,26.4,31.1,1.026,sports_outdoor,East,70.0,0.1196
SPO-1039,3 months,2025-01-13,2,0,27.7,33.5,1.061,sports_outdoor,Central,70.0,0.1196
TOY-1002,3 months,2025-01-13,2,0,24.3,30.9,0.963,toys_games,East,35.0,0.0707
TOY-1010,3 months,2025-01-13,2,0,25.2,32.3,1.036,toys_games,Central,35.0,0.0707
TOY-1011,3 months,2025-01-13,2,0,8.4,11.4,1.106,toys_games,South,35.0,0.0707
TOY-1013,3 months,2025-01-13,2,0,34.7,42.9,0.96,toys_games,East,35.0,0.0707
TOY-1018,3 months,2025-01-13,2,0,42.3,49.9,0.981,toys_games,East,35.0,0.0707
TOY-1019,3 months,2025-01-13,2,0,14.0,17.9,0.982,toys_games,Central,35.0,0.0707
TOY-1020,3 months,2025-01-13,2,0,20.1,25.6,1.027,toys_games,South,35.0,0.0707
TOY-1021,3 months,2025-01-13,2,0,60.0,70.8,0.913,toys_games,North,35.0,0.0707
TOY-1024,3 months,2025-01-13,2,0,24.4,32.5,0.847,toys_games,South,35.0,0.0707
TOY-1025,3 months,2025-01-13,2,0,11.8,16.0,0.83,toys_games,West,35.0,0.0707
TOY-1030,3 months,2025-01-13,2,0,16.5,21.9,0.993,toys_games,South,35.0,0.0707
TOY-1031,3 months,2025-01-13,2,0,13.5,18.5,0.829,toys_games,South,35.0,0.0707
TOY-1034,3 months,2025-01-13,2,0,63.9,83.0,1.001,toys_games,North,35.0,0.0707
TOY-1035,3 months,2025-01-13,2,0,48.2,55.0,0.979,toys_games,East,35.0,0.0707
TOY-1038,3 months,2025-01-13,2,0,28.3,35.2,1.089,toys_games,South,35.0,0.0707
APP-1000,3 months,2025-01-20,3,0,55.5,71.9,1.108,apparel,West,45.0,0.2808
APP-1001,3 months,2025-01-20,3,0,72.8,83.5,1.011,apparel,East,45.0,0.2808
APP-1002,3 months,2025-01-20,3,0,69.0,80.3,0.926,apparel,North,45.0,0.2808
APP-1004,3 months,2025-01-20,3,0,117.5,136.2,0.898,apparel,Central,45.0,0.2808
APP-1006,3 months,2025-01-20,3,0,61.4,70.9,0.95,apparel,West,45.0,0.2808
APP-1008,3 months,2025-01-20,3,0,84.8,101.8,0.895,apparel,South,45.0,0.2808
APP-1009,3 months,2025-01-20,3,0,24.5,33.2,0.851,apparel,North,45.0,0.2808
APP-1012,3 months,2025-01-20,3,0,112.4,124.7,0.954,apparel,North,45.0,0.2808
APP-1016,3 months,2025-01-20,3,0,36.0,45.8,0.9,apparel,West,45.0,0.2808
APP-1018,3 months,2025-01-20,3,0,25.4,31.3,1.001,apparel,East,45.0,0.2808
APP-1019,3 months,2025-01-20,3,0,93.1,113.2,1.033,apparel,Central,45.0,0.2808
APP-1020,3 months,2025-01-20,3,0,65.7,82.9,0.862,apparel,South,45.0,0.2808
APP-1022,3 months,2025-01-20,3,0,70.1,82.9,0.885,apparel,South,45.0,0.2808
APP-1023,3 months,2025-01-20,3,0,31.4,39.3,0.924,apparel,West,45.0,0.2808
APP-1025,3 months,2025-01-20,3,0,123.2,141.1,0.905,apparel,Central,45.0,0.2808
APP-1027,3 months,2025-01-20,3,0,53.7,65.7,0.854,apparel,South,45.0,0.2808
APP-1028,3 months,2025-01-20,3,0,61.2,73.2,0.851,apparel,North,45.0,0.2808
APP-1029,3 months,2025-01-20,3,0,81.7,99.9,0.889,apparel,North,45.0,0.2808
APP-1031,3 months,2025-01-20,3,0,13.4,17.3,0.918,apparel,Central,45.0,0.2808
APP-1032,3 months,2025-01-20,3,0,82.5,103.1,0.887,apparel,East,45.0,0.2808
APP-1034,3 months,2025-01-20,3,0,38.0,48.5,0.89,apparel,North,45.0,0.2808
APP-1037,3 months,2025-01-20,3,0,45.4,53.7,0.955,apparel,Central,45.0,0.2808
APP-1038,3 months,2025-01-20,3,0,21.7,27.1,0.929,apparel,North,45.0,0.2808
BEA-1004,3 months,2025-01-20,3,0,58.4,74.3,0.968,beauty,West,25.0,0.0791
BEA-1006,3 months,2025-01-20,3,0,62.7,77.1,0.93,beauty,West,25.0,0.0791
BEA-1007,3 months,2025-01-20,3,0,47.6,58.0,0.87,beauty,South,25.0,0.0791
BEA-1009,3 months,2025-01-20,3,0,55.7,64.4,0.909,beauty,East,25.0,0.0791
BEA-1011,3 months,2025-01-20,3,0,33.3,41.8,0.904,beauty,North,25.0,0.0791
BEA-1012,3 months,2025-01-20,3,0,69.1,79.6,1.062,beauty,Central,25.0,0.0791
BEA-1013,3 months,2025-01-20,3,0,43.8,60.3,0.914,beauty,West,25.0,0.0791
BEA-1014,3 months,2025-01-20,3,0,70.3,84.5,0.903,beauty,West,25.0,0.0791
BEA-1016,3 months,2025-01-20,3,0,39.9,48.6,0.903,beauty,East,25.0,0.0791
BEA-1017,3 months,2025-01-20,3,0,38.0,46.5,0.967,beauty,East,25.0,0.0791
BEA-1018,3 months,2025-01-20,3,0,34.4,47.7,0.807,beauty,North,25.0,0.0791
BEA-1019,3 months,2025-01-20,3,0,30.1,38.4,0.858,beauty,North,25.0,0.0791
BEA-1020,3 months,2025-01-20,3,0,46.5,56.0,0.877,beauty,South,25.0,0.0791
BEA-1021,3 months,2025-01-20,3,0,14.4,20.6,0.852,beauty,Central,25.0,0.0791
BEA-1024,3 months,2025-01-20,3,0,70.7,88.2,0.923,beauty,South,25.0,0.0791
BEA-1025,3 months,2025-01-20,3,0,24.0,30.5,0.91,beauty,West,25.0,0.0791
BEA-1027,3 months,2025-01-20,3,0,45.0,54.6,0.904,beauty,Central,25.0,0.0791
BEA-1028,3 months,2025-01-20,3,0,30.3,37.9,0.957,beauty,South,25.0,0.0791
BEA-1030,3 months,2025-01-20,3,0,37.4,46.5,0.885,beauty,West,25.0,0.0791
BEA-1031,3 months,2025-01-20,3,0,60.6,70.2,0.997,beauty,South,25.0,0.0791
BEA-1032,3 months,2025-01-20,3,0,68.0,77.6,0.955,beauty,North,25.0,0.0791
BEA-1037,3 months,2025-01-20,3,0,30.2,37.6,0.924,beauty,Central,25.0,0.0791
BOO-1000,3 months,2025-01-20,3,0,15.9,22.7,0.832,books_media,North,20.0,0.0494
BOO-1001,3 months,2025-01-20,3,0,25.4,31.2,1.064,books_media,East,20.0,0.0494
BOO-1002,3 months,2025-01-20,3,0,17.9,24.1,0.9,books_media,Central,20.0,0.0494
BOO-1004,3 months,2025-01-20,3,0,30.0,37.7,1.048,books_media,South,20.0,0.0494
BOO-1005,3 months,2025-01-20,3,0,30.6,37.8,1.049,books_media,Central,20.0,0.0494
BOO-1006,3 months,2025-01-20,3,0,29.1,36.6,1.092,books_media,South,20.0,0.0494
BOO-1007,3 months,2025-01-20,3,0,14.6,19.8,1.073,books_media,West,20.0,0.0494
BOO-1008,3 months,2025-01-20,3,0,27.4,34.3,1.142,books_media,Central,20.0,0.0494
BOO-1011,3 months,2025-01-20,3,0,33.2,43.0,1.073,books_media,South,20.0,0.0494
BOO-1016,3 months,2025-01-20,3,0,15.6,20.3,1.1,books_media,North,20.0,0.0494
BOO-1018,3 months,2025-01-20,3,0,11.0,14.4,1.049,books_media,South,20.0,0.0494
BOO-1022,3 months,2025-01-20,3,0,9.6,13.7,1.171,books_media,Central,20.0,0.0494
BOO-1023,3 months,2025-01-20,3,0,20.6,26.1,0.995,books_media,North,20.0,0.0494
BOO-1024,3 months,2025-01-20,3,0,14.4,19.1,1.038,books_media,East,20.0,0.0494
BOO-1025,3 months,2025-01-20,3,0,37.0,48.3,1.036,books_media,Central,20.0,0.0494
BOO-1026,3 months,2025-01-20,3,0,6.6,8.4,1.115,books_media,West,20.0,0.0494
BOO-1027,3 months,2025-01-20,3,0,4.9,8.5,0.644,books_media,North,20.0,0.0494
BOO-1029,3 months,2025-01-20,3,0,27.6,34.5,1.078,books_media,East,20.0,0.0494
BOO-1031,3 months,2025-01-20,3,0,33.7,43.0,0.908,books_media,West,20.0,0.0494
BOO-1033,3 months,2025-01-20,3,0,7.1,9.4,1.222,books_media,East,20.0,0.0494
BOO-1034,3 months,2025-01-20,3,0,23.4,29.3,0.972,books_media,South,20.0,0.0494
BOO-1038,3 months,2025-01-20,3,0,35.4,44.4,1.057,books_media,North,20.0,0.0494
ELE-1002,3 months,2025-01-20,3,0,59.8,71.7,0.935,electronics,South,180.0,0.0888
ELE-1005,3 months,2025-01-20,3,0,15.6,20.3,1.057,electronics,West,180.0,0.0888
ELE-1006,3 months,2025-01-20,3,0,72.4,96.6,0.964,electronics,North,180.0,0.0888
ELE-1011,3 months,2025-01-20,3,0,15.4,19.8,1.135,electronics,Central,180.0,0.0888
ELE-1012,3 months,2025-01-20,3,0,25.1,31.2,0.958,electronics,South,180.0,0.0888
ELE-1013,3 months,2025-01-20,3,0,17.5,23.0,0.919,electronics,East,180.0,0.0888
ELE-1014,3 months,2025-01-20,3,0,13.0,17.5,0.918,electronics,North,180.0,0.0888
ELE-1017,3 months,2025-01-20,3,0,62.8,77.4,0.824,electronics,South,180.0,0.0888
ELE-1018,3 months,2025-01-20,3,0,26.7,32.3,1.031,electronics,East,180.0,0.0888
ELE-1022,3 months,2025-01-20,3,0,28.4,35.8,0.939,electronics,East,180.0,0.0888
ELE-1023,3 months,2025-01-20,3,0,54.2,63.6,1.015,electronics,North,180.0,0.0888
ELE-1024,3 months,2025-01-20,3,0,25.8,33.8,0.846,electronics,Central,180.0,0.0888
ELE-1026,3 months,2025-01-20,3,0,23.4,29.3,0.913,electronics,Central,180.0,0.0888
ELE-1027,3 months,2025-01-20,3,0,28.8,36.0,1.063,electronics,North,180.0,0.0888
ELE-1029,3 months,2025-01-20,3,0,61.4,72.9,0.971,electronics,North,180.0,0.0888
ELE-1031,3 months,2025-01-20,3,0,69.4,82.4,1.119,electronics,South,180.0,0.0888
ELE-1035,3 months,2025-01-20,3,0,30.9,38.1,1.088,electronics,East,180.0,0.0888
ELE-1036,3 months,2025-01-20,3,0,36.6,43.9,1.131,electronics,North,180.0,0.0888
ELE-1038,3 months,2025-01-20,3,0,63.4,74.9,1.104,electronics,South,180.0,0.0888
GRO-1000,3 months,2025-01-20,3,0,85.2,98.6,1.024,grocery,North,15.0,0.0201
GRO-1002,3 months,2025-01-20,3,0,93.5,105.2,0.936,grocery,North,15.0,0.0201
GRO-1004,3 months,2025-01-20,3,0,160.5,185.5,0.949,grocery,North,15.0,0.0201
GRO-1005,3 months,2025-01-20,3,0,120.8,143.6,0.983,grocery,East,15.0,0.0201
GRO-1006,3 months,2025-01-20,3,0,59.6,70.4,1.012,grocery,West,15.0,0.0201
GRO-1007,3 months,2025-01-20,3,0,112.6,128.2,0.978,grocery,South,15.0,0.0201
GRO-1009,3 months,2025-01-20,3,0,26.2,33.0,0.956,grocery,West,15.0,0.0201
GRO-1012,3 months,2025-01-20,3,0,108.8,178.0,0.991,grocery,North,15.0,0.0201
GRO-1015,3 months,2025-01-20,3,0,53.0,68.7,0.963,grocery,North,15.0,0.0201
GRO-1016,3 months,2025-01-20,3,0,73.9,85.2,0.96,grocery,North,15.0,0.0201
GRO-1017,3 months,2025-01-20,3,0,86.8,100.9,0.94,grocery,South,15.0,0.0201
GRO-1024,3 months,2025-01-20,3,0,57.4,68.3,1.025,grocery,South,15.0,0.0201
GRO-1025,3 months,2025-01-20,3,0,65.0,107.0,0.93,grocery,Central,15.0,0.0201
GRO-1027,3 months,2025-01-20,3,0,56.8,67.1,0.942,grocery,West,15.0,0.0201
GRO-1028,3 months,2025-01-20,3,0,102.0,122.7,0.975,grocery,North,15.0,0.0201
GRO-1030,3 months,2025-01-20,3,0,76.2,88.4,0.97,grocery,West,15.0,0.0201
GRO-1034,3 months,2025-01-20,3,0,81.5,93.7,1.046,grocery,North,15.0,0.0201
GRO-1038,3 months,2025-01-20,3,0,43.2,50.6,1.008,grocery,West,15.0,0.0201
HOM-1001,3 months,2025-01-20,3,0,76.9,92.2,0.954,home_kitchen,Central,60.0,0.0981
HOM-1003,3 months,2025-01-20,3,0,23.1,26.8,1.035,home_kitchen,East,60.0,0.0981
HOM-1006,3 months,2025-01-20,3,0,25.1,31.9,0.934,home_kitchen,West,60.0,0.0981
HOM-1010,3 months,2025-01-20,3,0,22.8,28.5,0.997,home_kitchen,West,60.0,0.0981
HOM-1011,3 months,2025-01-20,3,0,61.8,74.9,0.924,home_kitchen,West,60.0,0.0981
HOM-1013,3 months,2025-01-20,3,0,38.2,48.5,1.02,home_kitchen,East,60.0,0.0981
HOM-1015,3 months,2025-01-20,3,0,22.5,28.8,0.87,home_kitchen,South,60.0,0.0981
HOM-1017,3 months,2025-01-20,3,0,48.4,56.7,0.97,home_kitchen,West,60.0,0.0981
HOM-1019,3 months,2025-01-20,3,0,65.9,78.6,0.956,home_kitchen,East,60.0,0.0981
HOM-1022,3 months,2025-01-20,3,0,79.2,93.2,0.992,home_kitchen,Central,60.0,0.0981
HOM-1024,3 months,2025-01-20,3,0,9.5,12.9,1.002,home_kitchen,Central,60.0,0.0981
HOM-1030,3 months,2025-01-20,3,0,28.9,43.2,0.812,home_kitchen,South,60.0,0.0981
HOM-1032,3 months,2025-01-20,3,0,32.8,42.7,1.002,home_kitchen,East,60.0,0.0981
HOM-1035,3 months,2025-01-20,3,0,31.5,38.7,0.974,home_kitchen,South,60.0,0.0981
HOM-1036,3 months,2025-01-20,3,0,66.2,80.1,0.979,home_kitchen,West,60.0,0.0981
HOM-1037,3 months,2025-01-20,3,0,49.1,61.1,0.917,home_kitchen,West,60.0,0.0981
HOM-1038,3 months,2025-01-20,3,0,23.4,31.1,0.888,home_kitchen,North,60.0,0.0981
HOM-1039,3 months,2025-01-20,3,0,34.1,44.1,0.956,home_kitchen,North,60.0,0.0981
SPO-1001,3 months,2025-01-20,3,0,43.5,53.0,0.936,sports_outdoor,East,70.0,0.1196
SPO-1003,3 months,2025-01-20,3,0,46.5,56.6,0.942,sports_outdoor,North,70.0,0.1196
SPO-1004,3 months,2025-01-20,3,0,20.3,29.4,0.964,sports_outdoor,North,70.0,0.1196
SPO-1005,3 months,2025-01-20,3,0,22.0,26.6,1.193,sports_outdoor,Central,70.0,0.1196
SPO-1007,3 months,2025-01-20,3,0,35.0,42.9,1.034,sports_outdoor,North,70.0,0.1196
SPO-1008,3 months,2025-01-20,3,0,22.0,26.8,1.018,sports_outdoor,South,70.0,0.1196
SPO-1009,3 months,2025-01-20,3,0,17.2,22.2,1.021,sports_outdoor,North,70.0,0.1196
SPO-1012,3 months,2025-01-20,3,0,29.6,36.1,1.061,sports_outdoor,North,70.0,0.1196
SPO-1014,3 months,2025-01-20,3,0,21.9,26.2,1.056,sports_outdoor,Central,70.0,0.1196
SPO-1019,3 months,2025-01-20,3,0,39.5,48.9,0.948,sports_outdoor,West,70.0,0.1196
SPO-1021,3 months,2025-01-20,3,0,9.9,13.4,0.915,sports_outdoor,South,70.0,0.1196
SPO-1024,3 months,2025-01-20,3,0,61.9,69.0,1.039,sports_outdoor,Central,70.0,0.1196
SPO-1026,3 months,2025-01-20,3,0,11.5,14.7,0.972,sports_outdoor,West,70.0,0.1196
SPO-1029,3 months,2025-01-20,3,0,36.3,44.5,1.149,sports_outdoor,South,70.0,0.1196
SPO-1030,3 months,2025-01-20,3,0,15.5,18.7,1.067,sports_outdoor,East,70.0,0.1196
SPO-1032,3 months,2025-01-20,3,0,15.2,19.8,0.975,sports_outdoor,Central,70.0,0.1196
SPO-1034,3 months,2025-01-20,3,0,38.7,46.8,1.075,sports_outdoor,North,70.0,0.1196
SPO-1035,3 months,2025-01-20,3,0,38.9,59.5,1.045,sports_outdoor,West,70.0,0.1196
SPO-1036,3 months,2025-01-20,3,0,26.2,32.0,1.026,sports_outdoor,East,70.0,0.1196
SPO-1039,3 months,2025-01-20,3,0,28.1,34.3,1.061,sports_outdoor,Central,70.0,0.1196
TOY-1002,3 months,2025-01-20,3,0,23.7,31.9,0.963,toys_games,East,35.0,0.0707
TOY-1010,3 months,2025-01-20,3,0,25.1,33.2,1.036,toys_games,Central,35.0,0.0707
TOY-1011,3 months,2025-01-20,3,0,8.6,12.1,1.106,toys_games,South,35.0,0.0707
TOY-1013,3 months,2025-01-20,3,0,35.3,44.8,0.96,toys_games,East,35.0,0.0707
TOY-1018,3 months,2025-01-20,3,0,42.5,50.6,0.981,toys_games,East,35.0,0.0707
TOY-1019,3 months,2025-01-20,3,0,14.2,19.1,0.982,toys_games,Central,35.0,0.0707
TOY-1020,3 months,2025-01-20,3,0,19.3,26.1,1.027,toys_games,South,35.0,0.0707
TOY-1021,3 months,2025-01-20,3,0,61.3,70.7,0.913,toys_games,North,35.0,0.0707
TOY-1024,3 months,2025-01-20,3,0,24.1,33.7,0.847,toys_games,South,35.0,0.0707
TOY-1025,3 months,2025-01-20,3,0,11.8,16.9,0.83,toys_games,West,35.0,0.0707
TOY-1030,3 months,2025-01-20,3,0,16.7,23.4,0.993,toys_games,South,35.0,0.0707
TOY-1031,3 months,2025-01-20,3,0,13.6,19.3,0.829,toys_games,South,35.0,0.0707
TOY-1034,3 months,2025-01-20,3,0,66.4,86.7,1.001,toys_games,North,35.0,0.0707
TOY-1035,3 months,2025-01-20,3,0,47.7,58.0,0.979,toys_games,East,35.0,0.0707
TOY-1038,3 months,2025-01-20,3,0,28.0,37.0,1.089,toys_games,South,35.0,0.0707
APP-1000,3 months,2025-01-27,4,0,57.2,68.2,1.108,apparel,West,45.0,0.2808
APP-1001,3 months,2025-01-27,4,0,74.8,86.3,1.011,apparel,East,45.0,0.2808
APP-1002,3 months,2025-01-27,4,0,71.2,82.8,0.926,apparel,North,45.0,0.2808
APP-1004,3 months,2025-01-27,4,0,120.1,144.4,0.898,apparel,Central,45.0,0.2808
APP-1006,3 months,2025-01-27,4,0,62.8,73.3,0.95,apparel,West,45.0,0.2808
APP-1008,3 months,2025-01-27,4,0,82.8,103.0,0.895,apparel,South,45.0,0.2808
APP-1009,3 months,2025-01-27,4,0,24.8,33.0,0.851,apparel,North,45.0,0.2808
APP-1012,3 months,2025-01-27,4,0,102.2,130.3,0.954,apparel,North,45.0,0.2808
APP-1016,3 months,2025-01-27,4,0,37.1,46.2,0.9,apparel,West,45.0,0.2808
APP-1018,3 months,2025-01-27,4,0,25.7,31.2,1.001,apparel,East,45.0,0.2808
APP-1019,3 months,2025-01-27,4,0,79.4,121.0,1.033,apparel,Central,45.0,0.2808
APP-1020,3 months,2025-01-27,4,0,68.4,83.6,0.862,apparel,South,45.0,0.2808
APP-1022,3 months,2025-01-27,4,0,72.5,85.2,0.885,apparel,South,45.0,0.2808
APP-1023,3 months,2025-01-27,4,0,32.1,39.7,0.924,apparel,West,45.0,0.2808
APP-1025,3 months,2025-01-27,4,0,107.6,145.4,0.905,apparel,Central,45.0,0.2808
APP-1027,3 months,2025-01-27,4,0,55.5,66.9,0.854,apparel,South,45.0,0.2808
APP-1028,3 months,2025-01-27,4,0,63.2,75.4,0.851,apparel,North,45.0,0.2808
APP-1029,3 months,2025-01-27,4,0,83.7,100.8,0.889,apparel,North,45.0,0.2808
APP-1031,3 months,2025-01-27,4,0,14.4,18.6,0.918,apparel,Central,45.0,0.2808
APP-1032,3 months,2025-01-27,4,0,84.6,104.1,0.887,apparel,East,45.0,0.2808
APP-1034,3 months,2025-01-27,4,0,38.9,48.3,0.89,apparel,North,45.0,0.2808
APP-1037,3 months,2025-01-27,4,0,46.9,54.7,0.955,apparel,Central,45.0,0.2808
APP-1038,3 months,2025-01-27,4,0,22.2,27.1,0.929,apparel,North,45.0,0.2808
BEA-1004,3 months,2025-01-27,4,0,56.8,72.2,0.968,beauty,West,25.0,0.0791
BEA-1006,3 months,2025-01-27,4,0,57.0,74.8,0.93,beauty,West,25.0,0.0791
BEA-1007,3 months,2025-01-27,4,0,46.5,56.7,0.87,beauty,South,25.0,0.0791
BEA-1009,3 months,2025-01-27,4,0,54.5,64.4,0.909,beauty,East,25.0,0.0791
BEA-1011,3 months,2025-01-27,4,0,32.5,40.5,0.904,beauty,North,25.0,0.0791
BEA-1012,3 months,2025-01-27,4,0,67.2,76.9,1.062,beauty,Central,25.0,0.0791
BEA-1013,3 months,2025-01-27,4,0,42.6,59.3,0.914,beauty,West,25.0,0.0791
BEA-1014,3 months,2025-01-27,4,0,69.3,82.9,0.903,beauty,West,25.0,0.0791
BEA-1016,3 months,2025-01-27,4,0,39.0,47.0,0.903,beauty,East,25.0,0.0791
BEA-1017,3 months,2025-01-27,4,0,37.1,44.8,0.967,beauty,East,25.0,0.0791
BEA-1018,3 months,2025-01-27,4,0,33.3,46.5,0.807,beauty,North,25.0,0.0791
BEA-1019,3 months,2025-01-27,4,0,29.7,38.2,0.858,beauty,North,25.0,0.0791
BEA-1020,3 months,2025-01-27,4,0,45.2,55.2,0.877,beauty,South,25.0,0.0791
BEA-1021,3 months,2025-01-27,4,0,13.8,19.5,0.852,beauty,Central,25.0,0.0791
BEA-1024,3 months,2025-01-27,4,0,73.4,86.3,0.923,beauty,South,25.0,0.0791
BEA-1025,3 months,2025-01-27,4,0,23.8,29.6,0.91,beauty,West,25.0,0.0791
BEA-1027,3 months,2025-01-27,4,0,44.1,53.7,0.904,beauty,Central,25.0,0.0791
BEA-1028,3 months,2025-01-27,4,0,29.4,37.3,0.957,beauty,South,25.0,0.0791
BEA-1030,3 months,2025-01-27,4,0,36.5,45.8,0.885,beauty,West,25.0,0.0791
BEA-1031,3 months,2025-01-27,4,0,58.9,68.6,0.997,beauty,South,25.0,0.0791
BEA-1032,3 months,2025-01-27,4,0,66.1,75.8,0.955,beauty,North,25.0,0.0791
BEA-1037,3 months,2025-01-27,4,0,29.5,37.2,0.924,beauty,Central,25.0,0.0791
BOO-1000,3 months,2025-01-27,4,0,15.6,22.5,0.832,books_media,North,20.0,0.0494
BOO-1001,3 months,2025-01-27,4,0,25.0,31.0,1.064,books_media,East,20.0,0.0494
BOO-1002,3 months,2025-01-27,4,0,17.7,23.7,0.9,books_media,Central,20.0,0.0494
BOO-1004,3 months,2025-01-27,4,0,29.6,37.6,1.048,books_media,South,20.0,0.0494
BOO-1005,3 months,2025-01-27,4,0,30.1,37.7,1.049,books_media,Central,20.0,0.0494
BOO-1006,3 months,2025-01-27,4,0,28.8,36.6,1.092,books_media,South,20.0,0.0494
BOO-1007,3 months,2025-01-27,4,0,14.5,19.8,1.073,books_media,West,20.0,0.0494
BOO-1008,3 months,2025-01-27,4,0,27.0,34.0,1.142,books_media,Central,20.0,0.0494
BOO-1011,3 months,2025-01-27,4,0,32.7,42.5,1.073,books_media,South,20.0,0.0494
BOO-1016,3 months,2025-01-27,4,0,15.4,20.1,1.1,books_media,North,20.0,0.0494
BOO-1018,3 months,2025-01-27,4,0,10.9,14.4,1.049,books_media,South,20.0,0.0494
BOO-1022,3 months,2025-01-27,4,0,10.1,13.8,1.171,books_media,Central,20.0,0.0494
BOO-1023,3 months,2025-01-27,4,0,20.3,25.8,0.995,books_media,North,20.0,0.0494
BOO-1024,3 months,2025-01-27,4,0,13.9,19.1,1.038,books_media,East,20.0,0.0494
BOO-1025,3 months,2025-01-27,4,0,36.4,48.1,1.036,books_media,Central,20.0,0.0494
BOO-1026,3 months,2025-01-27,4,0,6.5,8.8,1.115,books_media,West,20.0,0.0494
BOO-1027,3 months,2025-01-27,4,0,5.0,9.1,0.644,books_media,North,20.0,0.0494
BOO-1029,3 months,2025-01-27,4,0,27.2,34.1,1.078,books_media,East,20.0,0.0494
BOO-1031,3 months,2025-01-27,4,0,33.2,43.0,0.908,books_media,West,20.0,0.0494
BOO-1033,3 months,2025-01-27,4,0,7.1,9.2,1.222,books_media,East,20.0,0.0494
BOO-1034,3 months,2025-01-27,4,0,23.0,29.0,0.972,books_media,South,20.0,0.0494
BOO-1038,3 months,2025-01-27,4,0,34.9,44.1,1.057,books_media,North,20.0,0.0494
ELE-1002,3 months,2025-01-27,4,0,55.1,66.5,0.935,electronics,South,180.0,0.0888
ELE-1005,3 months,2025-01-27,4,0,14.2,18.8,1.057,electronics,West,180.0,0.0888
ELE-1006,3 months,2025-01-27,4,0,69.3,89.6,0.964,electronics,North,180.0,0.0888
ELE-1011,3 months,2025-01-27,4,0,14.0,19.1,1.135,electronics,Central,180.0,0.0888
ELE-1012,3 months,2025-01-27,4,0,23.4,29.8,0.958,electronics,South,180.0,0.0888
ELE-1013,3 months,2025-01-27,4,0,16.1,22.3,0.919,electronics,East,180.0,0.0888
ELE-1014,3 months,2025-01-27,4,0,12.1,17.0,0.918,electronics,North,180.0,0.0888
ELE-1017,3 months,2025-01-27,4,0,58.9,71.7,0.824,electronics,South,180.0,0.0888
ELE-1018,3 months,2025-01-27,4,0,24.5,30.6,1.031,electronics,East,180.0,0.0888
ELE-1022,3 months,2025-01-27,4,0,26.5,34.1,0.939,electronics,East,180.0,0.0888
ELE-1023,3 months,2025-01-27,4,0,50.2,61.8,1.015,electronics,North,180.0,0.0888
ELE-1024,3 months,2025-01-27,4,0,24.3,32.7,0.846,electronics,Central,180.0,0.0888
ELE-1026,3 months,2025-01-27,4,0,21.5,28.4,0.913,electronics,Central,180.0,0.0888
ELE-1027,3 months,2025-01-27,4,0,26.8,34.2,1.063,electronics,North,180.0,0.0888
ELE-1029,3 months,2025-01-27,4,0,57.2,70.3,0.971,electronics,North,180.0,0.0888
ELE-1031,3 months,2025-01-27,4,0,64.4,77.7,1.119,electronics,South,180.0,0.0888
ELE-1035,3 months,2025-01-27,4,0,29.1,36.2,1.088,electronics,East,180.0,0.0888
ELE-1036,3 months,2025-01-27,4,0,34.0,41.9,1.131,electronics,North,180.0,0.0888
ELE-1038,3 months,2025-01-27,4,0,59.0,71.8,1.104,electronics,South,180.0,0.0888
GRO-1000,3 months,2025-01-27,4,0,84.5,97.6,1.024,grocery,North,15.0,0.0201
GRO-1002,3 months,2025-01-27,4,0,92.8,104.7,0.936,grocery,North,15.0,0.0201
GRO-1004,3 months,2025-01-27,4,0,160.1,186.5,0.949,grocery,North,15.0,0.0201
GRO-1005,3 months,2025-01-27,4,0,119.8,142.0,0.983,grocery,East,15.0,0.0201
GRO-1006,3 months,2025-01-27,4,0,59.1,69.7,1.012,grocery,West,15.0,0.0201
GRO-1007,3 months,2025-01-27,4,0,111.6,126.5,0.978,grocery,South,15.0,0.0201
GRO-1009,3 months,2025-01-27,4,0,26.0,32.5,0.956,grocery,West,15.0,0.0201
GRO-1012,3 months,2025-01-27,4,0,113.8,177.1,0.991,grocery,North,15.0,0.0201
GRO-1015,3 months,2025-01-27,4,0,52.7,67.9,0.963,grocery,North,15.0,0.0201
GRO-1016,3 months,2025-01-27,4,0,73.3,84.3,0.96,grocery,North,15.0,0.0201
GRO-1017,3 months,2025-01-27,4,0,86.0,99.5,0.94,grocery,South,15.0,0.0201
GRO-1024,3 months,2025-01-27,4,0,57.0,67.0,1.025,grocery,South,15.0,0.0201
GRO-1025,3 months,2025-01-27,4,0,64.5,106.1,0.93,grocery,Central,15.0,0.0201
GRO-1027,3 months,2025-01-27,4,0,56.2,66.4,0.942,grocery,West,15.0,0.0201
GRO-1028,3 months,2025-01-27,4,0,96.1,121.0,0.975,grocery,North,15.0,0.0201
GRO-1030,3 months,2025-01-27,4,0,75.5,87.1,0.97,grocery,West,15.0,0.0201
GRO-1034,3 months,2025-01-27,4,0,81.2,94.1,1.046,grocery,North,15.0,0.0201
GRO-1038,3 months,2025-01-27,4,0,42.8,50.1,1.008,grocery,West,15.0,0.0201
HOM-1001,3 months,2025-01-27,4,0,76.4,92.9,0.954,home_kitchen,Central,60.0,0.0981
HOM-1003,3 months,2025-01-27,4,0,21.9,26.6,1.035,home_kitchen,East,60.0,0.0981
HOM-1006,3 months,2025-01-27,4,0,25.1,32.1,0.934,home_kitchen,West,60.0,0.0981
HOM-1010,3 months,2025-01-27,4,0,22.7,28.7,0.997,home_kitchen,West,60.0,0.0981
HOM-1011,3 months,2025-01-27,4,0,60.0,73.1,0.924,home_kitchen,West,60.0,0.0981
HOM-1013,3 months,2025-01-27,4,0,39.0,48.9,1.02,home_kitchen,East,60.0,0.0981
HOM-1015,3 months,2025-01-27,4,0,22.3,29.0,0.87,home_kitchen,South,60.0,0.0981
HOM-1017,3 months,2025-01-27,4,0,48.0,57.3,0.97,home_kitchen,West,60.0,0.0981
HOM-1019,3 months,2025-01-27,4,0,65.6,79.2,0.956,home_kitchen,East,60.0,0.0981
HOM-1022,3 months,2025-01-27,4,0,78.7,94.0,0.992,home_kitchen,Central,60.0,0.0981
HOM-1024,3 months,2025-01-27,4,0,9.9,13.3,1.002,home_kitchen,Central,60.0,0.0981
HOM-1030,3 months,2025-01-27,4,0,28.8,44.1,0.812,home_kitchen,South,60.0,0.0981
HOM-1032,3 months,2025-01-27,4,0,32.6,42.1,1.002,home_kitchen,East,60.0,0.0981
HOM-1035,3 months,2025-01-27,4,0,31.2,38.3,0.974,home_kitchen,South,60.0,0.0981
HOM-1036,3 months,2025-01-27,4,0,65.8,80.6,0.979,home_kitchen,West,60.0,0.0981
HOM-1037,3 months,2025-01-27,4,0,49.0,62.9,0.917,home_kitchen,West,60.0,0.0981
HOM-1038,3 months,2025-01-27,4,0,23.3,31.2,0.888,home_kitchen,North,60.0,0.0981
HOM-1039,3 months,2025-01-27,4,0,32.9,44.5,0.956,home_kitchen,North,60.0,0.0981
SPO-1001,3 months,2025-01-27,4,0,43.3,52.8,0.936,sports_outdoor,East,70.0,0.1196
SPO-1003,3 months,2025-01-27,4,0,46.3,56.8,0.942,sports_outdoor,North,70.0,0.1196
SPO-1004,3 months,2025-01-27,4,0,20.2,29.1,0.964,sports_outdoor,North,70.0,0.1196
SPO-1005,3 months,2025-01-27,4,0,21.9,26.7,1.193,sports_outdoor,Central,70.0,0.1196
SPO-1007,3 months,2025-01-27,4,0,34.8,42.8,1.034,sports_outdoor,North,70.0,0.1196
SPO-1008,3 months,2025-01-27,4,0,21.9,26.6,1.018,sports_outdoor,South,70.0,0.1196
SPO-1009,3 months,2025-01-27,4,0,17.2,22.1,1.021,sports_outdoor,North,70.0,0.1196
SPO-1012,3 months,2025-01-27,4,0,29.5,36.1,1.061,sports_outdoor,North,70.0,0.1196
SPO-1014,3 months,2025-01-27,4,0,21.8,26.3,1.056,sports_outdoor,Central,70.0,0.1196
SPO-1019,3 months,2025-01-27,4,0,39.3,48.8,0.948,sports_outdoor,West,70.0,0.1196
SPO-1021,3 months,2025-01-27,4,0,9.9,13.5,0.915,sports_outdoor,South,70.0,0.1196
SPO-1024,3 months,2025-01-27,4,0,61.7,68.9,1.039,sports_outdoor,Central,70.0,0.1196
SPO-1026,3 months,2025-01-27,4,0,11.3,14.7,0.972,sports_outdoor,West,70.0,0.1196
SPO-1029,3 months,2025-01-27,4,0,36.1,44.4,1.149,sports_outdoor,South,70.0,0.1196
SPO-1030,3 months,2025-01-27,4,0,15.5,18.7,1.067,sports_outdoor,East,70.0,0.1196
SPO-1032,3 months,2025-01-27,4,0,15.3,20.0,0.975,sports_outdoor,Central,70.0,0.1196
SPO-1034,3 months,2025-01-27,4,0,38.1,46.7,1.075,sports_outdoor,North,70.0,0.1196
SPO-1035,3 months,2025-01-27,4,0,38.6,59.0,1.045,sports_outdoor,West,70.0,0.1196
SPO-1036,3 months,2025-01-27,4,0,26.1,32.0,1.026,sports_outdoor,East,70.0,0.1196
SPO-1039,3 months,2025-01-27,4,0,28.0,34.2,1.061,sports_outdoor,Central,70.0,0.1196
TOY-1002,3 months,2025-01-27,4,0,23.5,31.9,0.963,toys_games,East,35.0,0.0707
TOY-1010,3 months,2025-01-27,4,0,24.7,33.1,1.036,toys_games,Central,35.0,0.0707
TOY-1011,3 months,2025-01-27,4,0,7.9,11.7,1.106,toys_games,South,35.0,0.0707
TOY-1013,3 months,2025-01-27,4,0,34.8,44.4,0.96,toys_games,East,35.0,0.0707
TOY-1018,3 months,2025-01-27,4,0,41.7,50.5,0.981,toys_games,East,35.0,0.0707
TOY-1019,3 months,2025-01-27,4,0,14.2,19.1,0.982,toys_games,Central,35.0,0.0707
TOY-1020,3 months,2025-01-27,4,0,19.1,26.2,1.027,toys_games,South,35.0,0.0707
TOY-1021,3 months,2025-01-27,4,0,60.8,70.5,0.913,toys_games,North,35.0,0.0707
TOY-1024,3 months,2025-01-27,4,0,23.6,33.3,0.847,toys_games,South,35.0,0.0707
TOY-1025,3 months,2025-01-27,4,0,11.7,16.8,0.83,toys_games,West,35.0,0.0707
TOY-1030,3 months,2025-01-27,4,0,16.2,22.6,0.993,toys_games,South,35.0,0.0707
TOY-1031,3 months,2025-01-27,4,0,13.3,19.2,0.829,toys_games,South,35.0,0.0707
TOY-1034,3 months,2025-01-27,4,0,65.7,84.9,1.001,toys_games,North,35.0,0.0707
TOY-1035,3 months,2025-01-27,4,0,47.9,58.7,0.979,toys_games,East,35.0,0.0707
TOY-1038,3 months,2025-01-27,4,0,28.1,37.0,1.089,toys_games,South,35.0,0.0707
APP-1000,3 months,2025-02-03,5,0,54.8,65.8,1.108,apparel,West,45.0,0.2808
APP-1001,3 months,2025-02-03,5,0,71.8,82.3,1.011,apparel,East,45.0,0.2808
APP-1002,3 months,2025-02-03,5,0,68.2,78.4,0.926,apparel,North,45.0,0.2808
APP-1004,3 months,2025-02-03,5,0,117.0,134.2,0.898,apparel,Central,45.0,0.2808
APP-1006,3 months,2025-02-03,5,0,60.4,70.9,0.95,apparel,West,45.0,0.2808
APP-1008,3 months,2025-02-03,5,0,84.6,100.8,0.895,apparel,South,45.0,0.2808
APP-1009,3 months,2025-02-03,5,0,24.7,32.0,0.851,apparel,North,45.0,0.2808
APP-1012,3 months,2025-02-03,5,0,111.7,122.2,0.954,apparel,North,45.0,0.2808
APP-1016,3 months,2025-02-03,5,0,35.9,44.4,0.9,apparel,West,45.0,0.2808
APP-1018,3 months,2025-02-03,5,0,24.9,30.1,1.001,apparel,East,45.0,0.2808
APP-1019,3 months,2025-02-03,5,0,74.9,111.2,1.033,apparel,Central,45.0,0.2808
APP-1020,3 months,2025-02-03,5,0,64.5,79.2,0.862,apparel,South,45.0,0.2808
APP-1022,3 months,2025-02-03,5,0,69.9,82.5,0.885,apparel,South,45.0,0.2808
APP-1023,3 months,2025-02-03,5,0,31.5,37.4,0.924,apparel,West,45.0,0.2808
APP-1025,3 months,2025-02-03,5,0,125.2,140.3,0.905,apparel,Central,45.0,0.2808
APP-1027,3 months,2025-02-03,5,0,52.9,65.7,0.854,apparel,South,45.0,0.2808
APP-1028,3 months,2025-02-03,5,0,59.7,72.1,0.851,apparel,North,45.0,0.2808
APP-1029,3 months,2025-02-03,5,0,81.9,98.5,0.889,apparel,North,45.0,0.2808
APP-1031,3 months,2025-02-03,5,0,13.2,16.2,0.918,apparel,Central,45.0,0.2808
APP-1032,3 months,2025-02-03,5,0,82.7,100.8,0.887,apparel,East,45.0,0.2808
APP-1034,3 months,2025-02-03,5,0,37.7,46.3,0.89,apparel,North,45.0,0.2808
APP-1037,3 months,2025-02-03,5,0,45.2,53.1,0.955,apparel,Central,45.0,0.2808
APP-1038,3 months,2025-02-03,5,0,22.4,26.8,0.929,apparel,North,45.0,0.2808
BEA-1004,3 months,2025-02-03,5,0,52.2,72.1,0.968,beauty,West,25.0,0.0791
BEA-1006,3 months,2025-02-03,5,0,56.1,73.9,0.93,beauty,West,25.0,0.0791
BEA-1007,3 months,2025-02-03,5,0,45.8,57.2,0.87,beauty,South,25.0,0.0791
BEA-1009,3 months,2025-02-03,5,0,53.4,62.7,0.909,beauty,East,25.0,0.0791
BEA-1011,3 months,2025-02-03,5,0,32.1,41.3,0.904,beauty,North,25.0,0.0791
BEA-1012,3 months,2025-02-03,5,0,62.5,74.9,1.062,beauty,Central,25.0,0.0791
BEA-1013,3 months,2025-02-03,5,0,43.2,57.5,0.914,beauty,West,25.0,0.0791
BEA-1014,3 months,2025-02-03,5,0,67.5,81.8,0.903,beauty,West,25.0,0.0791
BEA-1016,3 months,2025-02-03,5,0,38.7,48.1,0.903,beauty,East,25.0,0.0791
BEA-1017,3 months,2025-02-03,5,0,36.2,45.6,0.967,beauty,East,25.0,0.0791
BEA-1018,3 months,2025-02-03,5,0,32.9,47.1,0.807,beauty,North,25.0,0.0791
BEA-1019,3 months,2025-02-03,5,0,29.0,38.1,0.858,beauty,North,25.0,0.0791
BEA-1020,3 months,2025-02-03,5,0,44.7,55.2,0.877,beauty,South,25.0,0.0791
BEA-1021,3 months,2025-02-03,5,0,13.9,20.6,0.852,beauty,Central,25.0,0.0791
BEA-1024,3 months,2025-02-03,5,0,67.4,86.9,0.923,beauty,South,25.0,0.0791
BEA-1025,3 months,2025-02-03,5,0,23.4,30.3,0.91,beauty,West,25.0,0.0791
BEA-1027,3 months,2025-02-03,5,0,43.3,54.7,0.904,beauty,Central,25.0,0.0791
BEA-1028,3 months,2025-02-03,5,0,29.3,37.5,0.957,beauty,South,25.0,0.0791
BEA-1030,3 months,2025-02-03,5,0,36.4,46.6,0.885,beauty,West,25.0,0.0791
BEA-1031,3 months,2025-02-03,5,0,58.3,68.0,0.997,beauty,South,25.0,0.0791
BEA-1032,3 months,2025-02-03,5,0,65.1,74.9,0.955,beauty,North,25.0,0.0791
BEA-1037,3 months,2025-02-03,5,0,29.3,37.8,0.924,beauty,Central,25.0,0.0791
BOO-1000,3 months,2025-02-03,5,0,16.2,22.7,0.832,books_media,North,20.0,0.0494
BOO-1001,3 months,2025-02-03,5,0,26.0,31.6,1.064,books_media,East,20.0,0.0494
BOO-1002,3 months,2025-02-03,5,0,18.1,24.0,0.9,books_media,Central,20.0,0.0494
BOO-1004,3 months,2025-02-03,5,0,29.6,37.8,1.048,books_media,South,20.0,0.0494
BOO-1005,3 months,2025-02-03,5,0,30.6,38.3,1.049,books_media,Central,20.0,0.0494
BOO-1006,3 months,2025-02-03,5,0,28.7,36.5,1.092,books_media,South,20.0,0.0494
BOO-1007,3 months,2025-02-03,5,0,14.9,19.9,1.073,books_media,West,20.0,0.0494
BOO-1008,3 months,2025-02-03,5,0,27.5,34.3,1.142,books_media,Central,20.0,0.0494
BOO-1011,3 months,2025-02-03,5,0,32.8,42.7,1.073,books_media,South,20.0,0.0494
BOO-1016,3 months,2025-02-03,5,0,15.9,20.4,1.1,books_media,North,20.0,0.0494
BOO-1018,3 months,2025-02-03,5,0,11.0,15.3,1.049,books_media,South,20.0,0.0494
BOO-1022,3 months,2025-02-03,5,0,10.3,14.0,1.171,books_media,Central,20.0,0.0494
BOO-1023,3 months,2025-02-03,5,0,21.0,25.9,0.995,books_media,North,20.0,0.0494
BOO-1024,3 months,2025-02-03,5,0,14.5,19.8,1.038,books_media,East,20.0,0.0494
BOO-1025,3 months,2025-02-03,5,0,36.3,47.9,1.036,books_media,Central,20.0,0.0494
BOO-1026,3 months,2025-02-03,5,0,5.4,8.7,1.115,books_media,West,20.0,0.0494
BOO-1027,3 months,2025-02-03,5,0,4.3,9.4,0.644,books_media,North,20.0,0.0494
BOO-1029,3 months,2025-02-03,5,0,27.3,33.9,1.078,books_media,East,20.0,0.0494
BOO-1031,3 months,2025-02-03,5,0,33.6,42.1,0.908,books_media,West,20.0,0.0494
BOO-1033,3 months,2025-02-03,5,0,6.7,9.7,1.222,books_media,East,20.0,0.0494
BOO-1034,3 months,2025-02-03,5,0,23.3,29.1,0.972,books_media,South,20.0,0.0494
BOO-1038,3 months,2025-02-03,5,0,35.0,44.1,1.057,books_media,North,20.0,0.0494
ELE-1002,3 months,2025-02-03,5,0,55.4,67.9,0.935,electronics,South,180.0,0.0888
ELE-1005,3 months,2025-02-03,5,0,14.9,18.7,1.057,electronics,West,180.0,0.0888
ELE-1006,3 months,2025-02-03,5,0,66.8,91.6,0.964,electronics,North,180.0,0.0888
ELE-1011,3 months,2025-02-03,5,0,14.3,19.1,1.135,electronics,Central,180.0,0.0888
ELE-1012,3 months,2025-02-03,5,0,23.6,30.3,0.958,electronics,South,180.0,0.0888
ELE-1013,3 months,2025-02-03,5,0,16.4,22.1,0.919,electronics,East,180.0,0.0888
ELE-1014,3 months,2025-02-03,5,0,12.3,16.8,0.918,electronics,North,180.0,0.0888
ELE-1017,3 months,2025-02-03,5,0,58.1,75.1,0.824,electronics,South,180.0,0.0888
ELE-1018,3 months,2025-02-03,5,0,25.0,31.4,1.031,electronics,East,180.0,0.0888
ELE-1022,3 months,2025-02-03,5,0,26.5,34.9,0.939,electronics,East,180.0,0.0888
ELE-1023,3 months,2025-02-03,5,0,50.6,61.2,1.015,electronics,North,180.0,0.0888
ELE-1024,3 months,2025-02-03,5,0,24.5,33.1,0.846,electronics,Central,180.0,0.0888
ELE-1026,3 months,2025-02-03,5,0,22.0,29.2,0.913,electronics,Central,180.0,0.0888
ELE-1027,3 months,2025-02-03,5,0,27.2,34.4,1.063,electronics,North,180.0,0.0888
ELE-1029,3 months,2025-02-03,5,0,57.2,70.1,0.971,electronics,North,180.0,0.0888
ELE-1031,3 months,2025-02-03,5,0,64.5,79.5,1.119,electronics,South,180.0,0.0888
ELE-1035,3 months,2025-02-03,5,0,30.0,36.5,1.088,electronics,East,180.0,0.0888
ELE-1036,3 months,2025-02-03,5,0,34.4,42.7,1.131,electronics,North,180.0,0.0888
ELE-1038,3 months,2025-02-03,5,0,59.5,72.9,1.104,electronics,South,180.0,0.0888
GRO-1000,3 months,2025-02-03,5,0,89.4,104.3,1.024,grocery,North,15.0,0.0201
GRO-1002,3 months,2025-02-03,5,0,96.3,113.6,0.936,grocery,North,15.0,0.0201
GRO-1004,3 months,2025-02-03,5,0,138.2,194.1,0.949,grocery,North,15.0,0.0201
GRO-1005,3 months,2025-02-03,5,0,111.1,151.9,0.983,grocery,East,15.0,0.0201
GRO-1006,3 months,2025-02-03,5,0,62.5,74.6,1.012,grocery,West,15.0,0.0201
GRO-1007,3 months,2025-02-03,5,0,118.3,134.5,0.978,grocery,South,15.0,0.0201
GRO-1009,3 months,2025-02-03,5,0,27.0,33.9,0.956,grocery,West,15.0,0.0201
GRO-1012,3 months,2025-02-03,5,0,89.4,186.4,0.991,grocery,North,15.0,0.0201
GRO-1015,3 months,2025-02-03,5,0,47.1,73.7,0.963,grocery,North,15.0,0.0201
GRO-1016,3 months,2025-02-03,5,0,76.4,89.7,0.96,grocery,North,15.0,0.0201
GRO-1017,3 months,2025-02-03,5,0,90.7,106.7,0.94,grocery,South,15.0,0.0201
GRO-1024,3 months,2025-02-03,5,0,60.0,71.3,1.025,grocery,South,15.0,0.0201
GRO-1025,3 months,2025-02-03,5,0,53.3,112.8,0.93,grocery,Central,15.0,0.0201
GRO-1027,3 months,2025-02-03,5,0,58.7,70.7,0.942,grocery,West,15.0,0.0201
GRO-1028,3 months,2025-02-03,5,0,106.0,129.3,0.975,grocery,North,15.0,0.0201
GRO-1030,3 months,2025-02-03,5,0,78.8,92.3,0.97,grocery,West,15.0,0.0201
GRO-1034,3 months,2025-02-03,5,0,85.1,99.9,1.046,grocery,North,15.0,0.0201
GRO-1038,3 months,2025-02-03,5,0,44.7,54.3,1.008,grocery,West,15.0,0.0201
HOM-1001,3 months,2025-02-03,5,0,75.4,100.0,0.954,home_kitchen,Central,60.0,0.0981
HOM-1003,3 months,2025-02-03,5,0,21.9,27.4,1.035,home_kitchen,East,60.0,0.0981
HOM-1006,3 months,2025-02-03,5,0,25.5,33.5,0.934,home_kitchen,West,60.0,0.0981
HOM-1010,3 months,2025-02-03,5,0,23.4,29.5,0.997,home_kitchen,West,60.0,0.0981
HOM-1011,3 months,2025-02-03,5,0,62.8,77.9,0.924,home_kitchen,West,60.0,0.0981
HOM-1013,3 months,2025-02-03,5,0,39.3,50.9,1.02,home_kitchen,East,60.0,0.0981
HOM-1015,3 months,2025-02-03,5,0,22.1,29.6,0.87,home_kitchen,South,60.0,0.0981
HOM-1017,3 months,2025-02-03,5,0,48.3,58.9,0.97,home_kitchen,West,60.0,0.0981
HOM-1019,3 months,2025-02-03,5,0,68.8,81.5,0.956,home_kitchen,East,60.0,0.0981
HOM-1022,3 months,2025-02-03,5,0,77.2,101.7,0.992,home_kitchen,Central,60.0,0.0981
HOM-1024,3 months,2025-02-03,5,0,9.0,14.0,1.002,home_kitchen,Central,60.0,0.0981
HOM-1030,3 months,2025-02-03,5,0,28.8,44.3,0.812,home_kitchen,South,60.0,0.0981
HOM-1032,3 months,2025-02-03,5,0,33.6,43.9,1.002,home_kitchen,East,60.0,0.0981
HOM-1035,3 months,2025-02-03,5,0,31.5,38.8,0.974,home_kitchen,South,60.0,0.0981
HOM-1036,3 months,2025-02-03,5,0,69.5,82.0,0.979,home_kitchen,West,60.0,0.0981
HOM-1037,3 months,2025-02-03,5,0,51.2,62.6,0.917,home_kitchen,West,60.0,0.0981
HOM-1038,3 months,2025-02-03,5,0,24.5,32.6,0.888,home_kitchen,North,60.0,0.0981
HOM-1039,3 months,2025-02-03,5,0,33.7,44.6,0.956,home_kitchen,North,60.0,0.0981
SPO-1001,3 months,2025-02-03,5,0,42.7,53.2,0.936,sports_outdoor,East,70.0,0.1196
SPO-1003,3 months,2025-02-03,5,0,45.7,56.5,0.942,sports_outdoor,North,70.0,0.1196
SPO-1004,3 months,2025-02-03,5,0,20.3,29.0,0.964,sports_outdoor,North,70.0,0.1196
SPO-1005,3 months,2025-02-03,5,0,22.3,26.7,1.193,sports_outdoor,Central,70.0,0.1196
SPO-1007,3 months,2025-02-03,5,0,34.3,42.8,1.034,sports_outdoor,North,70.0,0.1196
SPO-1008,3 months,2025-02-03,5,0,19.7,26.5,1.018,sports_outdoor,South,70.0,0.1196
SPO-1009,3 months,2025-02-03,5,0,17.6,22.3,1.021,sports_outdoor,North,70.0,0.1196
SPO-1012,3 months,2025-02-03,5,0,29.1,36.3,1.061,sports_outdoor,North,70.0,0.1196
SPO-1014,3 months,2025-02-03,5,0,22.2,26.3,1.056,sports_outdoor,Central,70.0,0.1196
SPO-1019,3 months,2025-02-03,5,0,38.8,48.7,0.948,sports_outdoor,West,70.0,0.1196
SPO-1021,3 months,2025-02-03,5,0,10.2,13.4,0.915,sports_outdoor,South,70.0,0.1196
SPO-1024,3 months,2025-02-03,5,0,60.8,69.0,1.039,sports_outdoor,Central,70.0,0.1196
SPO-1026,3 months,2025-02-03,5,0,11.4,14.8,0.972,sports_outdoor,West,70.0,0.1196
SPO-1029,3 months,2025-02-03,5,0,35.6,44.3,1.149,sports_outdoor,South,70.0,0.1196
SPO-1030,3 months,2025-02-03,5,0,15.5,18.8,1.067,sports_outdoor,East,70.0,0.1196
SPO-1032,3 months,2025-02-03,5,0,15.6,20.1,0.975,sports_outdoor,Central,70.0,0.1196
SPO-1034,3 months,2025-02-03,5,0,37.6,46.9,1.075,sports_outdoor,North,70.0,0.1196
SPO-1035,3 months,2025-02-03,5,0,38.1,58.7,1.045,sports_outdoor,West,70.0,0.1196
SPO-1036,3 months,2025-02-03,5,0,26.1,32.3,1.026,sports_outdoor,East,70.0,0.1196
SPO-1039,3 months,2025-02-03,5,0,28.0,34.6,1.061,sports_outdoor,Central,70.0,0.1196
TOY-1002,3 months,2025-02-03,5,0,23.0,31.9,0.963,toys_games,East,35.0,0.0707
TOY-1010,3 months,2025-02-03,5,0,24.3,33.4,1.036,toys_games,Central,35.0,0.0707
TOY-1011,3 months,2025-02-03,5,0,8.6,11.8,1.106,toys_games,South,35.0,0.0707
TOY-1013,3 months,2025-02-03,5,0,34.8,44.6,0.96,toys_games,East,35.0,0.0707
TOY-1018,3 months,2025-02-03,5,0,41.0,50.2,0.981,toys_games,East,35.0,0.0707
TOY-1019,3 months,2025-02-03,5,0,14.0,19.4,0.982,toys_games,Central,35.0,0.0707
TOY-1020,3 months,2025-02-03,5,0,18.7,25.8,1.027,toys_games,South,35.0,0.0707
TOY-1021,3 months,2025-02-03,5,0,59.2,73.0,0.913,toys_games,North,35.0,0.0707
TOY-1024,3 months,2025-02-03,5,0,23.5,33.6,0.847,toys_games,South,35.0,0.0707
TOY-1025,3 months,2025-02-03,5,0,11.6,17.0,0.83,toys_games,West,35.0,0.0707
TOY-1030,3 months,2025-02-03,5,0,16.4,23.2,0.993,toys_games,South,35.0,0.0707
TOY-1031,3 months,2025-02-03,5,0,12.1,19.4,0.829,toys_games,South,35.0,0.0707
TOY-1034,3 months,2025-02-03,5,0,64.7,83.5,1.001,toys_games,North,35.0,0.0707
TOY-1035,3 months,2025-02-03,5,0,46.5,57.8,0.979,toys_games,East,35.0,0.0707
TOY-1038,3 months,2025-02-03,5,0,28.3,36.9,1.089,toys_games,South,35.0,0.0707
APP-1000,3 months,2025-02-10,6,0,55.4,63.3,1.108,apparel,West,45.0,0.2808
APP-1001,3 months,2025-02-10,6,0,72.6,81.2,1.011,apparel,East,45.0,0.2808
APP-1002,3 months,2025-02-10,6,0,68.9,77.8,0.926,apparel,North,45.0,0.2808
APP-1004,3 months,2025-02-10,6,0,116.9,132.5,0.898,apparel,Central,45.0,0.2808
APP-1006,3 months,2025-02-10,6,0,61.1,69.3,0.95,apparel,West,45.0,0.2808
APP-1008,3 months,2025-02-10,6,0,84.7,99.8,0.895,apparel,South,45.0,0.2808
APP-1009,3 months,2025-02-10,6,0,24.8,31.5,0.851,apparel,North,45.0,0.2808
APP-1012,3 months,2025-02-10,6,0,111.6,121.4,0.954,apparel,North,45.0,0.2808
APP-1016,3 months,2025-02-10,6,0,36.2,44.4,0.9,apparel,West,45.0,0.2808
APP-1018,3 months,2025-02-10,6,0,25.9,30.9,1.001,apparel,East,45.0,0.2808
APP-1019,3 months,2025-02-10,6,0,76.2,109.0,1.033,apparel,Central,45.0,0.2808
APP-1020,3 months,2025-02-10,6,0,65.9,76.8,0.862,apparel,South,45.0,0.2808
APP-1022,3 months,2025-02-10,6,0,70.2,80.4,0.885,apparel,South,45.0,0.2808
APP-1023,3 months,2025-02-10,6,0,31.9,38.0,0.924,apparel,West,45.0,0.2808
APP-1025,3 months,2025-02-10,6,0,113.8,140.2,0.905,apparel,Central,45.0,0.2808
APP-1027,3 months,2025-02-10,6,0,53.5,64.1,0.854,apparel,South,45.0,0.2808
APP-1028,3 months,2025-02-10,6,0,61.0,71.8,0.851,apparel,North,45.0,0.2808
APP-1029,3 months,2025-02-10,6,0,82.0,97.6,0.889,apparel,North,45.0,0.2808
APP-1031,3 months,2025-02-10,6,0,12.2,16.6,0.918,apparel,Central,45.0,0.2808
APP-1032,3 months,2025-02-10,6,0,82.8,100.2,0.887,apparel,East,45.0,0.2808
APP-1034,3 months,2025-02-10,6,0,38.1,47.5,0.89,apparel,North,45.0,0.2808
APP-1037,3 months,2025-02-10,6,0,45.7,57.0,0.955,apparel,Central,45.0,0.2808
APP-1038,3 months,2025-02-10,6,0,22.5,27.0,0.929,apparel,North,45.0,0.2808
BEA-1004,3 months,2025-02-10,6,0,52.4,72.6,0.968,beauty,West,25.0,0.0791
BEA-1006,3 months,2025-02-10,6,0,56.4,75.3,0.93,beauty,West,25.0,0.0791
BEA-1007,3 months,2025-02-10,6,0,45.9,56.4,0.87,beauty,South,25.0,0.0791
BEA-1009,3 months,2025-02-10,6,0,53.9,63.6,0.909,beauty,East,25.0,0.0791
BEA-1011,3 months,2025-02-10,6,0,32.1,40.6,0.904,beauty,North,25.0,0.0791
BEA-1012,3 months,2025-02-10,6,0,62.4,74.0,1.062,beauty,Central,25.0,0.0791
BEA-1013,3 months,2025-02-10,6,0,42.4,62.6,0.914,beauty,West,25.0,0.0791
BEA-1014,3 months,2025-02-10,6,0,68.5,83.4,0.903,beauty,West,25.0,0.0791
BEA-1016,3 months,2025-02-10,6,0,38.5,47.0,0.903,beauty,East,25.0,0.0791
BEA-1017,3 months,2025-02-10,6,0,36.2,44.8,0.967,beauty,East,25.0,0.0791
BEA-1018,3 months,2025-02-10,6,0,32.7,46.5,0.807,beauty,North,25.0,0.0791
BEA-1019,3 months,2025-02-10,6,0,29.4,37.9,0.858,beauty,North,25.0,0.0791
BEA-1020,3 months,2025-02-10,6,0,44.9,55.7,0.877,beauty,South,25.0,0.0791
BEA-1021,3 months,2025-02-10,6,0,13.5,19.5,0.852,beauty,Central,25.0,0.0791
BEA-1024,3 months,2025-02-10,6,0,72.6,87.9,0.923,beauty,South,25.0,0.0791
BEA-1025,3 months,2025-02-10,6,0,23.2,29.2,0.91,beauty,West,25.0,0.0791
BEA-1027,3 months,2025-02-10,6,0,43.7,54.0,0.904,beauty,Central,25.0,0.0791
BEA-1028,3 months,2025-02-10,6,0,29.1,36.8,0.957,beauty,South,25.0,0.0791
BEA-1030,3 months,2025-02-10,6,0,36.2,45.8,0.885,beauty,West,25.0,0.0791
BEA-1031,3 months,2025-02-10,6,0,56.7,68.8,0.997,beauty,South,25.0,0.0791
BEA-1032,3 months,2025-02-10,6,0,65.4,76.0,0.955,beauty,North,25.0,0.0791
BEA-1037,3 months,2025-02-10,6,0,29.2,37.4,0.924,beauty,Central,25.0,0.0791
BOO-1000,3 months,2025-02-10,6,0,15.8,22.5,0.832,books_media,North,20.0,0.0494
BOO-1001,3 months,2025-02-10,6,0,25.8,32.1,1.064,books_media,East,20.0,0.0494
BOO-1002,3 months,2025-02-10,6,0,17.7,24.1,0.9,books_media,Central,20.0,0.0494
BOO-1004,3 months,2025-02-10,6,0,29.5,38.3,1.048,books_media,South,20.0,0.0494
BOO-1005,3 months,2025-02-10,6,0,30.3,38.7,1.049,books_media,Central,20.0,0.0494
BOO-1006,3 months,2025-02-10,6,0,28.6,37.1,1.092,books_media,South,20.0,0.0494
BOO-1007,3 months,2025-02-10,6,0,14.7,20.1,1.073,books_media,West,20.0,0.0494
BOO-1008,3 months,2025-02-10,6,0,27.5,34.9,1.142,books_media,Central,20.0,0.0494
BOO-1011,3 months,2025-02-10,6,0,32.6,43.2,1.073,books_media,South,20.0,0.0494
BOO-1016,3 months,2025-02-10,6,0,15.6,20.8,1.1,books_media,North,20.0,0.0494
BOO-1018,3 months,2025-02-10,6,0,10.8,14.5,1.049,books_media,South,20.0,0.0494
BOO-1022,3 months,2025-02-10,6,0,10.2,13.9,1.171,books_media,Central,20.0,0.0494
BOO-1023,3 months,2025-02-10,6,0,20.7,26.3,0.995,books_media,North,20.0,0.0494
BOO-1024,3 months,2025-02-10,6,0,14.2,19.0,1.038,books_media,East,20.0,0.0494
BOO-1025,3 months,2025-02-10,6,0,36.2,48.7,1.036,books_media,Central,20.0,0.0494
BOO-1026,3 months,2025-02-10,6,0,6.1,8.5,1.115,books_media,West,20.0,0.0494
BOO-1027,3 months,2025-02-10,6,0,4.5,8.8,0.644,books_media,North,20.0,0.0494
BOO-1029,3 months,2025-02-10,6,0,27.4,34.9,1.078,books_media,East,20.0,0.0494
BOO-1031,3 months,2025-02-10,6,0,32.9,42.8,0.908,books_media,West,20.0,0.0494
BOO-1033,3 months,2025-02-10,6,0,6.9,9.8,1.222,books_media,East,20.0,0.0494
BOO-1034,3 months,2025-02-10,6,0,23.0,29.6,0.972,books_media,South,20.0,0.0494
BOO-1038,3 months,2025-02-10,6,0,35.7,45.2,1.057,books_media,North,20.0,0.0494
ELE-1002,3 months,2025-02-10,6,0,55.6,69.4,0.935,electronics,South,180.0,0.0888
ELE-1005,3 months,2025-02-10,6,0,14.8,18.9,1.057,electronics,West,180.0,0.0888
ELE-1006,3 months,2025-02-10,6,0,66.7,92.1,0.964,electronics,North,180.0,0.0888
ELE-1011,3 months,2025-02-10,6,0,14.3,19.2,1.135,electronics,Central,180.0,0.0888
ELE-1012,3 months,2025-02-10,6,0,23.6,30.5,0.958,electronics,South,180.0,0.0888
ELE-1013,3 months,2025-02-10,6,0,16.6,22.6,0.919,electronics,East,180.0,0.0888
ELE-1014,3 months,2025-02-10,6,0,12.2,17.0,0.918,electronics,North,180.0,0.0888
ELE-1017,3 months,2025-02-10,6,0,58.2,75.5,0.824,electronics,South,180.0,0.0888
ELE-1018,3 months,2025-02-10,6,0,25.0,31.6,1.031,electronics,East,180.0,0.0888
ELE-1022,3 months,2025-02-10,6,0,26.4,34.7,0.939,electronics,East,180.0,0.0888
ELE-1023,3 months,2025-02-10,6,0,50.6,61.4,1.015,electronics,North,180.0,0.0888
ELE-1024,3 months,2025-02-10,6,0,24.6,33.0,0.846,electronics,Central,180.0,0.0888
ELE-1026,3 months,2025-02-10,6,0,22.0,28.9,0.913,electronics,Central,180.0,0.0888
ELE-1027,3 months,2025-02-10,6,0,27.2,34.7,1.063,electronics,North,180.0,0.0888
ELE-1029,3 months,2025-02-10,6,0,57.4,71.6,0.971,electronics,North,180.0,0.0888
ELE-1031,3 months,2025-02-10,6,0,64.7,78.8,1.119,electronics,South,180.0,0.0888
ELE-1035,3 months,2025-02-10,6,0,29.9,36.5,1.088,electronics,East,180.0,0.0888
ELE-1036,3 months,2025-02-10,6,0,34.3,42.8,1.131,electronics,North,180.0,0.0888
ELE-1038,3 months,2025-02-10,6,0,59.4,73.2,1.104,electronics,South,180.0,0.0888
GRO-1000,3 months,2025-02-10,6,0,85.9,100.3,1.024,grocery,North,15.0,0.0201
GRO-1002,3 months,2025-02-10,6,0,93.0,110.2,0.936,grocery,North,15.0,0.0201
GRO-1004,3 months,2025-02-10,6,0,133.4,189.2,0.949,grocery,North,15.0,0.0201
GRO-1005,3 months,2025-02-10,6,0,106.9,147.1,0.983,grocery,East,15.0,0.0201
GRO-1006,3 months,2025-02-10,6,0,61.8,72.1,1.012,grocery,West,15.0,0.0201
GRO-1007,3 months,2025-02-10,6,0,113.8,129.7,0.978,grocery,South,15.0,0.0201
GRO-1009,3 months,2025-02-10,6,0,26.1,33.9,0.956,grocery,West,15.0,0.0201
GRO-1012,3 months,2025-02-10,6,0,98.8,181.3,0.991,grocery,North,15.0,0.0201
GRO-1015,3 months,2025-02-10,6,0,46.7,70.8,0.963,grocery,North,15.0,0.0201
GRO-1016,3 months,2025-02-10,6,0,73.5,86.2,0.96,grocery,North,15.0,0.0201
GRO-1017,3 months,2025-02-10,6,0,87.4,104.5,0.94,grocery,South,15.0,0.0201
GRO-1024,3 months,2025-02-10,6,0,57.5,67.9,1.025,grocery,South,15.0,0.0201
GRO-1025,3 months,2025-02-10,6,0,61.0,108.3,0.93,grocery,Central,15.0,0.0201
GRO-1027,3 months,2025-02-10,6,0,58.2,68.0,0.942,grocery,West,15.0,0.0201
GRO-1028,3 months,2025-02-10,6,0,110.1,123.4,0.975,grocery,North,15.0,0.0201
GRO-1030,3 months,2025-02-10,6,0,75.9,88.8,0.97,grocery,West,15.0,0.0201
GRO-1034,3 months,2025-02-10,6,0,82.2,96.7,1.046,grocery,North,15.0,0.0201
GRO-1038,3 months,2025-02-10,6,0,43.8,53.7,1.008,grocery,West,15.0,0.0201
HOM-1001,3 months,2025-02-10,6,0,72.4,96.1,0.954,home_kitchen,Central,60.0,0.0981
HOM-1003,3 months,2025-02-10,6,0,21.0,27.7,1.035,home_kitchen,East,60.0,0.0981
HOM-1006,3 months,2025-02-10,6,0,24.7,32.4,0.934,home_kitchen,West,60.0,0.0981
HOM-1010,3 months,2025-02-10,6,0,22.2,29.7,0.997,home_kitchen,West,60.0,0.0981
HOM-1011,3 months,2025-02-10,6,0,60.0,72.1,0.924,home_kitchen,West,60.0,0.0981
HOM-1013,3 months,2025-02-10,6,0,37.1,50.0,1.02,home_kitchen,East,60.0,0.0981
HOM-1015,3 months,2025-02-10,6,0,22.1,29.6,0.87,home_kitchen,South,60.0,0.0981
HOM-1017,3 months,2025-02-10,6,0,48.2,58.4,0.97,home_kitchen,West,60.0,0.0981
HOM-1019,3 months,2025-02-10,6,0,65.7,79.2,0.956,home_kitchen,East,60.0,0.0981
HOM-1022,3 months,2025-02-10,6,0,71.9,96.9,0.992,home_kitchen,Central,60.0,0.0981
HOM-1024,3 months,2025-02-10,6,0,9.3,14.1,1.002,home_kitchen,Central,60.0,0.0981
HOM-1030,3 months,2025-02-10,6,0,27.8,41.9,0.812,home_kitchen,South,60.0,0.0981
HOM-1032,3 months,2025-02-10,6,0,32.2,43.5,1.002,home_kitchen,East,60.0,0.0981
HOM-1035,3 months,2025-02-10,6,0,31.4,38.5,0.974,home_kitchen,South,60.0,0.0981
HOM-1036,3 months,2025-02-10,6,0,65.9,80.4,0.979,home_kitchen,West,60.0,0.0981
HOM-1037,3 months,2025-02-10,6,0,49.1,63.2,0.917,home_kitchen,West,60.0,0.0981
HOM-1038,3 months,2025-02-10,6,0,23.1,31.8,0.888,home_kitchen,North,60.0,0.0981
HOM-1039,3 months,2025-02-10,6,0,32.4,45.5,0.956,home_kitchen,North,60.0,0.0981
SPO-1001,3 months,2025-02-10,6,0,42.6,52.9,0.936,sports_outdoor,East,70.0,0.1196
SPO-1003,3 months,2025-02-10,6,0,46.0,56.8,0.942,sports_outdoor,North,70.0,0.1196
SPO-1004,3 months,2025-02-10,6,0,21.0,29.0,0.964,sports_outdoor,North,70.0,0.1196
SPO-1005,3 months,2025-02-10,6,0,22.3,27.2,1.193,sports_outdoor,Central,70.0,0.1196
SPO-1007,3 months,2025-02-10,6,0,34.3,42.8,1.034,sports_outdoor,North,70.0,0.1196
SPO-1008,3 months,2025-02-10,6,0,19.7,25.9,1.018,sports_outdoor,South,70.0,0.1196
SPO-1009,3 months,2025-02-10,6,0,17.9,22.4,1.021,sports_outdoor,North,70.0,0.1196
SPO-1012,3 months,2025-02-10,6,0,30.1,36.2,1.061,sports_outdoor,North,70.0,0.1196
SPO-1014,3 months,2025-02-10,6,0,22.5,26.7,1.056,sports_outdoor,Central,70.0,0.1196
SPO-1019,3 months,2025-02-10,6,0,38.6,48.2,0.948,sports_outdoor,West,70.0,0.1196
SPO-1021,3 months,2025-02-10,6,0,10.1,13.3,0.915,sports_outdoor,South,70.0,0.1196
SPO-1024,3 months,2025-02-10,6,0,59.9,69.0,1.039,sports_outdoor,Central,70.0,0.1196
SPO-1026,3 months,2025-02-10,6,0,10.2,14.5,0.972,sports_outdoor,West,70.0,0.1196
SPO-1029,3 months,2025-02-10,6,0,36.3,44.2,1.149,sports_outdoor,South,70.0,0.1196
SPO-1030,3 months,2025-02-10,6,0,15.6,18.6,1.067,sports_outdoor,East,70.0,0.1196
SPO-1032,3 months,2025-02-10,6,0,15.8,19.9,0.975,sports_outdoor,Central,70.0,0.1196
SPO-1034,3 months,2025-02-10,6,0,37.7,46.8,1.075,sports_outdoor,North,70.0,0.1196
SPO-1035,3 months,2025-02-10,6,0,38.8,58.7,1.045,sports_outdoor,West,70.0,0.1196
SPO-1036,3 months,2025-02-10,6,0,26.8,32.2,1.026,sports_outdoor,East,70.0,0.1196
SPO-1039,3 months,2025-02-10,6,0,27.9,34.3,1.061,sports_outdoor,Central,70.0,0.1196
TOY-1002,3 months,2025-02-10,6,0,23.2,32.4,0.963,toys_games,East,35.0,0.0707
TOY-1010,3 months,2025-02-10,6,0,24.1,33.6,1.036,toys_games,Central,35.0,0.0707
TOY-1011,3 months,2025-02-10,6,0,9.0,12.8,1.106,toys_games,South,35.0,0.0707
TOY-1013,3 months,2025-02-10,6,0,35.0,45.7,0.96,toys_games,East,35.0,0.0707
TOY-1018,3 months,2025-02-10,6,0,41.4,51.4,0.981,toys_games,East,35.0,0.0707
TOY-1019,3 months,2025-02-10,6,0,13.9,20.2,0.982,toys_games,Central,35.0,0.0707
TOY-1020,3 months,2025-02-10,6,0,18.1,26.5,1.027,toys_games,South,35.0,0.0707
TOY-1021,3 months,2025-02-10,6,0,60.8,73.7,0.913,toys_games,North,35.0,0.0707
TOY-1024,3 months,2025-02-10,6,0,23.2,34.2,0.847,toys_games,South,35.0,0.0707
TOY-1025,3 months,2025-02-10,6,0,11.8,17.5,0.83,toys_games,West,35.0,0.0707
TOY-1030,3 months,2025-02-10,6,0,16.3,23.8,0.993,toys_games,South,35.0,0.0707
TOY-1031,3 months,2025-02-10,6,0,13.5,20.0,0.829,toys_games,South,35.0,0.0707
TOY-1034,3 months,2025-02-10,6,0,65.5,85.9,1.001,toys_games,North,35.0,0.0707
TOY-1035,3 months,2025-02-10,6,0,47.0,59.3,0.979,toys_games,East,35.0,0.0707
TOY-1038,3 months,2025-02-10,6,0,28.3,37.6,1.089,toys_games,South,35.0,0.0707
APP-1000,3 months,2025-02-17,7,0,53.9,74.2,1.108,apparel,West,45.0,0.2808
APP-1001,3 months,2025-02-17,7,0,70.1,82.6,1.011,apparel,East,45.0,0.2808
APP-1002,3 months,2025-02-17,7,0,66.6,79.1,0.926,apparel,North,45.0,0.2808
APP-1004,3 months,2025-02-17,7,0,109.7,135.2,0.898,apparel,Central,45.0,0.2808
APP-1006,3 months,2025-02-17,7,0,58.9,70.7,0.95,apparel,West,45.0,0.2808
APP-1008,3 months,2025-02-17,7,0,81.7,98.6,0.895,apparel,South,45.0,0.2808
APP-1009,3 months,2025-02-17,7,0,23.6,31.3,0.851,apparel,North,45.0,0.2808
APP-1012,3 months,2025-02-17,7,0,101.7,124.1,0.954,apparel,North,45.0,0.2808
APP-1016,3 months,2025-02-17,7,0,35.1,44.6,0.9,apparel,West,45.0,0.2808
APP-1018,3 months,2025-02-17,7,0,24.3,30.1,1.001,apparel,East,45.0,0.2808
APP-1019,3 months,2025-02-17,7,0,74.4,115.0,1.033,apparel,Central,45.0,0.2808
APP-1020,3 months,2025-02-17,7,0,63.7,79.4,0.862,apparel,South,45.0,0.2808
APP-1022,3 months,2025-02-17,7,0,68.5,81.7,0.885,apparel,South,45.0,0.2808
APP-1023,3 months,2025-02-17,7,0,30.6,37.5,0.924,apparel,West,45.0,0.2808
APP-1025,3 months,2025-02-17,7,0,112.7,141.0,0.905,apparel,Central,45.0,0.2808
APP-1027,3 months,2025-02-17,7,0,52.3,64.2,0.854,apparel,South,45.0,0.2808
APP-1028,3 months,2025-02-17,7,0,59.5,73.2,0.851,apparel,North,45.0,0.2808
APP-1029,3 months,2025-02-17,7,0,79.0,96.2,0.889,apparel,North,45.0,0.2808
APP-1031,3 months,2025-02-17,7,0,12.2,16.8,0.918,apparel,Central,45.0,0.2808
APP-1032,3 months,2025-02-17,7,0,79.9,98.9,0.887,apparel,East,45.0,0.2808
APP-1034,3 months,2025-02-17,7,0,37.0,47.4,0.89,apparel,North,45.0,0.2808
APP-1037,3 months,2025-02-17,7,0,44.1,60.1,0.955,apparel,Central,45.0,0.2808
APP-1038,3 months,2025-02-17,7,0,21.2,26.6,0.929,apparel,North,45.0,0.2808
BEA-1004,3 months,2025-02-17,7,0,53.0,73.3,0.968,beauty,West,25.0,0.0791
BEA-1006,3 months,2025-02-17,7,0,57.0,76.4,0.93,beauty,West,25.0,0.0791
BEA-1007,3 months,2025-02-17,7,0,46.5,55.6,0.87,beauty,South,25.0,0.0791
BEA-1009,3 months,2025-02-17,7,0,54.5,64.0,0.909,beauty,East,25.0,0.0791
BEA-1011,3 months,2025-02-17,7,0,32.4,41.2,0.904,beauty,North,25.0,0.0791
BEA-1012,3 months,2025-02-17,7,0,62.1,74.0,1.062,beauty,Central,25.0,0.0791
BEA-1013,3 months,2025-02-17,7,0,38.9,60.3,0.914,beauty,West,25.0,0.0791
BEA-1014,3 months,2025-02-17,7,0,69.1,85.4,0.903,beauty,West,25.0,0.0791
BEA-1016,3 months,2025-02-17,7,0,38.4,46.9,0.903,beauty,East,25.0,0.0791
BEA-1017,3 months,2025-02-17,7,0,36.5,44.5,0.967,beauty,East,25.0,0.0791
BEA-1018,3 months,2025-02-17,7,0,33.9,46.5,0.807,beauty,North,25.0,0.0791
BEA-1019,3 months,2025-02-17,7,0,30.0,38.2,0.858,beauty,North,25.0,0.0791
BEA-1020,3 months,2025-02-17,7,0,45.3,56.3,0.877,beauty,South,25.0,0.0791
BEA-1021,3 months,2025-02-17,7,0,14.2,19.7,0.852,beauty,Central,25.0,0.0791
BEA-1024,3 months,2025-02-17,7,0,73.2,86.6,0.923,beauty,South,25.0,0.0791
BEA-1025,3 months,2025-02-17,7,0,23.3,29.6,0.91,beauty,West,25.0,0.0791
BEA-1027,3 months,2025-02-17,7,0,44.0,53.8,0.904,beauty,Central,25.0,0.0791
BEA-1028,3 months,2025-02-17,7,0,29.4,37.3,0.957,beauty,South,25.0,0.0791
BEA-1030,3 months,2025-02-17,7,0,36.5,45.8,0.885,beauty,West,25.0,0.0791
BEA-1031,3 months,2025-02-17,7,0,57.3,68.1,0.997,beauty,South,25.0,0.0791
BEA-1032,3 months,2025-02-17,7,0,66.0,76.4,0.955,beauty,North,25.0,0.0791
BEA-1037,3 months,2025-02-17,7,0,29.5,37.5,0.924,beauty,Central,25.0,0.0791
BOO-1000,3 months,2025-02-17,7,0,15.6,22.3,0.832,books_media,North,20.0,0.0494
BOO-1001,3 months,2025-02-17,7,0,25.2,31.0,1.064,books_media,East,20.0,0.0494
BOO-1002,3 months,2025-02-17,7,0,17.1,23.1,0.9,books_media,Central,20.0,0.0494
BOO-1004,3 months,2025-02-17,7,0,29.3,37.3,1.048,books_media,South,20.0,0.0494
BOO-1005,3 months,2025-02-17,7,0,29.9,37.8,1.049,books_media,Central,20.0,0.0494
BOO-1006,3 months,2025-02-17,7,0,28.5,36.2,1.092,books_media,South,20.0,0.0494
BOO-1007,3 months,2025-02-17,7,0,14.6,19.5,1.073,books_media,West,20.0,0.0494
BOO-1008,3 months,2025-02-17,7,0,26.8,33.9,1.142,books_media,Central,20.0,0.0494
BOO-1011,3 months,2025-02-17,7,0,32.4,42.3,1.073,books_media,South,20.0,0.0494
BOO-1016,3 months,2025-02-17,7,0,15.2,20.1,1.1,books_media,North,20.0,0.0494
BOO-1018,3 months,2025-02-17,7,0,11.3,14.3,1.049,books_media,South,20.0,0.0494
BOO-1022,3 months,2025-02-17,7,0,10.2,13.7,1.171,books_media,Central,20.0,0.0494
BOO-1023,3 months,2025-02-17,7,0,20.1,25.6,0.995,books_media,North,20.0,0.0494
BOO-1024,3 months,2025-02-17,7,0,14.2,18.1,1.038,books_media,East,20.0,0.0494
BOO-1025,3 months,2025-02-17,7,0,36.1,48.3,1.036,books_media,Central,20.0,0.0494
BOO-1026,3 months,2025-02-17,7,0,5.8,8.1,1.115,books_media,West,20.0,0.0494
BOO-1027,3 months,2025-02-17,7,0,5.9,8.9,0.644,books_media,North,20.0,0.0494
BOO-1029,3 months,2025-02-17,7,0,26.9,34.2,1.078,books_media,East,20.0,0.0494
BOO-1031,3 months,2025-02-17,7,0,32.9,42.5,0.908,books_media,West,20.0,0.0494
BOO-1033,3 months,2025-02-17,7,0,7.1,8.8,1.222,books_media,East,20.0,0.0494
BOO-1034,3 months,2025-02-17,7,0,22.7,28.7,0.972,books_media,South,20.0,0.0494
BOO-1038,3 months,2025-02-17,7,0,34.6,44.2,1.057,books_media,North,20.0,0.0494
ELE-1002,3 months,2025-02-17,7,0,53.6,66.8,0.935,electronics,South,180.0,0.0888
ELE-1005,3 months,2025-02-17,7,0,13.8,19.2,1.057,electronics,West,180.0,0.0888
ELE-1006,3 months,2025-02-17,7,0,66.9,90.2,0.964,electronics,North,180.0,0.0888
ELE-1011,3 months,2025-02-17,7,0,13.5,18.9,1.135,electronics,Central,180.0,0.0888
ELE-1012,3 months,2025-02-17,7,0,22.7,29.8,0.958,electronics,South,180.0,0.0888
ELE-1013,3 months,2025-02-17,7,0,15.6,22.0,0.919,electronics,East,180.0,0.0888
ELE-1014,3 months,2025-02-17,7,0,11.9,16.8,0.918,electronics,North,180.0,0.0888
ELE-1017,3 months,2025-02-17,7,0,57.4,72.6,0.824,electronics,South,180.0,0.0888
ELE-1018,3 months,2025-02-17,7,0,23.8,30.5,1.031,electronics,East,180.0,0.0888
ELE-1022,3 months,2025-02-17,7,0,25.3,34.2,0.939,electronics,East,180.0,0.0888
ELE-1023,3 months,2025-02-17,7,0,48.9,59.7,1.015,electronics,North,180.0,0.0888
ELE-1024,3 months,2025-02-17,7,0,23.6,32.4,0.846,electronics,Central,180.0,0.0888
ELE-1026,3 months,2025-02-17,7,0,20.8,27.6,0.913,electronics,Central,180.0,0.0888
ELE-1027,3 months,2025-02-17,7,0,26.0,34.1,1.063,electronics,North,180.0,0.0888
ELE-1029,3 months,2025-02-17,7,0,55.6,70.7,0.971,electronics,North,180.0,0.0888
ELE-1031,3 months,2025-02-17,7,0,62.6,77.3,1.119,electronics,South,180.0,0.0888
ELE-1035,3 months,2025-02-17,7,0,28.4,34.8,1.088,electronics,East,180.0,0.0888
ELE-1036,3 months,2025-02-17,7,0,33.1,42.1,1.131,electronics,North,180.0,0.0888
ELE-1038,3 months,2025-02-17,7,0,57.2,72.2,1.104,electronics,South,180.0,0.0888
GRO-1000,3 months,2025-02-17,7,0,88.7,101.8,1.024,grocery,North,15.0,0.0201
GRO-1002,3 months,2025-02-17,7,0,97.1,110.1,0.936,grocery,North,15.0,0.0201
GRO-1004,3 months,2025-02-17,7,0,165.6,193.4,0.949,grocery,North,15.0,0.0201
GRO-1005,3 months,2025-02-17,7,0,125.1,149.7,0.983,grocery,East,15.0,0.0201
GRO-1006,3 months,2025-02-17,7,0,62.0,73.1,1.012,grocery,West,15.0,0.0201
GRO-1007,3 months,2025-02-17,7,0,118.1,133.3,0.978,grocery,South,15.0,0.0201
GRO-1009,3 months,2025-02-17,7,0,27.0,33.6,0.956,grocery,West,15.0,0.0201
GRO-1012,3 months,2025-02-17,7,0,118.2,186.0,0.991,grocery,North,15.0,0.0201
GRO-1015,3 months,2025-02-17,7,0,47.3,71.5,0.963,grocery,North,15.0,0.0201
GRO-1016,3 months,2025-02-17,7,0,76.6,87.0,0.96,grocery,North,15.0,0.0201
GRO-1017,3 months,2025-02-17,7,0,90.1,106.1,0.94,grocery,South,15.0,0.0201
GRO-1024,3 months,2025-02-17,7,0,57.5,67.4,1.025,grocery,South,15.0,0.0201
GRO-1025,3 months,2025-02-17,7,0,64.8,111.3,0.93,grocery,Central,15.0,0.0201
GRO-1027,3 months,2025-02-17,7,0,58.9,68.7,0.942,grocery,West,15.0,0.0201
GRO-1028,3 months,2025-02-17,7,0,105.9,127.0,0.975,grocery,North,15.0,0.0201
GRO-1030,3 months,2025-02-17,7,0,79.0,91.0,0.97,grocery,West,15.0,0.0201
GRO-1034,3 months,2025-02-17,7,0,84.8,98.5,1.046,grocery,North,15.0,0.0201
GRO-1038,3 months,2025-02-17,7,0,44.9,53.0,1.008,grocery,West,15.0,0.0201
HOM-1001,3 months,2025-02-17,7,0,74.8,93.1,0.954,home_kitchen,Central,60.0,0.0981
HOM-1003,3 months,2025-02-17,7,0,21.0,26.5,1.035,home_kitchen,East,60.0,0.0981
HOM-1006,3 months,2025-02-17,7,0,24.6,32.4,0.934,home_kitchen,West,60.0,0.0981
HOM-1010,3 months,2025-02-17,7,0,22.0,28.6,0.997,home_kitchen,West,60.0,0.0981
HOM-1011,3 months,2025-02-17,7,0,59.2,73.9,0.924,home_kitchen,West,60.0,0.0981
HOM-1013,3 months,2025-02-17,7,0,36.6,48.9,1.02,home_kitchen,East,60.0,0.0981
HOM-1015,3 months,2025-02-17,7,0,21.9,28.5,0.87,home_kitchen,South,60.0,0.0981
HOM-1017,3 months,2025-02-17,7,0,47.5,56.6,0.97,home_kitchen,West,60.0,0.0981
HOM-1019,3 months,2025-02-17,7,0,64.7,78.1,0.956,home_kitchen,East,60.0,0.0981
HOM-1022,3 months,2025-02-17,7,0,74.7,93.4,0.992,home_kitchen,Central,60.0,0.0981
HOM-1024,3 months,2025-02-17,7,0,9.5,13.3,1.002,home_kitchen,Central,60.0,0.0981
HOM-1030,3 months,2025-02-17,7,0,28.8,42.9,0.812,home_kitchen,South,60.0,0.0981
HOM-1032,3 months,2025-02-17,7,0,32.1,43.0,1.002,home_kitchen,East,60.0,0.0981
HOM-1035,3 months,2025-02-17,7,0,30.7,38.3,0.974,home_kitchen,South,60.0,0.0981
HOM-1036,3 months,2025-02-17,7,0,64.8,79.5,0.979,home_kitchen,West,60.0,0.0981
HOM-1037,3 months,2025-02-17,7,0,48.2,59.1,0.917,home_kitchen,West,60.0,0.0981
HOM-1038,3 months,2025-02-17,7,0,23.0,30.8,0.888,home_kitchen,North,60.0,0.0981
HOM-1039,3 months,2025-02-17,7,0,32.5,45.5,0.956,home_kitchen,North,60.0,0.0981
SPO-1001,3 months,2025-02-17,7,0,43.4,52.1,0.936,sports_outdoor,East,70.0,0.1196
SPO-1003,3 months,2025-02-17,7,0,46.8,56.1,0.942,sports_outdoor,North,70.0,0.1196
SPO-1004,3 months,2025-02-17,7,0,20.8,29.0,0.964,sports_outdoor,North,70.0,0.1196
SPO-1005,3 months,2025-02-17,7,0,22.0,27.0,1.193,sports_outdoor,Central,70.0,0.1196
SPO-1007,3 months,2025-02-17,7,0,35.0,42.1,1.034,sports_outdoor,North,70.0,0.1196
SPO-1008,3 months,2025-02-17,7,0,19.6,26.1,1.018,sports_outdoor,South,70.0,0.1196
SPO-1009,3 months,2025-02-17,7,0,17.6,22.4,1.021,sports_outdoor,North,70.0,0.1196
SPO-1012,3 months,2025-02-17,7,0,30.6,35.4,1.061,sports_outdoor,North,70.0,0.1196
SPO-1014,3 months,2025-02-17,7,0,22.1,26.7,1.056,sports_outdoor,Central,70.0,0.1196
SPO-1019,3 months,2025-02-17,7,0,39.4,47.7,0.948,sports_outdoor,West,70.0,0.1196
SPO-1021,3 months,2025-02-17,7,0,10.0,13.3,0.915,sports_outdoor,South,70.0,0.1196
SPO-1024,3 months,2025-02-17,7,0,61.1,68.9,1.039,sports_outdoor,Central,70.0,0.1196
SPO-1026,3 months,2025-02-17,7,0,9.9,14.7,0.972,sports_outdoor,West,70.0,0.1196
SPO-1029,3 months,2025-02-17,7,0,37.0,43.4,1.149,sports_outdoor,South,70.0,0.1196
SPO-1030,3 months,2025-02-17,7,0,15.2,18.5,1.067,sports_outdoor,East,70.0,0.1196
SPO-1032,3 months,2025-02-17,7,0,15.4,19.8,0.975,sports_outdoor,Central,70.0,0.1196
SPO-1034,3 months,2025-02-17,7,0,38.3,46.1,1.075,sports_outdoor,North,70.0,0.1196
SPO-1035,3 months,2025-02-17,7,0,39.5,57.3,1.045,sports_outdoor,West,70.0,0.1196
SPO-1036,3 months,2025-02-17,7,0,26.4,32.0,1.026,sports_outdoor,East,70.0,0.1196
SPO-1039,3 months,2025-02-17,7,0,28.0,34.2,1.061,sports_outdoor,Central,70.0,0.1196
TOY-1002,3 months,2025-02-17,7,0,23.8,31.6,0.963,toys_games,East,35.0,0.0707
TOY-1010,3 months,2025-02-17,7,0,24.4,32.9,1.036,toys_games,Central,35.0,0.0707
TOY-1011,3 months,2025-02-17,7,0,8.7,12.3,1.106,toys_games,South,35.0,0.0707
TOY-1013,3 months,2025-02-17,7,0,35.9,45.0,0.96,toys_games,East,35.0,0.0707
TOY-1018,3 months,2025-02-17,7,0,43.4,52.2,0.981,toys_games,East,35.0,0.0707
TOY-1019,3 months,2025-02-17,7,0,14.6,21.3,0.982,toys_games,Central,35.0,0.0707
TOY-1020,3 months,2025-02-17,7,0,19.4,26.5,1.027,toys_games,South,35.0,0.0707
TOY-1021,3 months,2025-02-17,7,0,61.9,72.3,0.913,toys_games,North,35.0,0.0707
TOY-1024,3 months,2025-02-17,7,0,24.0,33.3,0.847,toys_games,South,35.0,0.0707
TOY-1025,3 months,2025-02-17,7,0,11.9,17.6,0.83,toys_games,West,35.0,0.0707
TOY-1030,3 months,2025-02-17,7,0,16.4,23.7,0.993,toys_games,South,35.0,0.0707
TOY-1031,3 months,2025-02-17,7,0,13.7,19.7,0.829,toys_games,South,35.0,0.0707
TOY-1034,3 months,2025-02-17,7,0,67.0,83.9,1.001,toys_games,North,35.0,0.0707
TOY-1035,3 months,2025-02-17,7,0,48.7,57.0,0.979,toys_games,East,35.0,0.0707
TOY-1038,3 months,2025-02-17,7,0,28.0,38.1,1.089,toys_games,South,35.0,0.0707
APP-1000,3 months,2025-02-24,8,0,57.3,74.3,1.108,apparel,West,45.0,0.2808
APP-1001,3 months,2025-02-24,8,0,75.1,86.1,1.011,apparel,East,45.0,0.2808
APP-1002,3 months,2025-02-24,8,0,71.3,81.9,0.926,apparel,North,45.0,0.2808
APP-1004,3 months,2025-02-24,8,0,119.6,140.8,0.898,apparel,Central,45.0,0.2808
APP-1006,3 months,2025-02-24,8,0,63.0,75.1,0.95,apparel,West,45.0,0.2808
APP-1008,3 months,2025-02-24,8,0,87.1,102.8,0.895,apparel,South,45.0,0.2808
APP-1009,3 months,2025-02-24,8,0,25.1,32.7,0.851,apparel,North,45.0,0.2808
APP-1012,3 months,2025-02-24,8,0,107.9,131.5,0.954,apparel,North,45.0,0.2808
APP-1016,3 months,2025-02-24,8,0,37.5,46.2,0.9,apparel,West,45.0,0.2808
APP-1018,3 months,2025-02-24,8,0,25.7,32.0,1.001,apparel,East,45.0,0.2808
APP-1019,3 months,2025-02-24,8,0,78.9,121.6,1.033,apparel,Central,45.0,0.2808
APP-1020,3 months,2025-02-24,8,0,68.2,83.6,0.862,apparel,South,45.0,0.2808
APP-1022,3 months,2025-02-24,8,0,72.9,85.0,0.885,apparel,South,45.0,0.2808
APP-1023,3 months,2025-02-24,8,0,31.4,40.0,0.924,apparel,West,45.0,0.2808
APP-1025,3 months,2025-02-24,8,0,119.5,147.4,0.905,apparel,Central,45.0,0.2808
APP-1027,3 months,2025-02-24,8,0,55.6,66.6,0.854,apparel,South,45.0,0.2808
APP-1028,3 months,2025-02-24,8,0,64.1,76.2,0.851,apparel,North,45.0,0.2808
APP-1029,3 months,2025-02-24,8,0,84.2,101.5,0.889,apparel,North,45.0,0.2808
APP-1031,3 months,2025-02-24,8,0,13.7,18.6,0.918,apparel,Central,45.0,0.2808
APP-1032,3 months,2025-02-24,8,0,85.1,105.0,0.887,apparel,East,45.0,0.2808
APP-1034,3 months,2025-02-24,8,0,39.6,49.4,0.89,apparel,North,45.0,0.2808
APP-1037,3 months,2025-02-24,8,0,46.9,60.7,0.955,apparel,Central,45.0,0.2808
APP-1038,3 months,2025-02-24,8,0,22.5,27.6,0.929,apparel,North,45.0,0.2808
BEA-1004,3 months,2025-02-24,8,0,55.2,75.5,0.968,beauty,West,25.0,0.0791
BEA-1006,3 months,2025-02-24,8,0,59.0,77.7,0.93,beauty,West,25.0,0.0791
BEA-1007,3 months,2025-02-24,8,0,48.5,59.2,0.87,beauty,South,25.0,0.0791
BEA-1009,3 months,2025-02-24,8,0,56.7,65.2,0.909,beauty,East,25.0,0.0791
BEA-1011,3 months,2025-02-24,8,0,33.8,42.1,0.904,beauty,North,25.0,0.0791
BEA-1012,3 months,2025-02-24,8,0,64.7,76.2,1.062,beauty,Central,25.0,0.0791
BEA-1013,3 months,2025-02-24,8,0,40.5,61.3,0.914,beauty,West,25.0,0.0791
BEA-1014,3 months,2025-02-24,8,0,71.5,87.5,0.903,beauty,West,25.0,0.0791
BEA-1016,3 months,2025-02-24,8,0,39.9,48.6,0.903,beauty,East,25.0,0.0791
BEA-1017,3 months,2025-02-24,8,0,38.0,46.0,0.967,beauty,East,25.0,0.0791
BEA-1018,3 months,2025-02-24,8,0,35.4,47.6,0.807,beauty,North,25.0,0.0791
BEA-1019,3 months,2025-02-24,8,0,30.8,39.3,0.858,beauty,North,25.0,0.0791
BEA-1020,3 months,2025-02-24,8,0,47.3,57.0,0.877,beauty,South,25.0,0.0791
BEA-1021,3 months,2025-02-24,8,0,14.3,20.7,0.852,beauty,Central,25.0,0.0791
BEA-1024,3 months,2025-02-24,8,0,71.6,91.4,0.923,beauty,South,25.0,0.0791
BEA-1025,3 months,2025-02-24,8,0,24.6,30.6,0.91,beauty,West,25.0,0.0791
BEA-1027,3 months,2025-02-24,8,0,45.9,55.6,0.904,beauty,Central,25.0,0.0791
BEA-1028,3 months,2025-02-24,8,0,30.6,37.9,0.957,beauty,South,25.0,0.0791
BEA-1030,3 months,2025-02-24,8,0,38.3,47.3,0.885,beauty,West,25.0,0.0791
BEA-1031,3 months,2025-02-24,8,0,59.8,71.5,0.997,beauty,South,25.0,0.0791
BEA-1032,3 months,2025-02-24,8,0,68.9,78.4,0.955,beauty,North,25.0,0.0791
BEA-1037,3 months,2025-02-24,8,0,30.8,38.4,0.924,beauty,Central,25.0,0.0791
BOO-1000,3 months,2025-02-24,8,0,15.7,23.3,0.832,books_media,North,20.0,0.0494
BOO-1001,3 months,2025-02-24,8,0,26.3,33.0,1.064,books_media,East,20.0,0.0494
BOO-1002,3 months,2025-02-24,8,0,18.2,24.8,0.9,books_media,Central,20.0,0.0494
BOO-1004,3 months,2025-02-24,8,0,30.6,38.5,1.048,books_media,South,20.0,0.0494
BOO-1005,3 months,2025-02-24,8,0,31.2,39.0,1.049,books_media,Central,20.0,0.0494
BOO-1006,3 months,2025-02-24,8,0,29.5,37.0,1.092,books_media,South,20.0,0.0494
BOO-1007,3 months,2025-02-24,8,0,14.8,20.3,1.073,books_media,West,20.0,0.0494
BOO-1008,3 months,2025-02-24,8,0,27.9,35.2,1.142,books_media,Central,20.0,0.0494
BOO-1011,3 months,2025-02-24,8,0,33.9,43.8,1.073,books_media,South,20.0,0.0494
BOO-1016,3 months,2025-02-24,8,0,15.9,21.9,1.1,books_media,North,20.0,0.0494
BOO-1018,3 months,2025-02-24,8,0,11.5,15.6,1.049,books_media,South,20.0,0.0494
BOO-1022,3 months,2025-02-24,8,0,10.2,14.2,1.171,books_media,Central,20.0,0.0494
BOO-1023,3 months,2025-02-24,8,0,20.9,26.3,0.995,books_media,North,20.0,0.0494
BOO-1024,3 months,2025-02-24,8,0,14.0,19.5,1.038,books_media,East,20.0,0.0494
BOO-1025,3 months,2025-02-24,8,0,37.4,49.2,1.036,books_media,Central,20.0,0.0494
BOO-1026,3 months,2025-02-24,8,0,6.8,8.9,1.115,books_media,West,20.0,0.0494
BOO-1027,3 months,2025-02-24,8,0,5.8,10.0,0.644,books_media,North,20.0,0.0494
BOO-1029,3 months,2025-02-24,8,0,28.1,35.3,1.078,books_media,East,20.0,0.0494
BOO-1031,3 months,2025-02-24,8,0,34.3,43.7,0.908,books_media,West,20.0,0.0494
BOO-1033,3 months,2025-02-24,8,0,7.5,9.6,1.222,books_media,East,20.0,0.0494
BOO-1034,3 months,2025-02-24,8,0,23.7,29.9,0.972,books_media,South,20.0,0.0494
BOO-1038,3 months,2025-02-24,8,0,37.1,46.1,1.057,books_media,North,20.0,0.0494
ELE-1002,3 months,2025-02-24,8,0,56.1,68.7,0.935,electronics,South,180.0,0.0888
ELE-1005,3 months,2025-02-24,8,0,14.7,18.8,1.057,electronics,West,180.0,0.0888
ELE-1006,3 months,2025-02-24,8,0,67.2,93.0,0.964,electronics,North,180.0,0.0888
ELE-1011,3 months,2025-02-24,8,0,14.1,19.1,1.135,electronics,Central,180.0,0.0888
ELE-1012,3 months,2025-02-24,8,0,23.9,30.5,0.958,electronics,South,180.0,0.0888
ELE-1013,3 months,2025-02-24,8,0,16.5,22.5,0.919,electronics,East,180.0,0.0888
ELE-1014,3 months,2025-02-24,8,0,12.2,16.9,0.918,electronics,North,180.0,0.0888
ELE-1017,3 months,2025-02-24,8,0,59.6,76.0,0.824,electronics,South,180.0,0.0888
ELE-1018,3 months,2025-02-24,8,0,25.1,31.7,1.031,electronics,East,180.0,0.0888
ELE-1022,3 months,2025-02-24,8,0,26.8,34.9,0.939,electronics,East,180.0,0.0888
ELE-1023,3 months,2025-02-24,8,0,51.6,61.1,1.015,electronics,North,180.0,0.0888
ELE-1024,3 months,2025-02-24,8,0,24.9,33.3,0.846,electronics,Central,180.0,0.0888
ELE-1026,3 months,2025-02-24,8,0,21.9,28.8,0.913,electronics,Central,180.0,0.0888
ELE-1027,3 months,2025-02-24,8,0,27.7,36.2,1.063,electronics,North,180.0,0.0888
ELE-1029,3 months,2025-02-24,8,0,58.3,72.7,0.971,electronics,North,180.0,0.0888
ELE-1031,3 months,2025-02-24,8,0,65.9,79.9,1.119,electronics,South,180.0,0.0888
ELE-1035,3 months,2025-02-24,8,0,30.4,36.9,1.088,electronics,East,180.0,0.0888
ELE-1036,3 months,2025-02-24,8,0,34.9,42.8,1.131,electronics,North,180.0,0.0888
ELE-1038,3 months,2025-02-24,8,0,60.3,74.3,1.104,electronics,South,180.0,0.0888
GRO-1000,3 months,2025-02-24,8,0,85.6,99.4,1.024,grocery,North,15.0,0.0201
GRO-1002,3 months,2025-02-24,8,0,93.7,107.7,0.936,grocery,North,15.0,0.0201
GRO-1004,3 months,2025-02-24,8,0,159.3,189.7,0.949,grocery,North,15.0,0.0201
GRO-1005,3 months,2025-02-24,8,0,120.3,146.7,0.983,grocery,East,15.0,0.0201
GRO-1006,3 months,2025-02-24,8,0,59.8,71.3,1.012,grocery,West,15.0,0.0201
GRO-1007,3 months,2025-02-24,8,0,113.6,130.6,0.978,grocery,South,15.0,0.0201
GRO-1009,3 months,2025-02-24,8,0,26.3,33.1,0.956,grocery,West,15.0,0.0201
GRO-1012,3 months,2025-02-24,8,0,106.7,180.8,0.991,grocery,North,15.0,0.0201
GRO-1015,3 months,2025-02-24,8,0,45.7,69.1,0.963,grocery,North,15.0,0.0201
GRO-1016,3 months,2025-02-24,8,0,65.4,83.9,0.96,grocery,North,15.0,0.0201
GRO-1017,3 months,2025-02-24,8,0,86.7,103.7,0.94,grocery,South,15.0,0.0201
GRO-1024,3 months,2025-02-24,8,0,55.4,64.6,1.025,grocery,South,15.0,0.0201
GRO-1025,3 months,2025-02-24,8,0,55.5,108.8,0.93,grocery,Central,15.0,0.0201
GRO-1027,3 months,2025-02-24,8,0,56.9,67.4,0.942,grocery,West,15.0,0.0201
GRO-1028,3 months,2025-02-24,8,0,95.2,123.9,0.975,grocery,North,15.0,0.0201
GRO-1030,3 months,2025-02-24,8,0,76.2,89.0,0.97,grocery,West,15.0,0.0201
GRO-1034,3 months,2025-02-24,8,0,82.2,97.5,1.046,grocery,North,15.0,0.0201
GRO-1038,3 months,2025-02-24,8,0,43.3,52.2,1.008,grocery,West,15.0,0.0201
HOM-1001,3 months,2025-02-24,8,0,75.2,92.7,0.954,home_kitchen,Central,60.0,0.0981
HOM-1003,3 months,2025-02-24,8,0,21.1,27.2,1.035,home_kitchen,East,60.0,0.0981
HOM-1006,3 months,2025-02-24,8,0,24.7,32.7,0.934,home_kitchen,West,60.0,0.0981
HOM-1010,3 months,2025-02-24,8,0,22.0,28.8,0.997,home_kitchen,West,60.0,0.0981
HOM-1011,3 months,2025-02-24,8,0,59.6,71.9,0.924,home_kitchen,West,60.0,0.0981
HOM-1013,3 months,2025-02-24,8,0,37.7,49.4,1.02,home_kitchen,East,60.0,0.0981
HOM-1015,3 months,2025-02-24,8,0,22.0,28.6,0.87,home_kitchen,South,60.0,0.0981
HOM-1017,3 months,2025-02-24,8,0,47.6,57.1,0.97,home_kitchen,West,60.0,0.0981
HOM-1019,3 months,2025-02-24,8,0,65.0,78.4,0.956,home_kitchen,East,60.0,0.0981
HOM-1022,3 months,2025-02-24,8,0,75.1,93.8,0.992,home_kitchen,Central,60.0,0.0981
HOM-1024,3 months,2025-02-24,8,0,8.9,13.4,1.002,home_kitchen,Central,60.0,0.0981
HOM-1030,3 months,2025-02-24,8,0,29.1,43.1,0.812,home_kitchen,South,60.0,0.0981
HOM-1032,3 months,2025-02-24,8,0,32.3,43.4,1.002,home_kitchen,East,60.0,0.0981
HOM-1035,3 months,2025-02-24,8,0,30.8,38.9,0.974,home_kitchen,South,60.0,0.0981
HOM-1036,3 months,2025-02-24,8,0,65.1,79.7,0.979,home_kitchen,West,60.0,0.0981
HOM-1037,3 months,2025-02-24,8,0,48.9,61.7,0.917,home_kitchen,West,60.0,0.0981
HOM-1038,3 months,2025-02-24,8,0,23.0,30.9,0.888,home_kitchen,North,60.0,0.0981
HOM-1039,3 months,2025-02-24,8,0,32.6,45.6,0.956,home_kitchen,North,60.0,0.0981
SPO-1001,3 months,2025-02-24,8,0,42.0,51.9,0.936,sports_outdoor,East,70.0,0.1196
SPO-1003,3 months,2025-02-24,8,0,45.2,55.5,0.942,sports_outdoor,North,70.0,0.1196
SPO-1004,3 months,2025-02-24,8,0,18.9,29.1,0.964,sports_outdoor,North,70.0,0.1196
SPO-1005,3 months,2025-02-24,8,0,21.2,26.5,1.193,sports_outdoor,Central,70.0,0.1196
SPO-1007,3 months,2025-02-24,8,0,33.9,42.6,1.034,sports_outdoor,North,70.0,0.1196
SPO-1008,3 months,2025-02-24,8,0,18.3,26.0,1.018,sports_outdoor,South,70.0,0.1196
SPO-1009,3 months,2025-02-24,8,0,16.9,21.8,1.021,sports_outdoor,North,70.0,0.1196
SPO-1012,3 months,2025-02-24,8,0,24.5,35.4,1.061,sports_outdoor,North,70.0,0.1196
SPO-1014,3 months,2025-02-24,8,0,21.1,26.0,1.056,sports_outdoor,Central,70.0,0.1196
SPO-1019,3 months,2025-02-24,8,0,38.4,48.5,0.948,sports_outdoor,West,70.0,0.1196
SPO-1021,3 months,2025-02-24,8,0,9.5,13.8,0.915,sports_outdoor,South,70.0,0.1196
SPO-1024,3 months,2025-02-24,8,0,59.5,68.8,1.039,sports_outdoor,Central,70.0,0.1196
SPO-1026,3 months,2025-02-24,8,0,9.9,15.5,0.972,sports_outdoor,West,70.0,0.1196
SPO-1029,3 months,2025-02-24,8,0,35.2,44.1,1.149,sports_outdoor,South,70.0,0.1196
SPO-1030,3 months,2025-02-24,8,0,14.3,19.7,1.067,sports_outdoor,East,70.0,0.1196
SPO-1032,3 months,2025-02-24,8,0,14.8,20.3,0.975,sports_outdoor,Central,70.0,0.1196
SPO-1034,3 months,2025-02-24,8,0,37.2,46.7,1.075,sports_outdoor,North,70.0,0.1196
SPO-1035,3 months,2025-02-24,8,0,37.3,58.0,1.045,sports_outdoor,West,70.0,0.1196
SPO-1036,3 months,2025-02-24,8,0,25.2,32.0,1.026,sports_outdoor,East,70.0,0.1196
SPO-1039,3 months,2025-02-24,8,0,26.9,34.2,1.061,sports_outdoor,Central,70.0,0.1196
TOY-1002,3 months,2025-02-24,8,0,23.4,32.3,0.963,toys_games,East,35.0,0.0707
TOY-1010,3 months,2025-02-24,8,0,24.0,33.7,1.036,toys_games,Central,35.0,0.0707
TOY-1011,3 months,2025-02-24,8,0,8.6,13.5,1.106,toys_games,South,35.0,0.0707
TOY-1013,3 months,2025-02-24,8,0,35.5,46.2,0.96,toys_games,East,35.0,0.0707
TOY-1018,3 months,2025-02-24,8,0,43.0,53.5,0.981,toys_games,East,35.0,0.0707
TOY-1019,3 months,2025-02-24,8,0,13.8,20.6,0.982,toys_games,Central,35.0,0.0707
TOY-1020,3 months,2025-02-24,8,0,17.8,26.7,1.027,toys_games,South,35.0,0.0707
TOY-1021,3 months,2025-02-24,8,0,61.9,74.3,0.913,toys_games,North,35.0,0.0707
TOY-1024,3 months,2025-02-24,8,0,23.5,34.1,0.847,toys_games,South,35.0,0.0707
TOY-1025,3 months,2025-02-24,8,0,11.9,17.6,0.83,toys_games,West,35.0,0.0707
TOY-1030,3 months,2025-02-24,8,0,16.0,23.9,0.993,toys_games,South,35.0,0.0707
TOY-1031,3 months,2025-02-24,8,0,13.4,19.9,0.829,toys_games,South,35.0,0.0707
TOY-1034,3 months,2025-02-24,8,0,67.2,86.6,1.001,toys_games,North,35.0,0.0707
TOY-1035,3 months,2025-02-24,8,0,48.6,59.4,0.979,toys_games,East,35.0,0.0707
TOY-1038,3 months,2025-02-24,8,0,27.9,40.7,1.089,toys_games,South,35.0,0.0707
APP-1000,3 months,2025-03-03,9,0,55.4,66.9,1.108,apparel,West,45.0,0.2808
APP-1001,3 months,2025-03-03,9,0,72.1,82.3,1.011,apparel,East,45.0,0.2808
APP-1002,3 months,2025-03-03,9,0,68.3,78.5,0.926,apparel,North,45.0,0.2808
APP-1004,3 months,2025-03-03,9,0,115.9,136.0,0.898,apparel,Central,45.0,0.2808
APP-1006,3 months,2025-03-03,9,0,60.8,70.8,0.95,apparel,West,45.0,0.2808
APP-1008,3 months,2025-03-03,9,0,84.1,100.9,0.895,apparel,South,45.0,0.2808
APP-1009,3 months,2025-03-03,9,0,24.5,32.9,0.851,apparel,North,45.0,0.2808
APP-1012,3 months,2025-03-03,9,0,111.4,125.3,0.954,apparel,North,45.0,0.2808
APP-1016,3 months,2025-03-03,9,0,35.8,45.9,0.9,apparel,West,45.0,0.2808
APP-1018,3 months,2025-03-03,9,0,25.1,30.9,1.001,apparel,East,45.0,0.2808
APP-1019,3 months,2025-03-03,9,0,75.5,113.3,1.033,apparel,Central,45.0,0.2808
APP-1020,3 months,2025-03-03,9,0,64.9,79.4,0.862,apparel,South,45.0,0.2808
APP-1022,3 months,2025-03-03,9,0,69.7,82.1,0.885,apparel,South,45.0,0.2808
APP-1023,3 months,2025-03-03,9,0,31.2,39.1,0.924,apparel,West,45.0,0.2808
APP-1025,3 months,2025-03-03,9,0,125.4,142.7,0.905,apparel,Central,45.0,0.2808
APP-1027,3 months,2025-03-03,9,0,53.2,64.6,0.854,apparel,South,45.0,0.2808
APP-1028,3 months,2025-03-03,9,0,61.1,71.9,0.851,apparel,North,45.0,0.2808
APP-1029,3 months,2025-03-03,9,0,81.4,100.0,0.889,apparel,North,45.0,0.2808
APP-1031,3 months,2025-03-03,9,0,13.0,16.6,0.918,apparel,Central,45.0,0.2808
APP-1032,3 months,2025-03-03,9,0,83.2,105.6,0.887,apparel,East,45.0,0.2808
APP-1034,3 months,2025-03-03,9,0,37.7,47.9,0.89,apparel,North,45.0,0.2808
APP-1037,3 months,2025-03-03,9,0,44.7,57.7,0.955,apparel,Central,45.0,0.2808
APP-1038,3 months,2025-03-03,9,0,21.3,27.6,0.929,apparel,North,45.0,0.2808
BEA-1004,3 months,2025-03-03,9,0,54.6,77.4,0.968,beauty,West,25.0,0.0791
BEA-1006,3 months,2025-03-03,9,0,58.3,79.5,0.93,beauty,West,25.0,0.0791
BEA-1007,3 months,2025-03-03,9,0,48.6,60.4,0.87,beauty,South,25.0,0.0791
BEA-1009,3 months,2025-03-03,9,0,56.9,65.5,0.909,beauty,East,25.0,0.0791
BEA-1011,3 months,2025-03-03,9,0,33.6,42.3,0.904,beauty,North,25.0,0.0791
BEA-1012,3 months,2025-03-03,9,0,60.2,76.7,1.062,beauty,Central,25.0,0.0791
BEA-1013,3 months,2025-03-03,9,0,40.5,64.9,0.914,beauty,West,25.0,0.0791
BEA-1014,3 months,2025-03-03,9,0,71.4,86.2,0.903,beauty,West,25.0,0.0791
BEA-1016,3 months,2025-03-03,9,0,39.8,48.8,0.903,beauty,East,25.0,0.0791
BEA-1017,3 months,2025-03-03,9,0,37.9,46.2,0.967,beauty,East,25.0,0.0791
BEA-1018,3 months,2025-03-03,9,0,35.4,47.8,0.807,beauty,North,25.0,0.0791
BEA-1019,3 months,2025-03-03,9,0,31.1,39.1,0.858,beauty,North,25.0,0.0791
BEA-1020,3 months,2025-03-03,9,0,47.2,56.2,0.877,beauty,South,25.0,0.0791
BEA-1021,3 months,2025-03-03,9,0,14.3,20.9,0.852,beauty,Central,25.0,0.0791
BEA-1024,3 months,2025-03-03,9,0,71.5,91.9,0.923,beauty,South,25.0,0.0791
BEA-1025,3 months,2025-03-03,9,0,24.2,30.8,0.91,beauty,West,25.0,0.0791
BEA-1027,3 months,2025-03-03,9,0,46.3,56.2,0.904,beauty,Central,25.0,0.0791
BEA-1028,3 months,2025-03-03,9,0,30.5,38.4,0.957,beauty,South,25.0,0.0791
BEA-1030,3 months,2025-03-03,9,0,38.5,47.6,0.885,beauty,West,25.0,0.0791
BEA-1031,3 months,2025-03-03,9,0,60.0,71.6,0.997,beauty,South,25.0,0.0791
BEA-1032,3 months,2025-03-03,9,0,68.6,78.9,0.955,beauty,North,25.0,0.0791
BEA-1037,3 months,2025-03-03,9,0,30.8,38.5,0.924,beauty,Central,25.0,0.0791
BOO-1000,3 months,2025-03-03,9,0,15.5,22.9,0.832,books_media,North,20.0,0.0494
BOO-1001,3 months,2025-03-03,9,0,25.8,32.4,1.064,books_media,East,20.0,0.0494
BOO-1002,3 months,2025-03-03,9,0,17.9,24.7,0.9,books_media,Central,20.0,0.0494
BOO-1004,3 months,2025-03-03,9,0,30.2,38.2,1.048,books_media,South,20.0,0.0494
BOO-1005,3 months,2025-03-03,9,0,30.9,39.0,1.049,books_media,Central,20.0,0.0494
BOO-1006,3 months,2025-03-03,9,0,29.3,36.7,1.092,books_media,South,20.0,0.0494
BOO-1007,3 months,2025-03-03,9,0,14.8,20.5,1.073,books_media,West,20.0,0.0494
BOO-1008,3 months,2025-03-03,9,0,27.4,34.8,1.142,books_media,Central,20.0,0.0494
BOO-1011,3 months,2025-03-03,9,0,33.2,43.5,1.073,books_media,South,20.0,0.0494
BOO-1016,3 months,2025-03-03,9,0,15.7,21.6,1.1,books_media,North,20.0,0.0494
BOO-1018,3 months,2025-03-03,9,0,11.8,15.7,1.049,books_media,South,20.0,0.0494
BOO-1022,3 months,2025-03-03,9,0,10.4,14.1,1.171,books_media,Central,20.0,0.0494
BOO-1023,3 months,2025-03-03,9,0,20.5,26.5,0.995,books_media,North,20.0,0.0494
BOO-1024,3 months,2025-03-03,9,0,14.8,19.6,1.038,books_media,East,20.0,0.0494
BOO-1025,3 months,2025-03-03,9,0,37.0,49.0,1.036,books_media,Central,20.0,0.0494
BOO-1026,3 months,2025-03-03,9,0,6.8,9.2,1.115,books_media,West,20.0,0.0494
BOO-1027,3 months,2025-03-03,9,0,5.8,10.0,0.644,books_media,North,20.0,0.0494
BOO-1029,3 months,2025-03-03,9,0,27.8,34.9,1.078,books_media,East,20.0,0.0494
BOO-1031,3 months,2025-03-03,9,0,33.9,43.4,0.908,books_media,West,20.0,0.0494
BOO-1033,3 months,2025-03-03,9,0,6.8,9.7,1.222,books_media,East,20.0,0.0494
BOO-1034,3 months,2025-03-03,9,0,23.3,29.8,0.972,books_media,South,20.0,0.0494
BOO-1038,3 months,2025-03-03,9,0,35.4,45.7,1.057,books_media,North,20.0,0.0494
ELE-1002,3 months,2025-03-03,9,0,54.3,68.9,0.935,electronics,South,180.0,0.0888
ELE-1005,3 months,2025-03-03,9,0,13.9,19.3,1.057,electronics,West,180.0,0.0888
ELE-1006,3 months,2025-03-03,9,0,67.3,93.6,0.964,electronics,North,180.0,0.0888
ELE-1011,3 months,2025-03-03,9,0,13.7,19.3,1.135,electronics,Central,180.0,0.0888
ELE-1012,3 months,2025-03-03,9,0,23.1,30.2,0.958,electronics,South,180.0,0.0888
ELE-1013,3 months,2025-03-03,9,0,15.7,22.3,0.919,electronics,East,180.0,0.0888
ELE-1014,3 months,2025-03-03,9,0,12.0,17.2,0.918,electronics,North,180.0,0.0888
ELE-1017,3 months,2025-03-03,9,0,57.9,74.9,0.824,electronics,South,180.0,0.0888
ELE-1018,3 months,2025-03-03,9,0,24.0,31.2,1.031,electronics,East,180.0,0.0888
ELE-1022,3 months,2025-03-03,9,0,25.5,34.4,0.939,electronics,East,180.0,0.0888
ELE-1023,3 months,2025-03-03,9,0,49.2,61.4,1.015,electronics,North,180.0,0.0888
ELE-1024,3 months,2025-03-03,9,0,23.8,32.9,0.846,electronics,Central,180.0,0.0888
ELE-1026,3 months,2025-03-03,9,0,20.9,27.9,0.913,electronics,Central,180.0,0.0888
ELE-1027,3 months,2025-03-03,9,0,26.2,35.9,1.063,electronics,North,180.0,0.0888
ELE-1029,3 months,2025-03-03,9,0,55.7,71.4,0.971,electronics,North,180.0,0.0888
ELE-1031,3 months,2025-03-03,9,0,63.0,79.4,1.119,electronics,South,180.0,0.0888
ELE-1035,3 months,2025-03-03,9,0,28.5,37.7,1.088,electronics,East,180.0,0.0888
ELE-1036,3 months,2025-03-03,9,0,33.3,42.8,1.131,electronics,North,180.0,0.0888
ELE-1038,3 months,2025-03-03,9,0,57.5,73.3,1.104,electronics,South,180.0,0.0888
GRO-1000,3 months,2025-03-03,9,0,90.4,107.5,1.024,grocery,North,15.0,0.0201
GRO-1002,3 months,2025-03-03,9,0,97.8,116.1,0.936,grocery,North,15.0,0.0201
GRO-1004,3 months,2025-03-03,9,0,165.3,196.9,0.949,grocery,North,15.0,0.0201
GRO-1005,3 months,2025-03-03,9,0,128.3,154.9,0.983,grocery,East,15.0,0.0201
GRO-1006,3 months,2025-03-03,9,0,62.9,76.8,1.012,grocery,West,15.0,0.0201
GRO-1007,3 months,2025-03-03,9,0,121.7,139.6,0.978,grocery,South,15.0,0.0201
GRO-1009,3 months,2025-03-03,9,0,27.3,35.5,0.956,grocery,West,15.0,0.0201
GRO-1012,3 months,2025-03-03,9,0,113.0,194.3,0.991,grocery,North,15.0,0.0201
GRO-1015,3 months,2025-03-03,9,0,47.8,75.8,0.963,grocery,North,15.0,0.0201
GRO-1016,3 months,2025-03-03,9,0,68.2,89.0,0.96,grocery,North,15.0,0.0201
GRO-1017,3 months,2025-03-03,9,0,92.5,111.1,0.94,grocery,South,15.0,0.0201
GRO-1024,3 months,2025-03-03,9,0,58.6,70.2,1.025,grocery,South,15.0,0.0201
GRO-1025,3 months,2025-03-03,9,0,57.8,117.6,0.93,grocery,Central,15.0,0.0201
GRO-1027,3 months,2025-03-03,9,0,59.5,72.3,0.942,grocery,West,15.0,0.0201
GRO-1028,3 months,2025-03-03,9,0,99.7,128.2,0.975,grocery,North,15.0,0.0201
GRO-1030,3 months,2025-03-03,9,0,79.7,95.9,0.97,grocery,West,15.0,0.0201
GRO-1034,3 months,2025-03-03,9,0,86.5,102.6,1.046,grocery,North,15.0,0.0201
GRO-1038,3 months,2025-03-03,9,0,44.9,56.3,1.008,grocery,West,15.0,0.0201
HOM-1001,3 months,2025-03-03,9,0,67.6,95.7,0.954,home_kitchen,Central,60.0,0.0981
HOM-1003,3 months,2025-03-03,9,0,20.7,26.7,1.035,home_kitchen,East,60.0,0.0981
HOM-1006,3 months,2025-03-03,9,0,24.8,32.6,0.934,home_kitchen,West,60.0,0.0981
HOM-1010,3 months,2025-03-03,9,0,22.1,28.9,0.997,home_kitchen,West,60.0,0.0981
HOM-1011,3 months,2025-03-03,9,0,59.8,74.5,0.924,home_kitchen,West,60.0,0.0981
HOM-1013,3 months,2025-03-03,9,0,37.8,50.1,1.02,home_kitchen,East,60.0,0.0981
HOM-1015,3 months,2025-03-03,9,0,22.1,28.8,0.87,home_kitchen,South,60.0,0.0981
HOM-1017,3 months,2025-03-03,9,0,47.8,57.5,0.97,home_kitchen,West,60.0,0.0981
HOM-1019,3 months,2025-03-03,9,0,65.3,79.2,0.956,home_kitchen,East,60.0,0.0981
HOM-1022,3 months,2025-03-03,9,0,75.4,96.2,0.992,home_kitchen,Central,60.0,0.0981
HOM-1024,3 months,2025-03-03,9,0,9.3,13.3,1.002,home_kitchen,Central,60.0,0.0981
HOM-1030,3 months,2025-03-03,9,0,28.7,42.9,0.812,home_kitchen,South,60.0,0.0981
HOM-1032,3 months,2025-03-03,9,0,32.4,42.3,1.002,home_kitchen,East,60.0,0.0981
HOM-1035,3 months,2025-03-03,9,0,31.0,38.6,0.974,home_kitchen,South,60.0,0.0981
HOM-1036,3 months,2025-03-03,9,0,65.3,80.3,0.979,home_kitchen,West,60.0,0.0981
HOM-1037,3 months,2025-03-03,9,0,48.9,62.0,0.917,home_kitchen,West,60.0,0.0981
HOM-1038,3 months,2025-03-03,9,0,23.2,31.1,0.888,home_kitchen,North,60.0,0.0981
HOM-1039,3 months,2025-03-03,9,0,32.8,46.3,0.956,home_kitchen,North,60.0,0.0981
SPO-1001,3 months,2025-03-03,9,0,42.1,52.3,0.936,sports_outdoor,East,70.0,0.1196
SPO-1003,3 months,2025-03-03,9,0,45.6,55.5,0.942,sports_outdoor,North,70.0,0.1196
SPO-1004,3 months,2025-03-03,9,0,18.9,29.4,0.964,sports_outdoor,North,70.0,0.1196
SPO-1005,3 months,2025-03-03,9,0,21.1,26.7,1.193,sports_outdoor,Central,70.0,0.1196
SPO-1007,3 months,2025-03-03,9,0,33.9,42.9,1.034,sports_outdoor,North,70.0,0.1196
SPO-1008,3 months,2025-03-03,9,0,18.2,26.4,1.018,sports_outdoor,South,70.0,0.1196
SPO-1009,3 months,2025-03-03,9,0,16.6,21.8,1.021,sports_outdoor,North,70.0,0.1196
SPO-1012,3 months,2025-03-03,9,0,24.0,35.4,1.061,sports_outdoor,North,70.0,0.1196
SPO-1014,3 months,2025-03-03,9,0,21.1,26.7,1.056,sports_outdoor,Central,70.0,0.1196
SPO-1019,3 months,2025-03-03,9,0,38.4,48.7,0.948,sports_outdoor,West,70.0,0.1196
SPO-1021,3 months,2025-03-03,9,0,9.6,13.7,0.915,sports_outdoor,South,70.0,0.1196
SPO-1024,3 months,2025-03-03,9,0,57.9,68.7,1.039,sports_outdoor,Central,70.0,0.1196
SPO-1026,3 months,2025-03-03,9,0,10.0,15.6,0.972,sports_outdoor,West,70.0,0.1196
SPO-1029,3 months,2025-03-03,9,0,35.3,44.1,1.149,sports_outdoor,South,70.0,0.1196
SPO-1030,3 months,2025-03-03,9,0,14.3,19.8,1.067,sports_outdoor,East,70.0,0.1196
SPO-1032,3 months,2025-03-03,9,0,14.9,20.4,0.975,sports_outdoor,Central,70.0,0.1196
SPO-1034,3 months,2025-03-03,9,0,37.3,47.0,1.075,sports_outdoor,North,70.0,0.1196
SPO-1035,3 months,2025-03-03,9,0,37.4,58.4,1.045,sports_outdoor,West,70.0,0.1196
SPO-1036,3 months,2025-03-03,9,0,25.2,31.8,1.026,sports_outdoor,East,70.0,0.1196
SPO-1039,3 months,2025-03-03,9,0,27.0,33.9,1.061,sports_outdoor,Central,70.0,0.1196
TOY-1002,3 months,2025-03-03,9,0,21.1,31.0,0.963,toys_games,East,35.0,0.0707
TOY-1010,3 months,2025-03-03,9,0,22.4,32.1,1.036,toys_games,Central,35.0,0.0707
TOY-1011,3 months,2025-03-03,9,0,8.1,11.6,1.106,toys_games,South,35.0,0.0707
TOY-1013,3 months,2025-03-03,9,0,34.1,44.5,0.96,toys_games,East,35.0,0.0707
TOY-1018,3 months,2025-03-03,9,0,41.1,51.4,0.981,toys_games,East,35.0,0.0707
TOY-1019,3 months,2025-03-03,9,0,13.8,19.4,0.982,toys_games,Central,35.0,0.0707
TOY-1020,3 months,2025-03-03,9,0,17.0,25.6,1.027,toys_games,South,35.0,0.0707
TOY-1021,3 months,2025-03-03,9,0,59.8,73.5,0.913,toys_games,North,35.0,0.0707
TOY-1024,3 months,2025-03-03,9,0,21.8,32.7,0.847,toys_games,South,35.0,0.0707
TOY-1025,3 months,2025-03-03,9,0,11.5,16.8,0.83,toys_games,West,35.0,0.0707
TOY-1030,3 months,2025-03-03,9,0,15.4,22.4,0.993,toys_games,South,35.0,0.0707
TOY-1031,3 months,2025-03-03,9,0,13.1,19.2,0.829,toys_games,South,35.0,0.0707
TOY-1034,3 months,2025-03-03,9,0,65.3,83.4,1.001,toys_games,North,35.0,0.0707
TOY-1035,3 months,2025-03-03,9,0,47.0,57.3,0.979,toys_games,East,35.0,0.0707
TOY-1038,3 months,2025-03-03,9,0,27.8,37.0,1.089,toys_games,South,35.0,0.0707
APP-1000,3 months,2025-03-10,10,0,55.6,65.1,1.108,apparel,West,45.0,0.2808
APP-1001,3 months,2025-03-10,10,0,72.6,83.6,1.011,apparel,East,45.0,0.2808
APP-1002,3 months,2025-03-10,10,0,69.1,79.8,0.926,apparel,North,45.0,0.2808
APP-1004,3 months,2025-03-10,10,0,115.8,137.6,0.898,apparel,Central,45.0,0.2808
APP-1006,3 months,2025-03-10,10,0,61.6,73.1,0.95,apparel,West,45.0,0.2808
APP-1008,3 months,2025-03-10,10,0,85.5,102.7,0.895,apparel,South,45.0,0.2808
APP-1009,3 months,2025-03-10,10,0,25.0,32.2,0.851,apparel,North,45.0,0.2808
APP-1012,3 months,2025-03-10,10,0,112.7,127.2,0.954,apparel,North,45.0,0.2808
APP-1016,3 months,2025-03-10,10,0,36.2,45.6,0.9,apparel,West,45.0,0.2808
APP-1018,3 months,2025-03-10,10,0,25.3,30.7,1.001,apparel,East,45.0,0.2808
APP-1019,3 months,2025-03-10,10,0,76.3,116.2,1.033,apparel,Central,45.0,0.2808
APP-1020,3 months,2025-03-10,10,0,66.4,81.1,0.862,apparel,South,45.0,0.2808
APP-1022,3 months,2025-03-10,10,0,70.7,83.0,0.885,apparel,South,45.0,0.2808
APP-1023,3 months,2025-03-10,10,0,31.5,41.4,0.924,apparel,West,45.0,0.2808
APP-1025,3 months,2025-03-10,10,0,126.9,145.3,0.905,apparel,Central,45.0,0.2808
APP-1027,3 months,2025-03-10,10,0,54.2,64.8,0.854,apparel,South,45.0,0.2808
APP-1028,3 months,2025-03-10,10,0,62.5,73.5,0.851,apparel,North,45.0,0.2808
APP-1029,3 months,2025-03-10,10,0,82.6,100.6,0.889,apparel,North,45.0,0.2808
APP-1031,3 months,2025-03-10,10,0,12.6,17.5,0.918,apparel,Central,45.0,0.2808
APP-1032,3 months,2025-03-10,10,0,83.4,102.5,0.887,apparel,East,45.0,0.2808
APP-1034,3 months,2025-03-10,10,0,38.5,53.6,0.89,apparel,North,45.0,0.2808
APP-1037,3 months,2025-03-10,10,0,45.3,58.5,0.955,apparel,Central,45.0,0.2808
APP-1038,3 months,2025-03-10,10,0,21.5,26.9,0.929,apparel,North,45.0,0.2808
BEA-1004,3 months,2025-03-10,10,0,53.0,74.7,0.968,beauty,West,25.0,0.0791
BEA-1006,3 months,2025-03-10,10,0,56.6,75.3,0.93,beauty,West,25.0,0.0791
BEA-1007,3 months,2025-03-10,10,0,47.1,57.1,0.87,beauty,South,25.0,0.0791
BEA-1009,3 months,2025-03-10,10,0,55.5,63.9,0.909,beauty,East,25.0,0.0791
BEA-1011,3 months,2025-03-10,10,0,32.6,40.9,0.904,beauty,North,25.0,0.0791
BEA-1012,3 months,2025-03-10,10,0,58.4,73.5,1.062,beauty,Central,25.0,0.0791
BEA-1013,3 months,2025-03-10,10,0,39.2,59.6,0.914,beauty,West,25.0,0.0791
BEA-1014,3 months,2025-03-10,10,0,70.0,83.4,0.903,beauty,West,25.0,0.0791
BEA-1016,3 months,2025-03-10,10,0,38.7,47.0,0.903,beauty,East,25.0,0.0791
BEA-1017,3 months,2025-03-10,10,0,36.8,44.6,0.967,beauty,East,25.0,0.0791
BEA-1018,3 months,2025-03-10,10,0,35.5,46.2,0.807,beauty,North,25.0,0.0791
BEA-1019,3 months,2025-03-10,10,0,30.5,38.4,0.858,beauty,North,25.0,0.0791
BEA-1020,3 months,2025-03-10,10,0,45.7,54.0,0.877,beauty,South,25.0,0.0791
BEA-1021,3 months,2025-03-10,10,0,13.9,19.7,0.852,beauty,Central,25.0,0.0791
BEA-1024,3 months,2025-03-10,10,0,73.9,89.0,0.923,beauty,South,25.0,0.0791
BEA-1025,3 months,2025-03-10,10,0,23.5,29.5,0.91,beauty,West,25.0,0.0791
BEA-1027,3 months,2025-03-10,10,0,45.0,54.5,0.904,beauty,Central,25.0,0.0791
BEA-1028,3 months,2025-03-10,10,0,29.1,36.9,0.957,beauty,South,25.0,0.0791
BEA-1030,3 months,2025-03-10,10,0,37.4,45.9,0.885,beauty,West,25.0,0.0791
BEA-1031,3 months,2025-03-10,10,0,57.9,69.1,0.997,beauty,South,25.0,0.0791
BEA-1032,3 months,2025-03-10,10,0,66.5,75.5,0.955,beauty,North,25.0,0.0791
BEA-1037,3 months,2025-03-10,10,0,30.0,37.1,0.924,beauty,Central,25.0,0.0791
BOO-1000,3 months,2025-03-10,10,0,15.7,23.4,0.832,books_media,North,20.0,0.0494
BOO-1001,3 months,2025-03-10,10,0,26.2,33.4,1.064,books_media,East,20.0,0.0494
BOO-1002,3 months,2025-03-10,10,0,18.4,24.9,0.9,books_media,Central,20.0,0.0494
BOO-1004,3 months,2025-03-10,10,0,30.5,38.6,1.048,books_media,South,20.0,0.0494
BOO-1005,3 months,2025-03-10,10,0,31.2,39.6,1.049,books_media,Central,20.0,0.0494
BOO-1006,3 months,2025-03-10,10,0,30.2,37.4,1.092,books_media,South,20.0,0.0494
BOO-1007,3 months,2025-03-10,10,0,15.0,20.6,1.073,books_media,West,20.0,0.0494
BOO-1008,3 months,2025-03-10,10,0,27.9,35.5,1.142,books_media,Central,20.0,0.0494
BOO-1011,3 months,2025-03-10,10,0,33.8,44.3,1.073,books_media,South,20.0,0.0494
BOO-1016,3 months,2025-03-10,10,0,16.1,21.9,1.1,books_media,North,20.0,0.0494
BOO-1018,3 months,2025-03-10,10,0,11.8,16.1,1.049,books_media,South,20.0,0.0494
BOO-1022,3 months,2025-03-10,10,0,10.4,14.5,1.171,books_media,Central,20.0,0.0494
BOO-1023,3 months,2025-03-10,10,0,20.9,26.9,0.995,books_media,North,20.0,0.0494
BOO-1024,3 months,2025-03-10,10,0,13.8,19.8,1.038,books_media,East,20.0,0.0494
BOO-1025,3 months,2025-03-10,10,0,37.8,49.6,1.036,books_media,Central,20.0,0.0494
BOO-1026,3 months,2025-03-10,10,0,6.7,9.4,1.115,books_media,West,20.0,0.0494
BOO-1027,3 months,2025-03-10,10,0,5.9,9.9,0.644,books_media,North,20.0,0.0494
BOO-1029,3 months,2025-03-10,10,0,28.1,35.2,1.078,books_media,East,20.0,0.0494
BOO-1031,3 months,2025-03-10,10,0,34.5,44.2,0.908,books_media,West,20.0,0.0494
BOO-1033,3 months,2025-03-10,10,0,7.5,9.9,1.222,books_media,East,20.0,0.0494
BOO-1034,3 months,2025-03-10,10,0,23.4,30.1,0.972,books_media,South,20.0,0.0494
BOO-1038,3 months,2025-03-10,10,0,36.0,46.5,1.057,books_media,North,20.0,0.0494
ELE-1002,3 months,2025-03-10,10,0,56.0,70.4,0.935,electronics,South,180.0,0.0888
ELE-1005,3 months,2025-03-10,10,0,14.7,19.1,1.057,electronics,West,180.0,0.0888
ELE-1006,3 months,2025-03-10,10,0,66.9,93.3,0.964,electronics,North,180.0,0.0888
ELE-1011,3 months,2025-03-10,10,0,14.2,19.4,1.135,electronics,Central,180.0,0.0888
ELE-1012,3 months,2025-03-10,10,0,23.7,30.6,0.958,electronics,South,180.0,0.0888
ELE-1013,3 months,2025-03-10,10,0,16.5,22.8,0.919,electronics,East,180.0,0.0888
ELE-1014,3 months,2025-03-10,10,0,12.2,17.1,0.918,electronics,North,180.0,0.0888
ELE-1017,3 months,2025-03-10,10,0,59.6,76.2,0.824,electronics,South,180.0,0.0888
ELE-1018,3 months,2025-03-10,10,0,25.0,31.8,1.031,electronics,East,180.0,0.0888
ELE-1022,3 months,2025-03-10,10,0,26.7,34.7,0.939,electronics,East,180.0,0.0888
ELE-1023,3 months,2025-03-10,10,0,51.3,62.1,1.015,electronics,North,180.0,0.0888
ELE-1024,3 months,2025-03-10,10,0,25.1,33.0,0.846,electronics,Central,180.0,0.0888
ELE-1026,3 months,2025-03-10,10,0,21.9,29.0,0.913,electronics,Central,180.0,0.0888
ELE-1027,3 months,2025-03-10,10,0,27.4,35.6,1.063,electronics,North,180.0,0.0888
ELE-1029,3 months,2025-03-10,10,0,57.7,71.5,0.971,electronics,North,180.0,0.0888
ELE-1031,3 months,2025-03-10,10,0,65.4,79.9,1.119,electronics,South,180.0,0.0888
ELE-1035,3 months,2025-03-10,10,0,30.2,37.6,1.088,electronics,East,180.0,0.0888
ELE-1036,3 months,2025-03-10,10,0,34.7,43.0,1.131,electronics,North,180.0,0.0888
ELE-1038,3 months,2025-03-10,10,0,59.8,74.6,1.104,electronics,South,180.0,0.0888
GRO-1000,3 months,2025-03-10,10,0,88.3,104.8,1.024,grocery,North,15.0,0.0201
GRO-1002,3 months,2025-03-10,10,0,95.2,114.5,0.936,grocery,North,15.0,0.0201
GRO-1004,3 months,2025-03-10,10,0,156.0,192.3,0.949,grocery,North,15.0,0.0201
GRO-1005,3 months,2025-03-10,10,0,130.4,153.5,0.983,grocery,East,15.0,0.0201
GRO-1006,3 months,2025-03-10,10,0,63.5,74.5,1.012,grocery,West,15.0,0.0201
GRO-1007,3 months,2025-03-10,10,0,117.7,136.2,0.978,grocery,South,15.0,0.0201
GRO-1009,3 months,2025-03-10,10,0,26.7,34.8,0.956,grocery,West,15.0,0.0201
GRO-1012,3 months,2025-03-10,10,0,126.1,188.8,0.991,grocery,North,15.0,0.0201
GRO-1015,3 months,2025-03-10,10,0,47.9,73.9,0.963,grocery,North,15.0,0.0201
GRO-1016,3 months,2025-03-10,10,0,66.5,85.3,0.96,grocery,North,15.0,0.0201
GRO-1017,3 months,2025-03-10,10,0,89.7,108.3,0.94,grocery,South,15.0,0.0201
GRO-1024,3 months,2025-03-10,10,0,53.1,68.3,1.025,grocery,South,15.0,0.0201
GRO-1025,3 months,2025-03-10,10,0,56.2,113.8,0.93,grocery,Central,15.0,0.0201
GRO-1027,3 months,2025-03-10,10,0,59.7,70.5,0.942,grocery,West,15.0,0.0201
GRO-1028,3 months,2025-03-10,10,0,104.1,121.9,0.975,grocery,North,15.0,0.0201
GRO-1030,3 months,2025-03-10,10,0,77.7,93.2,0.97,grocery,West,15.0,0.0201
GRO-1034,3 months,2025-03-10,10,0,84.3,100.6,1.046,grocery,North,15.0,0.0201
GRO-1038,3 months,2025-03-10,10,0,43.8,54.6,1.008,grocery,West,15.0,0.0201
HOM-1001,3 months,2025-03-10,10,0,66.9,104.2,0.954,home_kitchen,Central,60.0,0.0981
HOM-1003,3 months,2025-03-10,10,0,21.2,28.9,1.035,home_kitchen,East,60.0,0.0981
HOM-1006,3 months,2025-03-10,10,0,23.3,35.1,0.934,home_kitchen,West,60.0,0.0981
HOM-1010,3 months,2025-03-10,10,0,23.1,31.2,0.997,home_kitchen,West,60.0,0.0981
HOM-1011,3 months,2025-03-10,10,0,62.8,77.8,0.924,home_kitchen,West,60.0,0.0981
HOM-1013,3 months,2025-03-10,10,0,39.3,53.9,1.02,home_kitchen,East,60.0,0.0981
HOM-1015,3 months,2025-03-10,10,0,22.6,31.0,0.87,home_kitchen,South,60.0,0.0981
HOM-1017,3 months,2025-03-10,10,0,50.1,62.4,0.97,home_kitchen,West,60.0,0.0981
HOM-1019,3 months,2025-03-10,10,0,68.6,85.6,0.956,home_kitchen,East,60.0,0.0981
HOM-1022,3 months,2025-03-10,10,0,74.8,104.6,0.992,home_kitchen,Central,60.0,0.0981
HOM-1024,3 months,2025-03-10,10,0,9.3,14.7,1.002,home_kitchen,Central,60.0,0.0981
HOM-1030,3 months,2025-03-10,10,0,30.2,46.7,0.812,home_kitchen,South,60.0,0.0981
HOM-1032,3 months,2025-03-10,10,0,33.0,46.3,1.002,home_kitchen,East,60.0,0.0981
HOM-1035,3 months,2025-03-10,10,0,32.5,41.1,0.974,home_kitchen,South,60.0,0.0981
HOM-1036,3 months,2025-03-10,10,0,69.4,86.2,0.979,home_kitchen,West,60.0,0.0981
HOM-1037,3 months,2025-03-10,10,0,51.9,66.8,0.917,home_kitchen,West,60.0,0.0981
HOM-1038,3 months,2025-03-10,10,0,23.8,33.2,0.888,home_kitchen,North,60.0,0.0981
HOM-1039,3 months,2025-03-10,10,0,33.1,48.0,0.956,home_kitchen,North,60.0,0.0981
SPO-1001,3 months,2025-03-10,10,0,42.6,51.4,0.936,sports_outdoor,East,70.0,0.1196
SPO-1003,3 months,2025-03-10,10,0,45.9,55.3,0.942,sports_outdoor,North,70.0,0.1196
SPO-1004,3 months,2025-03-10,10,0,20.0,28.6,0.964,sports_outdoor,North,70.0,0.1196
SPO-1005,3 months,2025-03-10,10,0,21.5,26.5,1.193,sports_outdoor,Central,70.0,0.1196
SPO-1007,3 months,2025-03-10,10,0,34.2,41.6,1.034,sports_outdoor,North,70.0,0.1196
SPO-1008,3 months,2025-03-10,10,0,18.7,26.0,1.018,sports_outdoor,South,70.0,0.1196
SPO-1009,3 months,2025-03-10,10,0,17.0,21.8,1.021,sports_outdoor,North,70.0,0.1196
SPO-1012,3 months,2025-03-10,10,0,25.1,34.1,1.061,sports_outdoor,North,70.0,0.1196
SPO-1014,3 months,2025-03-10,10,0,21.7,25.7,1.056,sports_outdoor,Central,70.0,0.1196
SPO-1019,3 months,2025-03-10,10,0,39.0,47.2,0.948,sports_outdoor,West,70.0,0.1196
SPO-1021,3 months,2025-03-10,10,0,9.7,13.2,0.915,sports_outdoor,South,70.0,0.1196
SPO-1024,3 months,2025-03-10,10,0,58.7,66.3,1.039,sports_outdoor,Central,70.0,0.1196
SPO-1026,3 months,2025-03-10,10,0,10.0,15.0,0.972,sports_outdoor,West,70.0,0.1196
SPO-1029,3 months,2025-03-10,10,0,35.6,42.5,1.149,sports_outdoor,South,70.0,0.1196
SPO-1030,3 months,2025-03-10,10,0,14.3,18.4,1.067,sports_outdoor,East,70.0,0.1196
SPO-1032,3 months,2025-03-10,10,0,14.9,19.7,0.975,sports_outdoor,Central,70.0,0.1196
SPO-1034,3 months,2025-03-10,10,0,37.6,45.5,1.075,sports_outdoor,North,70.0,0.1196
SPO-1035,3 months,2025-03-10,10,0,38.1,56.4,1.045,sports_outdoor,West,70.0,0.1196
SPO-1036,3 months,2025-03-10,10,0,25.5,30.7,1.026,sports_outdoor,East,70.0,0.1196
SPO-1039,3 months,2025-03-10,10,0,27.5,33.5,1.061,sports_outdoor,Central,70.0,0.1196
TOY-1002,3 months,2025-03-10,10,0,21.4,31.1,0.963,toys_games,East,35.0,0.0707
TOY-1010,3 months,2025-03-10,10,0,22.8,32.4,1.036,toys_games,Central,35.0,0.0707
TOY-1011,3 months,2025-03-10,10,0,8.1,11.7,1.106,toys_games,South,35.0,0.0707
TOY-1013,3 months,2025-03-10,10,0,34.8,44.3,0.96,toys_games,East,35.0,0.0707
TOY-1018,3 months,2025-03-10,10,0,41.8,49.7,0.981,toys_games,East,35.0,0.0707
TOY-1019,3 months,2025-03-10,10,0,14.1,19.1,0.982,toys_games,Central,35.0,0.0707
TOY-1020,3 months,2025-03-10,10,0,17.4,25.9,1.027,toys_games,South,35.0,0.0707
TOY-1021,3 months,2025-03-10,10,0,60.8,73.3,0.913,toys_games,North,35.0,0.0707
TOY-1024,3 months,2025-03-10,10,0,23.3,32.0,0.847,toys_games,South,35.0,0.0707
TOY-1025,3 months,2025-03-10,10,0,11.6,16.8,0.83,toys_games,West,35.0,0.0707
TOY-1030,3 months,2025-03-10,10,0,16.0,22.5,0.993,toys_games,South,35.0,0.0707
TOY-1031,3 months,2025-03-10,10,0,13.3,19.1,0.829,toys_games,South,35.0,0.0707
TOY-1034,3 months,2025-03-10,10,0,66.3,83.5,1.001,toys_games,North,35.0,0.0707
TOY-1035,3 months,2025-03-10,10,0,47.9,55.4,0.979,toys_games,East,35.0,0.0707
TOY-1038,3 months,2025-03-10,10,0,28.3,36.1,1.089,toys_games,South,35.0,0.0707
APP-1000,3 months,2025-03-17,11,0,56.3,67.8,1.108,apparel,West,45.0,0.2808
APP-1001,3 months,2025-03-17,11,0,73.2,85.6,1.011,apparel,East,45.0,0.2808
APP-1002,3 months,2025-03-17,11,0,69.6,81.2,0.926,apparel,North,45.0,0.2808
APP-1004,3 months,2025-03-17,11,0,117.5,141.6,0.898,apparel,Central,45.0,0.2808
APP-1006,3 months,2025-03-17,11,0,61.7,72.8,0.95,apparel,West,45.0,0.2808
APP-1008,3 months,2025-03-17,11,0,85.2,103.6,0.895,apparel,South,45.0,0.2808
APP-1009,3 months,2025-03-17,11,0,23.8,31.9,0.851,apparel,North,45.0,0.2808
APP-1012,3 months,2025-03-17,11,0,113.3,130.1,0.954,apparel,North,45.0,0.2808
APP-1016,3 months,2025-03-17,11,0,36.5,45.8,0.9,apparel,West,45.0,0.2808
APP-1018,3 months,2025-03-17,11,0,24.0,31.3,1.001,apparel,East,45.0,0.2808
APP-1019,3 months,2025-03-17,11,0,76.7,118.6,1.033,apparel,Central,45.0,0.2808
APP-1020,3 months,2025-03-17,11,0,66.9,82.0,0.862,apparel,South,45.0,0.2808
APP-1022,3 months,2025-03-17,11,0,71.6,84.1,0.885,apparel,South,45.0,0.2808
APP-1023,3 months,2025-03-17,11,0,30.4,41.7,0.924,apparel,West,45.0,0.2808
APP-1025,3 months,2025-03-17,11,0,129.5,147.4,0.905,apparel,Central,45.0,0.2808
APP-1027,3 months,2025-03-17,11,0,54.9,65.6,0.854,apparel,South,45.0,0.2808
APP-1028,3 months,2025-03-17,11,0,63.0,74.4,0.851,apparel,North,45.0,0.2808
APP-1029,3 months,2025-03-17,11,0,83.4,102.4,0.889,apparel,North,45.0,0.2808
APP-1031,3 months,2025-03-17,11,0,12.3,17.3,0.918,apparel,Central,45.0,0.2808
APP-1032,3 months,2025-03-17,11,0,84.2,103.3,0.887,apparel,East,45.0,0.2808
APP-1034,3 months,2025-03-17,11,0,38.8,53.7,0.89,apparel,North,45.0,0.2808
APP-1037,3 months,2025-03-17,11,0,45.6,59.7,0.955,apparel,Central,45.0,0.2808
APP-1038,3 months,2025-03-17,11,0,21.4,27.4,0.929,apparel,North,45.0,0.2808
BEA-1004,3 months,2025-03-17,11,0,51.6,74.7,0.968,beauty,West,25.0,0.0791
BEA-1006,3 months,2025-03-17,11,0,55.4,75.5,0.93,beauty,West,25.0,0.0791
BEA-1007,3 months,2025-03-17,11,0,46.0,56.6,0.87,beauty,South,25.0,0.0791
BEA-1009,3 months,2025-03-17,11,0,53.9,63.8,0.909,beauty,East,25.0,0.0791
BEA-1011,3 months,2025-03-17,11,0,31.9,41.3,0.904,beauty,North,25.0,0.0791
BEA-1012,3 months,2025-03-17,11,0,56.8,73.2,1.062,beauty,Central,25.0,0.0791
BEA-1013,3 months,2025-03-17,11,0,39.4,59.5,0.914,beauty,West,25.0,0.0791
BEA-1014,3 months,2025-03-17,11,0,68.0,83.4,0.903,beauty,West,25.0,0.0791
BEA-1016,3 months,2025-03-17,11,0,37.5,47.6,0.903,beauty,East,25.0,0.0791
BEA-1017,3 months,2025-03-17,11,0,36.1,44.7,0.967,beauty,East,25.0,0.0791
BEA-1018,3 months,2025-03-17,11,0,35.2,45.7,0.807,beauty,North,25.0,0.0791
BEA-1019,3 months,2025-03-17,11,0,29.6,38.1,0.858,beauty,North,25.0,0.0791
BEA-1020,3 months,2025-03-17,11,0,44.9,54.0,0.877,beauty,South,25.0,0.0791
BEA-1021,3 months,2025-03-17,11,0,13.4,19.4,0.852,beauty,Central,25.0,0.0791
BEA-1024,3 months,2025-03-17,11,0,71.9,87.8,0.923,beauty,South,25.0,0.0791
BEA-1025,3 months,2025-03-17,11,0,22.9,29.7,0.91,beauty,West,25.0,0.0791
BEA-1027,3 months,2025-03-17,11,0,43.7,53.7,0.904,beauty,Central,25.0,0.0791
BEA-1028,3 months,2025-03-17,11,0,28.8,37.3,0.957,beauty,South,25.0,0.0791
BEA-1030,3 months,2025-03-17,11,0,36.1,45.9,0.885,beauty,West,25.0,0.0791
BEA-1031,3 months,2025-03-17,11,0,58.3,68.0,0.997,beauty,South,25.0,0.0791
BEA-1032,3 months,2025-03-17,11,0,64.7,75.4,0.955,beauty,North,25.0,0.0791
BEA-1037,3 months,2025-03-17,11,0,29.1,37.8,0.924,beauty,Central,25.0,0.0791
BOO-1000,3 months,2025-03-17,11,0,15.0,22.0,0.832,books_media,North,20.0,0.0494
BOO-1001,3 months,2025-03-17,11,0,25.0,31.6,1.064,books_media,East,20.0,0.0494
BOO-1002,3 months,2025-03-17,11,0,17.8,24.2,0.9,books_media,Central,20.0,0.0494
BOO-1004,3 months,2025-03-17,11,0,29.0,37.6,1.048,books_media,South,20.0,0.0494
BOO-1005,3 months,2025-03-17,11,0,29.7,38.0,1.049,books_media,Central,20.0,0.0494
BOO-1006,3 months,2025-03-17,11,0,28.3,36.7,1.092,books_media,South,20.0,0.0494
BOO-1007,3 months,2025-03-17,11,0,14.4,19.8,1.073,books_media,West,20.0,0.0494
BOO-1008,3 months,2025-03-17,11,0,26.9,34.1,1.142,books_media,Central,20.0,0.0494
BOO-1011,3 months,2025-03-17,11,0,32.2,42.5,1.073,books_media,South,20.0,0.0494
BOO-1016,3 months,2025-03-17,11,0,15.4,20.6,1.1,books_media,North,20.0,0.0494
BOO-1018,3 months,2025-03-17,11,0,10.5,14.6,1.049,books_media,South,20.0,0.0494
BOO-1022,3 months,2025-03-17,11,0,9.8,13.8,1.171,books_media,Central,20.0,0.0494
BOO-1023,3 months,2025-03-17,11,0,20.1,25.8,0.995,books_media,North,20.0,0.0494
BOO-1024,3 months,2025-03-17,11,0,13.3,18.1,1.038,books_media,East,20.0,0.0494
BOO-1025,3 months,2025-03-17,11,0,35.8,49.3,1.036,books_media,Central,20.0,0.0494
BOO-1026,3 months,2025-03-17,11,0,5.9,8.5,1.115,books_media,West,20.0,0.0494
BOO-1027,3 months,2025-03-17,11,0,5.8,9.3,0.644,books_media,North,20.0,0.0494
BOO-1029,3 months,2025-03-17,11,0,26.8,33.9,1.078,books_media,East,20.0,0.0494
BOO-1031,3 months,2025-03-17,11,0,32.7,42.5,0.908,books_media,West,20.0,0.0494
BOO-1033,3 months,2025-03-17,11,0,6.7,8.8,1.222,books_media,East,20.0,0.0494
BOO-1034,3 months,2025-03-17,11,0,22.6,29.1,0.972,books_media,South,20.0,0.0494
BOO-1038,3 months,2025-03-17,11,0,33.1,44.7,1.057,books_media,North,20.0,0.0494
ELE-1002,3 months,2025-03-17,11,0,57.2,69.3,0.935,electronics,South,180.0,0.0888
ELE-1005,3 months,2025-03-17,11,0,15.1,19.4,1.057,electronics,West,180.0,0.0888
ELE-1006,3 months,2025-03-17,11,0,68.7,93.3,0.964,electronics,North,180.0,0.0888
ELE-1011,3 months,2025-03-17,11,0,14.5,19.1,1.135,electronics,Central,180.0,0.0888
ELE-1012,3 months,2025-03-17,11,0,24.2,30.5,0.958,electronics,South,180.0,0.0888
ELE-1013,3 months,2025-03-17,11,0,16.9,22.8,0.919,electronics,East,180.0,0.0888
ELE-1014,3 months,2025-03-17,11,0,12.9,16.9,0.918,electronics,North,180.0,0.0888
ELE-1017,3 months,2025-03-17,11,0,61.2,75.8,0.824,electronics,South,180.0,0.0888
ELE-1018,3 months,2025-03-17,11,0,25.6,31.8,1.031,electronics,East,180.0,0.0888
ELE-1022,3 months,2025-03-17,11,0,27.4,34.9,0.939,electronics,East,180.0,0.0888
ELE-1023,3 months,2025-03-17,11,0,52.5,61.6,1.015,electronics,North,180.0,0.0888
ELE-1024,3 months,2025-03-17,11,0,25.7,32.9,0.846,electronics,Central,180.0,0.0888
ELE-1026,3 months,2025-03-17,11,0,22.3,28.6,0.913,electronics,Central,180.0,0.0888
ELE-1027,3 months,2025-03-17,11,0,28.3,35.2,1.063,electronics,North,180.0,0.0888
ELE-1029,3 months,2025-03-17,11,0,59.4,73.0,0.971,electronics,North,180.0,0.0888
ELE-1031,3 months,2025-03-17,11,0,67.0,79.5,1.119,electronics,South,180.0,0.0888
ELE-1035,3 months,2025-03-17,11,0,31.1,36.6,1.088,electronics,East,180.0,0.0888
ELE-1036,3 months,2025-03-17,11,0,35.7,42.5,1.131,electronics,North,180.0,0.0888
ELE-1038,3 months,2025-03-17,11,0,61.4,73.3,1.104,electronics,South,180.0,0.0888
GRO-1000,3 months,2025-03-17,11,0,85.3,101.2,1.024,grocery,North,15.0,0.0201
GRO-1002,3 months,2025-03-17,11,0,93.7,109.0,0.936,grocery,North,15.0,0.0201
GRO-1004,3 months,2025-03-17,11,0,155.3,186.6,0.949,grocery,North,15.0,0.0201
GRO-1005,3 months,2025-03-17,11,0,117.3,147.0,0.983,grocery,East,15.0,0.0201
GRO-1006,3 months,2025-03-17,11,0,61.4,72.1,1.012,grocery,West,15.0,0.0201
GRO-1007,3 months,2025-03-17,11,0,109.8,132.8,0.978,grocery,South,15.0,0.0201
GRO-1009,3 months,2025-03-17,11,0,26.2,33.6,0.956,grocery,West,15.0,0.0201
GRO-1012,3 months,2025-03-17,11,0,111.5,181.6,0.991,grocery,North,15.0,0.0201
GRO-1015,3 months,2025-03-17,11,0,46.8,69.7,0.963,grocery,North,15.0,0.0201
GRO-1016,3 months,2025-03-17,11,0,65.0,81.8,0.96,grocery,North,15.0,0.0201
GRO-1017,3 months,2025-03-17,11,0,86.6,105.0,0.94,grocery,South,15.0,0.0201
GRO-1024,3 months,2025-03-17,11,0,51.4,65.5,1.025,grocery,South,15.0,0.0201
GRO-1025,3 months,2025-03-17,11,0,55.3,109.9,0.93,grocery,Central,15.0,0.0201
GRO-1027,3 months,2025-03-17,11,0,58.4,67.5,0.942,grocery,West,15.0,0.0201
GRO-1028,3 months,2025-03-17,11,0,101.4,118.3,0.975,grocery,North,15.0,0.0201
GRO-1030,3 months,2025-03-17,11,0,75.9,90.1,0.97,grocery,West,15.0,0.0201
GRO-1034,3 months,2025-03-17,11,0,81.6,97.2,1.046,grocery,North,15.0,0.0201
GRO-1038,3 months,2025-03-17,11,0,42.6,53.4,1.008,grocery,West,15.0,0.0201
HOM-1001,3 months,2025-03-17,11,0,70.3,94.5,0.954,home_kitchen,Central,60.0,0.0981
HOM-1003,3 months,2025-03-17,11,0,21.2,27.2,1.035,home_kitchen,East,60.0,0.0981
HOM-1006,3 months,2025-03-17,11,0,24.5,33.1,0.934,home_kitchen,West,60.0,0.0981
HOM-1010,3 months,2025-03-17,11,0,22.4,29.7,0.997,home_kitchen,West,60.0,0.0981
HOM-1011,3 months,2025-03-17,11,0,62.4,73.2,0.924,home_kitchen,West,60.0,0.0981
HOM-1013,3 months,2025-03-17,11,0,39.6,50.4,1.02,home_kitchen,East,60.0,0.0981
HOM-1015,3 months,2025-03-17,11,0,22.2,29.0,0.87,home_kitchen,South,60.0,0.0981
HOM-1017,3 months,2025-03-17,11,0,48.4,58.3,0.97,home_kitchen,West,60.0,0.0981
HOM-1019,3 months,2025-03-17,11,0,68.1,80.0,0.956,home_kitchen,East,60.0,0.0981
HOM-1022,3 months,2025-03-17,11,0,78.5,94.6,0.992,home_kitchen,Central,60.0,0.0981
HOM-1024,3 months,2025-03-17,11,0,8.8,13.2,1.002,home_kitchen,Central,60.0,0.0981
HOM-1030,3 months,2025-03-17,11,0,30.8,44.0,0.812,home_kitchen,South,60.0,0.0981
HOM-1032,3 months,2025-03-17,11,0,32.9,44.4,1.002,home_kitchen,East,60.0,0.0981
HOM-1035,3 months,2025-03-17,11,0,31.0,39.4,0.974,home_kitchen,South,60.0,0.0981
HOM-1036,3 months,2025-03-17,11,0,68.2,82.4,0.979,home_kitchen,West,60.0,0.0981
HOM-1037,3 months,2025-03-17,11,0,51.5,63.7,0.917,home_kitchen,West,60.0,0.0981
HOM-1038,3 months,2025-03-17,11,0,22.9,31.5,0.888,home_kitchen,North,60.0,0.0981
HOM-1039,3 months,2025-03-17,11,0,33.8,47.3,0.956,home_kitchen,North,60.0,0.0981
SPO-1001,3 months,2025-03-17,11,0,41.8,52.4,0.936,sports_outdoor,East,70.0,0.1196
SPO-1003,3 months,2025-03-17,11,0,45.1,56.3,0.942,sports_outdoor,North,70.0,0.1196
SPO-1004,3 months,2025-03-17,11,0,19.2,31.4,0.964,sports_outdoor,North,70.0,0.1196
SPO-1005,3 months,2025-03-17,11,0,21.1,27.2,1.193,sports_outdoor,Central,70.0,0.1196
SPO-1007,3 months,2025-03-17,11,0,33.6,43.3,1.034,sports_outdoor,North,70.0,0.1196
SPO-1008,3 months,2025-03-17,11,0,18.3,27.8,1.018,sports_outdoor,South,70.0,0.1196
SPO-1009,3 months,2025-03-17,11,0,16.6,22.1,1.021,sports_outdoor,North,70.0,0.1196
SPO-1012,3 months,2025-03-17,11,0,24.0,36.7,1.061,sports_outdoor,North,70.0,0.1196
SPO-1014,3 months,2025-03-17,11,0,21.1,26.9,1.056,sports_outdoor,Central,70.0,0.1196
SPO-1019,3 months,2025-03-17,11,0,38.3,49.0,0.948,sports_outdoor,West,70.0,0.1196
SPO-1021,3 months,2025-03-17,11,0,9.6,13.8,0.915,sports_outdoor,South,70.0,0.1196
SPO-1024,3 months,2025-03-17,11,0,56.8,70.7,1.039,sports_outdoor,Central,70.0,0.1196
SPO-1026,3 months,2025-03-17,11,0,9.5,16.8,0.972,sports_outdoor,West,70.0,0.1196
SPO-1029,3 months,2025-03-17,11,0,34.6,45.7,1.149,sports_outdoor,South,70.0,0.1196
SPO-1030,3 months,2025-03-17,11,0,14.1,19.8,1.067,sports_outdoor,East,70.0,0.1196
SPO-1032,3 months,2025-03-17,11,0,14.9,20.5,0.975,sports_outdoor,Central,70.0,0.1196
SPO-1034,3 months,2025-03-17,11,0,37.2,47.2,1.075,sports_outdoor,North,70.0,0.1196
SPO-1035,3 months,2025-03-17,11,0,37.3,60.7,1.045,sports_outdoor,West,70.0,0.1196
SPO-1036,3 months,2025-03-17,11,0,25.2,33.1,1.026,sports_outdoor,East,70.0,0.1196
SPO-1039,3 months,2025-03-17,11,0,27.0,36.1,1.061,sports_outdoor,Central,70.0,0.1196
TOY-1002,3 months,2025-03-17,11,0,21.0,31.3,0.963,toys_games,East,35.0,0.0707
TOY-1010,3 months,2025-03-17,11,0,20.8,32.9,1.036,toys_games,Central,35.0,0.0707
TOY-1011,3 months,2025-03-17,11,0,8.0,11.1,1.106,toys_games,South,35.0,0.0707
TOY-1013,3 months,2025-03-17,11,0,35.5,44.2,0.96,toys_games,East,35.0,0.0707
TOY-1018,3 months,2025-03-17,11,0,41.6,50.9,0.981,toys_games,East,35.0,0.0707
TOY-1019,3 months,2025-03-17,11,0,13.6,17.9,0.982,toys_games,Central,35.0,0.0707
TOY-1020,3 months,2025-03-17,11,0,16.4,25.7,1.027,toys_games,South,35.0,0.0707
TOY-1021,3 months,2025-03-17,11,0,60.4,71.6,0.913,toys_games,North,35.0,0.0707
TOY-1024,3 months,2025-03-17,11,0,21.0,32.6,0.847,toys_games,South,35.0,0.0707
TOY-1025,3 months,2025-03-17,11,0,11.4,17.4,0.83,toys_games,West,35.0,0.0707
TOY-1030,3 months,2025-03-17,11,0,15.7,21.6,0.993,toys_games,South,35.0,0.0707
TOY-1031,3 months,2025-03-17,11,0,13.6,19.0,0.829,toys_games,South,35.0,0.0707
TOY-1034,3 months,2025-03-17,11,0,66.1,84.8,1.001,toys_games,North,35.0,0.0707
TOY-1035,3 months,2025-03-17,11,0,48.1,56.9,0.979,toys_games,East,35.0,0.0707
TOY-1038,3 months,2025-03-17,11,0,26.6,35.9,1.089,toys_games,South,35.0,0.0707
APP-1000,3 months,2025-03-24,12,0,56.7,69.3,1.108,apparel,West,45.0,0.2808
APP-1001,3 months,2025-03-24,12,0,74.0,82.6,1.011,apparel,East,45.0,0.2808
APP-1002,3 months,2025-03-24,12,0,70.4,78.6,0.926,apparel,North,45.0,0.2808
APP-1004,3 months,2025-03-24,12,0,119.7,135.6,0.898,apparel,Central,45.0,0.2808
APP-1006,3 months,2025-03-24,12,0,62.5,71.9,0.95,apparel,West,45.0,0.2808
APP-1008,3 months,2025-03-24,12,0,86.9,102.7,0.895,apparel,South,45.0,0.2808
APP-1009,3 months,2025-03-24,12,0,24.0,32.6,0.851,apparel,North,45.0,0.2808
APP-1012,3 months,2025-03-24,12,0,114.0,123.8,0.954,apparel,North,45.0,0.2808
APP-1016,3 months,2025-03-24,12,0,37.1,45.3,0.9,apparel,West,45.0,0.2808
APP-1018,3 months,2025-03-24,12,0,25.2,30.9,1.001,apparel,East,45.0,0.2808
APP-1019,3 months,2025-03-24,12,0,76.9,110.6,1.033,apparel,Central,45.0,0.2808
APP-1020,3 months,2025-03-24,12,0,67.1,77.8,0.862,apparel,South,45.0,0.2808
APP-1022,3 months,2025-03-24,12,0,72.0,81.8,0.885,apparel,South,45.0,0.2808
APP-1023,3 months,2025-03-24,12,0,30.3,40.1,0.924,apparel,West,45.0,0.2808
APP-1025,3 months,2025-03-24,12,0,130.4,141.7,0.905,apparel,Central,45.0,0.2808
APP-1027,3 months,2025-03-24,12,0,55.5,65.0,0.854,apparel,South,45.0,0.2808
APP-1028,3 months,2025-03-24,12,0,63.3,73.2,0.851,apparel,North,45.0,0.2808
APP-1029,3 months,2025-03-24,12,0,84.0,100.6,0.889,apparel,North,45.0,0.2808
APP-1031,3 months,2025-03-24,12,0,11.9,16.1,0.918,apparel,Central,45.0,0.2808
APP-1032,3 months,2025-03-24,12,0,85.0,101.2,0.887,apparel,East,45.0,0.2808
APP-1034,3 months,2025-03-24,12,0,39.0,51.0,0.89,apparel,North,45.0,0.2808
APP-1037,3 months,2025-03-24,12,0,46.1,57.2,0.955,apparel,Central,45.0,0.2808
APP-1038,3 months,2025-03-24,12,0,22.2,26.8,0.929,apparel,North,45.0,0.2808
BEA-1004,3 months,2025-03-24,12,0,52.2,74.4,0.968,beauty,West,25.0,0.0791
BEA-1006,3 months,2025-03-24,12,0,56.0,76.9,0.93,beauty,West,25.0,0.0791
BEA-1007,3 months,2025-03-24,12,0,46.7,58.1,0.87,beauty,South,25.0,0.0791
BEA-1009,3 months,2025-03-24,12,0,54.8,65.0,0.909,beauty,East,25.0,0.0791
BEA-1011,3 months,2025-03-24,12,0,32.3,41.8,0.904,beauty,North,25.0,0.0791
BEA-1012,3 months,2025-03-24,12,0,57.4,74.9,1.062,beauty,Central,25.0,0.0791
BEA-1013,3 months,2025-03-24,12,0,39.8,61.1,0.914,beauty,West,25.0,0.0791
BEA-1014,3 months,2025-03-24,12,0,68.8,85.0,0.903,beauty,West,25.0,0.0791
BEA-1016,3 months,2025-03-24,12,0,38.0,47.5,0.903,beauty,East,25.0,0.0791
BEA-1017,3 months,2025-03-24,12,0,31.2,45.2,0.967,beauty,East,25.0,0.0791
BEA-1018,3 months,2025-03-24,12,0,35.2,46.3,0.807,beauty,North,25.0,0.0791
BEA-1019,3 months,2025-03-24,12,0,30.0,38.6,0.858,beauty,North,25.0,0.0791
BEA-1020,3 months,2025-03-24,12,0,43.6,55.6,0.877,beauty,South,25.0,0.0791
BEA-1021,3 months,2025-03-24,12,0,13.5,19.5,0.852,beauty,Central,25.0,0.0791
BEA-1024,3 months,2025-03-24,12,0,72.2,88.2,0.923,beauty,South,25.0,0.0791
BEA-1025,3 months,2025-03-24,12,0,23.1,30.0,0.91,beauty,West,25.0,0.0791
BEA-1027,3 months,2025-03-24,12,0,44.2,54.8,0.904,beauty,Central,25.0,0.0791
BEA-1028,3 months,2025-03-24,12,0,29.3,37.9,0.957,beauty,South,25.0,0.0791
BEA-1030,3 months,2025-03-24,12,0,36.4,46.4,0.885,beauty,West,25.0,0.0791
BEA-1031,3 months,2025-03-24,12,0,59.0,68.7,0.997,beauty,South,25.0,0.0791
BEA-1032,3 months,2025-03-24,12,0,65.4,77.0,0.955,beauty,North,25.0,0.0791
BEA-1037,3 months,2025-03-24,12,0,29.4,37.9,0.924,beauty,Central,25.0,0.0791
BOO-1000,3 months,2025-03-24,12,0,15.7,22.4,0.832,books_media,North,20.0,0.0494
BOO-1001,3 months,2025-03-24,12,0,26.0,32.1,1.064,books_media,East,20.0,0.0494
BOO-1002,3 months,2025-03-24,12,0,18.9,24.3,0.9,books_media,Central,20.0,0.0494
BOO-1004,3 months,2025-03-24,12,0,29.8,37.9,1.048,books_media,South,20.0,0.0494
BOO-1005,3 months,2025-03-24,12,0,30.6,38.4,1.049,books_media,Central,20.0,0.0494
BOO-1006,3 months,2025-03-24,12,0,29.1,36.8,1.092,books_media,South,20.0,0.0494
BOO-1007,3 months,2025-03-24,12,0,14.4,19.6,1.073,books_media,West,20.0,0.0494
BOO-1008,3 months,2025-03-24,12,0,27.7,34.4,1.142,books_media,Central,20.0,0.0494
BOO-1011,3 months,2025-03-24,12,0,33.1,42.9,1.073,books_media,South,20.0,0.0494
BOO-1016,3 months,2025-03-24,12,0,15.9,21.0,1.1,books_media,North,20.0,0.0494
BOO-1018,3 months,2025-03-24,12,0,10.4,14.3,1.049,books_media,South,20.0,0.0494
BOO-1022,3 months,2025-03-24,12,0,9.8,13.7,1.171,books_media,Central,20.0,0.0494
BOO-1023,3 months,2025-03-24,12,0,20.8,25.7,0.995,books_media,North,20.0,0.0494
BOO-1024,3 months,2025-03-24,12,0,13.7,18.9,1.038,books_media,East,20.0,0.0494
BOO-1025,3 months,2025-03-24,12,0,37.0,49.0,1.036,books_media,Central,20.0,0.0494
BOO-1026,3 months,2025-03-24,12,0,5.9,8.6,1.115,books_media,West,20.0,0.0494
BOO-1027,3 months,2025-03-24,12,0,5.6,9.2,0.644,books_media,North,20.0,0.0494
BOO-1029,3 months,2025-03-24,12,0,27.5,34.2,1.078,books_media,East,20.0,0.0494
BOO-1031,3 months,2025-03-24,12,0,33.6,42.3,0.908,books_media,West,20.0,0.0494
BOO-1033,3 months,2025-03-24,12,0,6.0,8.9,1.222,books_media,East,20.0,0.0494
BOO-1034,3 months,2025-03-24,12,0,23.2,28.9,0.972,books_media,South,20.0,0.0494
BOO-1038,3 months,2025-03-24,12,0,34.0,45.1,1.057,books_media,North,20.0,0.0494
ELE-1002,3 months,2025-03-24,12,0,57.2,70.9,0.935,electronics,South,180.0,0.0888
ELE-1005,3 months,2025-03-24,12,0,14.7,18.9,1.057,electronics,West,180.0,0.0888
ELE-1006,3 months,2025-03-24,12,0,68.5,94.3,0.964,electronics,North,180.0,0.0888
ELE-1011,3 months,2025-03-24,12,0,14.1,18.8,1.135,electronics,Central,180.0,0.0888
ELE-1012,3 months,2025-03-24,12,0,24.2,30.0,0.958,electronics,South,180.0,0.0888
ELE-1013,3 months,2025-03-24,12,0,16.5,21.6,0.919,electronics,East,180.0,0.0888
ELE-1014,3 months,2025-03-24,12,0,12.6,16.5,0.918,electronics,North,180.0,0.0888
ELE-1017,3 months,2025-03-24,12,0,60.5,77.4,0.824,electronics,South,180.0,0.0888
ELE-1018,3 months,2025-03-24,12,0,25.4,31.5,1.031,electronics,East,180.0,0.0888
ELE-1022,3 months,2025-03-24,12,0,27.3,34.6,0.939,electronics,East,180.0,0.0888
ELE-1023,3 months,2025-03-24,12,0,52.4,61.2,1.015,electronics,North,180.0,0.0888
ELE-1024,3 months,2025-03-24,12,0,25.6,32.7,0.846,electronics,Central,180.0,0.0888
ELE-1026,3 months,2025-03-24,12,0,22.2,28.5,0.913,electronics,Central,180.0,0.0888
ELE-1027,3 months,2025-03-24,12,0,28.2,35.1,1.063,electronics,North,180.0,0.0888
ELE-1029,3 months,2025-03-24,12,0,59.3,74.0,0.971,electronics,North,180.0,0.0888
ELE-1031,3 months,2025-03-24,12,0,66.5,80.5,1.119,electronics,South,180.0,0.0888
ELE-1035,3 months,2025-03-24,12,0,30.9,36.3,1.088,electronics,East,180.0,0.0888
ELE-1036,3 months,2025-03-24,12,0,35.5,42.1,1.131,electronics,North,180.0,0.0888
ELE-1038,3 months,2025-03-24,12,0,61.3,76.0,1.104,electronics,South,180.0,0.0888
GRO-1000,3 months,2025-03-24,12,0,88.5,105.9,1.024,grocery,North,15.0,0.0201
GRO-1002,3 months,2025-03-24,12,0,95.8,116.0,0.936,grocery,North,15.0,0.0201
GRO-1004,3 months,2025-03-24,12,0,158.7,195.6,0.949,grocery,North,15.0,0.0201
GRO-1005,3 months,2025-03-24,12,0,127.5,156.0,0.983,grocery,East,15.0,0.0201
GRO-1006,3 months,2025-03-24,12,0,63.6,75.7,1.012,grocery,West,15.0,0.0201
GRO-1007,3 months,2025-03-24,12,0,117.9,138.4,0.978,grocery,South,15.0,0.0201
GRO-1009,3 months,2025-03-24,12,0,26.4,35.3,0.956,grocery,West,15.0,0.0201
GRO-1012,3 months,2025-03-24,12,0,102.4,190.9,0.991,grocery,North,15.0,0.0201
GRO-1015,3 months,2025-03-24,12,0,48.1,74.9,0.963,grocery,North,15.0,0.0201
GRO-1016,3 months,2025-03-24,12,0,59.4,86.6,0.96,grocery,North,15.0,0.0201
GRO-1017,3 months,2025-03-24,12,0,90.0,110.0,0.94,grocery,South,15.0,0.0201
GRO-1024,3 months,2025-03-24,12,0,45.7,69.3,1.025,grocery,South,15.0,0.0201
GRO-1025,3 months,2025-03-24,12,0,56.6,115.3,0.93,grocery,Central,15.0,0.0201
GRO-1027,3 months,2025-03-24,12,0,59.9,71.2,0.942,grocery,West,15.0,0.0201
GRO-1028,3 months,2025-03-24,12,0,93.0,123.7,0.975,grocery,North,15.0,0.0201
GRO-1030,3 months,2025-03-24,12,0,78.0,94.6,0.97,grocery,West,15.0,0.0201
GRO-1034,3 months,2025-03-24,12,0,84.9,103.0,1.046,grocery,North,15.0,0.0201
GRO-1038,3 months,2025-03-24,12,0,44.0,55.6,1.008,grocery,West,15.0,0.0201
HOM-1001,3 months,2025-03-24,12,0,70.3,98.5,0.954,home_kitchen,Central,60.0,0.0981
HOM-1003,3 months,2025-03-24,12,0,21.1,27.6,1.035,home_kitchen,East,60.0,0.0981
HOM-1006,3 months,2025-03-24,12,0,24.8,33.8,0.934,home_kitchen,West,60.0,0.0981
HOM-1010,3 months,2025-03-24,12,0,22.6,29.9,0.997,home_kitchen,West,60.0,0.0981
HOM-1011,3 months,2025-03-24,12,0,63.9,74.0,0.924,home_kitchen,West,60.0,0.0981
HOM-1013,3 months,2025-03-24,12,0,40.5,51.5,1.02,home_kitchen,East,60.0,0.0981
HOM-1015,3 months,2025-03-24,12,0,22.4,29.5,0.87,home_kitchen,South,60.0,0.0981
HOM-1017,3 months,2025-03-24,12,0,49.4,60.2,0.97,home_kitchen,West,60.0,0.0981
HOM-1019,3 months,2025-03-24,12,0,69.8,81.5,0.956,home_kitchen,East,60.0,0.0981
HOM-1022,3 months,2025-03-24,12,0,75.5,99.1,0.992,home_kitchen,Central,60.0,0.0981
HOM-1024,3 months,2025-03-24,12,0,8.3,13.0,1.002,home_kitchen,Central,60.0,0.0981
HOM-1030,3 months,2025-03-24,12,0,30.7,43.9,0.812,home_kitchen,South,60.0,0.0981
HOM-1032,3 months,2025-03-24,12,0,33.2,44.6,1.002,home_kitchen,East,60.0,0.0981
HOM-1035,3 months,2025-03-24,12,0,31.8,39.9,0.974,home_kitchen,South,60.0,0.0981
HOM-1036,3 months,2025-03-24,12,0,69.9,82.8,0.979,home_kitchen,West,60.0,0.0981
HOM-1037,3 months,2025-03-24,12,0,52.8,63.4,0.917,home_kitchen,West,60.0,0.0981
HOM-1038,3 months,2025-03-24,12,0,23.2,31.7,0.888,home_kitchen,North,60.0,0.0981
HOM-1039,3 months,2025-03-24,12,0,34.2,45.9,0.956,home_kitchen,North,60.0,0.0981
SPO-1001,3 months,2025-03-24,12,0,43.4,51.7,0.936,sports_outdoor,East,70.0,0.1196
SPO-1003,3 months,2025-03-24,12,0,46.6,55.1,0.942,sports_outdoor,North,70.0,0.1196
SPO-1004,3 months,2025-03-24,12,0,20.2,30.2,0.964,sports_outdoor,North,70.0,0.1196
SPO-1005,3 months,2025-03-24,12,0,21.7,26.7,1.193,sports_outdoor,Central,70.0,0.1196
SPO-1007,3 months,2025-03-24,12,0,34.5,42.3,1.034,sports_outdoor,North,70.0,0.1196
SPO-1008,3 months,2025-03-24,12,0,19.1,27.2,1.018,sports_outdoor,South,70.0,0.1196
SPO-1009,3 months,2025-03-24,12,0,17.2,22.3,1.021,sports_outdoor,North,70.0,0.1196
SPO-1012,3 months,2025-03-24,12,0,25.0,36.0,1.061,sports_outdoor,North,70.0,0.1196
SPO-1014,3 months,2025-03-24,12,0,21.7,26.2,1.056,sports_outdoor,Central,70.0,0.1196
SPO-1019,3 months,2025-03-24,12,0,39.4,47.9,0.948,sports_outdoor,West,70.0,0.1196
SPO-1021,3 months,2025-03-24,12,0,10.0,13.2,0.915,sports_outdoor,South,70.0,0.1196
SPO-1024,3 months,2025-03-24,12,0,59.1,69.5,1.039,sports_outdoor,Central,70.0,0.1196
SPO-1026,3 months,2025-03-24,12,0,10.1,16.1,0.972,sports_outdoor,West,70.0,0.1196
SPO-1029,3 months,2025-03-24,12,0,35.6,44.9,1.149,sports_outdoor,South,70.0,0.1196
SPO-1030,3 months,2025-03-24,12,0,12.7,19.0,1.067,sports_outdoor,East,70.0,0.1196
SPO-1032,3 months,2025-03-24,12,0,15.3,19.9,0.975,sports_outdoor,Central,70.0,0.1196
SPO-1034,3 months,2025-03-24,12,0,38.2,46.3,1.075,sports_outdoor,North,70.0,0.1196
SPO-1035,3 months,2025-03-24,12,0,38.9,59.6,1.045,sports_outdoor,West,70.0,0.1196
SPO-1036,3 months,2025-03-24,12,0,25.9,32.3,1.026,sports_outdoor,East,70.0,0.1196
SPO-1039,3 months,2025-03-24,12,0,28.1,35.4,1.061,sports_outdoor,Central,70.0,0.1196
TOY-1002,3 months,2025-03-24,12,0,20.2,31.9,0.963,toys_games,East,35.0,0.0707
TOY-1010,3 months,2025-03-24,12,0,20.9,33.4,1.036,toys_games,Central,35.0,0.0707
TOY-1011,3 months,2025-03-24,12,0,8.0,11.3,1.106,toys_games,South,35.0,0.0707
TOY-1013,3 months,2025-03-24,12,0,33.9,44.9,0.96,toys_games,East,35.0,0.0707
TOY-1018,3 months,2025-03-24,12,0,40.6,51.0,0.981,toys_games,East,35.0,0.0707
TOY-1019,3 months,2025-03-24,12,0,13.0,18.1,0.982,toys_games,Central,35.0,0.0707
TOY-1020,3 months,2025-03-24,12,0,16.0,26.3,1.027,toys_games,South,35.0,0.0707
TOY-1021,3 months,2025-03-24,12,0,59.3,71.2,0.913,toys_games,North,35.0,0.0707
TOY-1024,3 months,2025-03-24,12,0,19.9,33.9,0.847,toys_games,South,35.0,0.0707
TOY-1025,3 months,2025-03-24,12,0,11.0,16.7,0.83,toys_games,West,35.0,0.0707
TOY-1030,3 months,2025-03-24,12,0,15.4,22.3,0.993,toys_games,South,35.0,0.0707
TOY-1031,3 months,2025-03-24,12,0,13.0,19.1,0.829,toys_games,South,35.0,0.0707
TOY-1034,3 months,2025-03-24,12,0,64.9,85.1,1.001,toys_games,North,35.0,0.0707
TOY-1035,3 months,2025-03-24,12,0,46.5,56.8,0.979,toys_games,East,35.0,0.0707
TOY-1038,3 months,2025-03-24,12,0,25.9,36.8,1.089,toys_games,South,35.0,0.0707
APP-1000,3 months,2025-03-31,13,0,56.7,70.6,1.108,apparel,West,45.0,0.2808
APP-1001,3 months,2025-03-31,13,0,74.0,83.1,1.011,apparel,East,45.0,0.2808
APP-1002,3 months,2025-03-31,13,0,69.9,78.7,0.926,apparel,North,45.0,0.2808
APP-1004,3 months,2025-03-31,13,0,118.7,136.5,0.898,apparel,Central,45.0,0.2808
APP-1006,3 months,2025-03-31,13,0,61.9,71.0,0.95,apparel,West,45.0,0.2808
APP-1008,3 months,2025-03-31,13,0,87.0,104.5,0.895,apparel,South,45.0,0.2808
APP-1009,3 months,2025-03-31,13,0,23.9,31.8,0.851,apparel,North,45.0,0.2808
APP-1012,3 months,2025-03-31,13,0,113.1,123.8,0.954,apparel,North,45.0,0.2808
APP-1016,3 months,2025-03-31,13,0,36.8,45.6,0.9,apparel,West,45.0,0.2808
APP-1018,3 months,2025-03-31,13,0,24.3,31.1,1.001,apparel,East,45.0,0.2808
APP-1019,3 months,2025-03-31,13,0,76.7,112.2,1.033,apparel,Central,45.0,0.2808
APP-1020,3 months,2025-03-31,13,0,66.7,79.3,0.862,apparel,South,45.0,0.2808
APP-1022,3 months,2025-03-31,13,0,71.9,82.3,0.885,apparel,South,45.0,0.2808
APP-1023,3 months,2025-03-31,13,0,30.1,41.4,0.924,apparel,West,45.0,0.2808
APP-1025,3 months,2025-03-31,13,0,129.3,142.7,0.905,apparel,Central,45.0,0.2808
APP-1027,3 months,2025-03-31,13,0,55.7,65.2,0.854,apparel,South,45.0,0.2808
APP-1028,3 months,2025-03-31,13,0,62.8,73.2,0.851,apparel,North,45.0,0.2808
APP-1029,3 months,2025-03-31,13,0,84.0,102.7,0.889,apparel,North,45.0,0.2808
APP-1031,3 months,2025-03-31,13,0,12.7,16.2,0.918,apparel,Central,45.0,0.2808
APP-1032,3 months,2025-03-31,13,0,84.5,102.2,0.887,apparel,East,45.0,0.2808
APP-1034,3 months,2025-03-31,13,0,38.8,49.9,0.89,apparel,North,45.0,0.2808
APP-1037,3 months,2025-03-31,13,0,45.7,54.6,0.955,apparel,Central,45.0,0.2808
APP-1038,3 months,2025-03-31,13,0,21.8,27.1,0.929,apparel,North,45.0,0.2808
BEA-1004,3 months,2025-03-31,13,0,51.9,73.2,0.968,beauty,West,25.0,0.0791
BEA-1006,3 months,2025-03-31,13,0,55.8,75.8,0.93,beauty,West,25.0,0.0791
BEA-1007,3 months,2025-03-31,13,0,46.6,58.4,0.87,beauty,South,25.0,0.0791
BEA-1009,3 months,2025-03-31,13,0,54.5,63.9,0.909,beauty,East,25.0,0.0791
BEA-1011,3 months,2025-03-31,13,0,32.3,40.9,0.904,beauty,North,25.0,0.0791
BEA-1012,3 months,2025-03-31,13,0,56.7,74.3,1.062,beauty,Central,25.0,0.0791
BEA-1013,3 months,2025-03-31,13,0,39.7,62.6,0.914,beauty,West,25.0,0.0791
BEA-1014,3 months,2025-03-31,13,0,68.6,83.2,0.903,beauty,West,25.0,0.0791
BEA-1016,3 months,2025-03-31,13,0,37.3,47.7,0.903,beauty,East,25.0,0.0791
BEA-1017,3 months,2025-03-31,13,0,30.4,43.6,0.967,beauty,East,25.0,0.0791
BEA-1018,3 months,2025-03-31,13,0,34.7,46.0,0.807,beauty,North,25.0,0.0791
BEA-1019,3 months,2025-03-31,13,0,29.8,37.9,0.858,beauty,North,25.0,0.0791
BEA-1020,3 months,2025-03-31,13,0,43.3,55.0,0.877,beauty,South,25.0,0.0791
BEA-1021,3 months,2025-03-31,13,0,13.6,19.2,0.852,beauty,Central,25.0,0.0791
BEA-1024,3 months,2025-03-31,13,0,72.5,88.3,0.923,beauty,South,25.0,0.0791
BEA-1025,3 months,2025-03-31,13,0,23.1,29.7,0.91,beauty,West,25.0,0.0791
BEA-1027,3 months,2025-03-31,13,0,44.1,54.4,0.904,beauty,Central,25.0,0.0791
BEA-1028,3 months,2025-03-31,13,0,28.7,37.0,0.957,beauty,South,25.0,0.0791
BEA-1030,3 months,2025-03-31,13,0,36.4,46.1,0.885,beauty,West,25.0,0.0791
BEA-1031,3 months,2025-03-31,13,0,58.8,68.1,0.997,beauty,South,25.0,0.0791
BEA-1032,3 months,2025-03-31,13,0,65.0,77.2,0.955,beauty,North,25.0,0.0791
BEA-1037,3 months,2025-03-31,13,0,29.3,37.4,0.924,beauty,Central,25.0,0.0791
BOO-1000,3 months,2025-03-31,13,0,16.2,23.7,0.832,books_media,North,20.0,0.0494
BOO-1001,3 months,2025-03-31,13,0,26.8,33.2,1.064,books_media,East,20.0,0.0494
BOO-1002,3 months,2025-03-31,13,0,19.0,25.3,0.9,books_media,Central,20.0,0.0494
BOO-1004,3 months,2025-03-31,13,0,30.5,39.2,1.048,books_media,South,20.0,0.0494
BOO-1005,3 months,2025-03-31,13,0,31.3,39.6,1.049,books_media,Central,20.0,0.0494
BOO-1006,3 months,2025-03-31,13,0,29.8,38.1,1.092,books_media,South,20.0,0.0494
BOO-1007,3 months,2025-03-31,13,0,14.8,20.4,1.073,books_media,West,20.0,0.0494
BOO-1008,3 months,2025-03-31,13,0,28.3,35.8,1.142,books_media,Central,20.0,0.0494
BOO-1011,3 months,2025-03-31,13,0,33.9,44.5,1.073,books_media,South,20.0,0.0494
BOO-1016,3 months,2025-03-31,13,0,16.4,22.1,1.1,books_media,North,20.0,0.0494
BOO-1018,3 months,2025-03-31,13,0,10.8,15.5,1.049,books_media,South,20.0,0.0494
BOO-1022,3 months,2025-03-31,13,0,10.5,14.2,1.171,books_media,Central,20.0,0.0494
BOO-1023,3 months,2025-03-31,13,0,21.3,26.9,0.995,books_media,North,20.0,0.0494
BOO-1024,3 months,2025-03-31,13,0,14.1,19.7,1.038,books_media,East,20.0,0.0494
BOO-1025,3 months,2025-03-31,13,0,37.8,50.3,1.036,books_media,Central,20.0,0.0494
BOO-1026,3 months,2025-03-31,13,0,5.7,9.5,1.115,books_media,West,20.0,0.0494
BOO-1027,3 months,2025-03-31,13,0,6.0,9.9,0.644,books_media,North,20.0,0.0494
BOO-1029,3 months,2025-03-31,13,0,28.1,35.8,1.078,books_media,East,20.0,0.0494
BOO-1031,3 months,2025-03-31,13,0,34.4,44.3,0.908,books_media,West,20.0,0.0494
BOO-1033,3 months,2025-03-31,13,0,6.6,9.6,1.222,books_media,East,20.0,0.0494
BOO-1034,3 months,2025-03-31,13,0,23.8,30.1,0.972,books_media,South,20.0,0.0494
BOO-1038,3 months,2025-03-31,13,0,34.8,47.0,1.057,books_media,North,20.0,0.0494
ELE-1002,3 months,2025-03-31,13,0,55.7,69.8,0.935,electronics,South,180.0,0.0888
ELE-1005,3 months,2025-03-31,13,0,14.4,19.5,1.057,electronics,West,180.0,0.0888
ELE-1006,3 months,2025-03-31,13,0,68.4,99.5,0.964,electronics,North,180.0,0.0888
ELE-1011,3 months,2025-03-31,13,0,13.9,19.4,1.135,electronics,Central,180.0,0.0888
ELE-1012,3 months,2025-03-31,13,0,23.6,30.8,0.958,electronics,South,180.0,0.0888
ELE-1013,3 months,2025-03-31,13,0,16.1,22.7,0.919,electronics,East,180.0,0.0888
ELE-1014,3 months,2025-03-31,13,0,12.1,16.9,0.918,electronics,North,180.0,0.0888
ELE-1017,3 months,2025-03-31,13,0,59.3,77.1,0.824,electronics,South,180.0,0.0888
ELE-1018,3 months,2025-03-31,13,0,24.9,31.8,1.031,electronics,East,180.0,0.0888
ELE-1022,3 months,2025-03-31,13,0,26.7,35.1,0.939,electronics,East,180.0,0.0888
ELE-1023,3 months,2025-03-31,13,0,51.2,62.4,1.015,electronics,North,180.0,0.0888
ELE-1024,3 months,2025-03-31,13,0,25.0,33.3,0.846,electronics,Central,180.0,0.0888
ELE-1026,3 months,2025-03-31,13,0,21.8,29.4,0.913,electronics,Central,180.0,0.0888
ELE-1027,3 months,2025-03-31,13,0,27.7,35.9,1.063,electronics,North,180.0,0.0888
ELE-1029,3 months,2025-03-31,13,0,57.5,73.1,0.971,electronics,North,180.0,0.0888
ELE-1031,3 months,2025-03-31,13,0,65.0,82.8,1.119,electronics,South,180.0,0.0888
ELE-1035,3 months,2025-03-31,13,0,30.4,37.9,1.088,electronics,East,180.0,0.0888
ELE-1036,3 months,2025-03-31,13,0,34.7,43.2,1.131,electronics,North,180.0,0.0888
ELE-1038,3 months,2025-03-31,13,0,59.9,76.4,1.104,electronics,South,180.0,0.0888
GRO-1000,3 months,2025-03-31,13,0,87.8,104.7,1.024,grocery,North,15.0,0.0201
GRO-1002,3 months,2025-03-31,13,0,94.9,114.4,0.936,grocery,North,15.0,0.0201
GRO-1004,3 months,2025-03-31,13,0,150.2,192.5,0.949,grocery,North,15.0,0.0201
GRO-1005,3 months,2025-03-31,13,0,126.5,154.1,0.983,grocery,East,15.0,0.0201
GRO-1006,3 months,2025-03-31,13,0,63.2,74.6,1.012,grocery,West,15.0,0.0201
GRO-1007,3 months,2025-03-31,13,0,116.8,135.8,0.978,grocery,South,15.0,0.0201
GRO-1009,3 months,2025-03-31,13,0,26.3,35.0,0.956,grocery,West,15.0,0.0201
GRO-1012,3 months,2025-03-31,13,0,101.3,188.3,0.991,grocery,North,15.0,0.0201
GRO-1015,3 months,2025-03-31,13,0,47.8,73.9,0.963,grocery,North,15.0,0.0201
GRO-1016,3 months,2025-03-31,13,0,59.0,85.4,0.96,grocery,North,15.0,0.0201
GRO-1017,3 months,2025-03-31,13,0,89.3,109.1,0.94,grocery,South,15.0,0.0201
GRO-1024,3 months,2025-03-31,13,0,45.4,68.3,1.025,grocery,South,15.0,0.0201
GRO-1025,3 months,2025-03-31,13,0,56.2,114.1,0.93,grocery,Central,15.0,0.0201
GRO-1027,3 months,2025-03-31,13,0,59.4,70.2,0.942,grocery,West,15.0,0.0201
GRO-1028,3 months,2025-03-31,13,0,92.3,121.9,0.975,grocery,North,15.0,0.0201
GRO-1030,3 months,2025-03-31,13,0,77.3,93.3,0.97,grocery,West,15.0,0.0201
GRO-1034,3 months,2025-03-31,13,0,83.9,100.8,1.046,grocery,North,15.0,0.0201
GRO-1038,3 months,2025-03-31,13,0,43.0,54.6,1.008,grocery,West,15.0,0.0201
HOM-1001,3 months,2025-03-31,13,0,70.2,98.5,0.954,home_kitchen,Central,60.0,0.0981
HOM-1003,3 months,2025-03-31,13,0,21.1,27.6,1.035,home_kitchen,East,60.0,0.0981
HOM-1006,3 months,2025-03-31,13,0,24.8,33.8,0.934,home_kitchen,West,60.0,0.0981
HOM-1010,3 months,2025-03-31,13,0,22.1,29.9,0.997,home_kitchen,West,60.0,0.0981
HOM-1011,3 months,2025-03-31,13,0,64.0,73.9,0.924,home_kitchen,West,60.0,0.0981
HOM-1013,3 months,2025-03-31,13,0,42.1,51.5,1.02,home_kitchen,East,60.0,0.0981
HOM-1015,3 months,2025-03-31,13,0,22.3,29.5,0.87,home_kitchen,South,60.0,0.0981
HOM-1017,3 months,2025-03-31,13,0,49.4,59.5,0.97,home_kitchen,West,60.0,0.0981
HOM-1019,3 months,2025-03-31,13,0,69.8,82.4,0.956,home_kitchen,East,60.0,0.0981
HOM-1022,3 months,2025-03-31,13,0,75.5,99.1,0.992,home_kitchen,Central,60.0,0.0981
HOM-1024,3 months,2025-03-31,13,0,8.8,13.0,1.002,home_kitchen,Central,60.0,0.0981
HOM-1030,3 months,2025-03-31,13,0,30.8,43.6,0.812,home_kitchen,South,60.0,0.0981
HOM-1032,3 months,2025-03-31,13,0,33.2,45.5,1.002,home_kitchen,East,60.0,0.0981
HOM-1035,3 months,2025-03-31,13,0,31.8,39.8,0.974,home_kitchen,South,60.0,0.0981
HOM-1036,3 months,2025-03-31,13,0,69.9,82.6,0.979,home_kitchen,West,60.0,0.0981
HOM-1037,3 months,2025-03-31,13,0,52.8,65.6,0.917,home_kitchen,West,60.0,0.0981
HOM-1038,3 months,2025-03-31,13,0,23.3,31.3,0.888,home_kitchen,North,60.0,0.0981
HOM-1039,3 months,2025-03-31,13,0,34.3,47.0,0.956,home_kitchen,North,60.0,0.0981
SPO-1001,3 months,2025-03-31,13,0,42.0,51.7,0.936,sports_outdoor,East,70.0,0.1196
SPO-1003,3 months,2025-03-31,13,0,45.5,55.1,0.942,sports_outdoor,North,70.0,0.1196
SPO-1004,3 months,2025-03-31,13,0,18.3,30.8,0.964,sports_outdoor,North,70.0,0.1196
SPO-1005,3 months,2025-03-31,13,0,21.1,26.7,1.193,sports_outdoor,Central,70.0,0.1196
SPO-1007,3 months,2025-03-31,13,0,33.4,43.0,1.034,sports_outdoor,North,70.0,0.1196
SPO-1008,3 months,2025-03-31,13,0,18.5,28.5,1.018,sports_outdoor,South,70.0,0.1196
SPO-1009,3 months,2025-03-31,13,0,16.6,21.9,1.021,sports_outdoor,North,70.0,0.1196
SPO-1012,3 months,2025-03-31,13,0,24.0,38.5,1.061,sports_outdoor,North,70.0,0.1196
SPO-1014,3 months,2025-03-31,13,0,21.0,26.1,1.056,sports_outdoor,Central,70.0,0.1196
SPO-1019,3 months,2025-03-31,13,0,38.2,48.5,0.948,sports_outdoor,West,70.0,0.1196
SPO-1021,3 months,2025-03-31,13,0,9.5,13.6,0.915,sports_outdoor,South,70.0,0.1196
SPO-1024,3 months,2025-03-31,13,0,53.1,71.3,1.039,sports_outdoor,Central,70.0,0.1196
SPO-1026,3 months,2025-03-31,13,0,9.8,17.0,0.972,sports_outdoor,West,70.0,0.1196
SPO-1029,3 months,2025-03-31,13,0,34.0,45.7,1.149,sports_outdoor,South,70.0,0.1196
SPO-1030,3 months,2025-03-31,13,0,12.5,20.1,1.067,sports_outdoor,East,70.0,0.1196
SPO-1032,3 months,2025-03-31,13,0,14.8,20.0,0.975,sports_outdoor,Central,70.0,0.1196
SPO-1034,3 months,2025-03-31,13,0,36.9,47.0,1.075,sports_outdoor,North,70.0,0.1196
SPO-1035,3 months,2025-03-31,13,0,36.6,60.5,1.045,sports_outdoor,West,70.0,0.1196
SPO-1036,3 months,2025-03-31,13,0,24.8,33.1,1.026,sports_outdoor,East,70.0,0.1196
SPO-1039,3 months,2025-03-31,13,0,26.3,35.7,1.061,sports_outdoor,Central,70.0,0.1196
TOY-1002,3 months,2025-03-31,13,0,22.2,31.1,0.963,toys_games,East,35.0,0.0707
TOY-1010,3 months,2025-03-31,13,0,22.9,31.8,1.036,toys_games,Central,35.0,0.0707
TOY-1011,3 months,2025-03-31,13,0,8.1,11.1,1.106,toys_games,South,35.0,0.0707
TOY-1013,3 months,2025-03-31,13,0,35.1,43.3,0.96,toys_games,East,35.0,0.0707
TOY-1018,3 months,2025-03-31,13,0,42.8,51.4,0.981,toys_games,East,35.0,0.0707
TOY-1019,3 months,2025-03-31,13,0,13.2,17.3,0.982,toys_games,Central,35.0,0.0707
TOY-1020,3 months,2025-03-31,13,0,17.6,25.9,1.027,toys_games,South,35.0,0.0707
TOY-1021,3 months,2025-03-31,13,0,58.0,71.3,0.913,toys_games,North,35.0,0.0707
TOY-1024,3 months,2025-03-31,13,0,22.3,32.0,0.847,toys_games,South,35.0,0.0707
TOY-1025,3 months,2025-03-31,13,0,11.0,16.1,0.83,toys_games,West,35.0,0.0707
TOY-1030,3 months,2025-03-31,13,0,15.2,21.6,0.993,toys_games,South,35.0,0.0707
TOY-1031,3 months,2025-03-31,13,0,13.0,18.5,0.829,toys_games,South,35.0,0.0707
TOY-1034,3 months,2025-03-31,13,0,63.4,85.0,1.001,toys_games,North,35.0,0.0707
TOY-1035,3 months,2025-03-31,13,0,47.7,56.7,0.979,toys_games,East,35.0,0.0707
TOY-1038,3 months,2025-03-31,13,0,26.9,35.4,1.089,toys_games,South,35.0,0.0707
APP-1000,3 months,2025-01-06,1,1,79.7,90.8,1.108,apparel,West,45.0,0.2808
APP-1001,3 months,2025-01-06,1,1,83.3,116.3,1.011,apparel,East,45.0,0.2808
APP-1002,3 months,2025-01-06,1,1,96.6,107.5,0.926,apparel,North,45.0,0.2808
APP-1004,3 months,2025-01-06,1,1,167.5,186.6,0.898,apparel,Central,45.0,0.2808
APP-1006,3 months,2025-01-06,1,1,88.2,95.4,0.95,apparel,West,45.0,0.2808
APP-1008,3 months,2025-01-06,1,1,118.0,134.7,0.895,apparel,South,45.0,0.2808
APP-1009,3 months,2025-01-06,1,1,34.8,44.4,0.851,apparel,North,45.0,0.2808
APP-1012,3 months,2025-01-06,1,1,116.0,172.4,0.954,apparel,North,45.0,0.2808
APP-1016,3 months,2025-01-06,1,1,53.1,62.6,0.9,apparel,West,45.0,0.2808
APP-1018,3 months,2025-01-06,1,1,35.3,43.2,1.001,apparel,East,45.0,0.2808
APP-1019,3 months,2025-01-06,1,1,141.5,154.6,1.033,apparel,Central,45.0,0.2808
APP-1020,3 months,2025-01-06,1,1,94.4,109.1,0.862,apparel,South,45.0,0.2808
APP-1022,3 months,2025-01-06,1,1,99.3,113.1,0.885,apparel,South,45.0,0.2808
APP-1023,3 months,2025-01-06,1,1,44.6,54.2,0.924,apparel,West,45.0,0.2808
APP-1025,3 months,2025-01-06,1,1,127.0,191.1,0.905,apparel,Central,45.0,0.2808
APP-1027,3 months,2025-01-06,1,1,77.0,88.5,0.854,apparel,South,45.0,0.2808
APP-1028,3 months,2025-01-06,1,1,87.4,99.7,0.851,apparel,North,45.0,0.2808
APP-1029,3 months,2025-01-06,1,1,102.2,134.9,0.889,apparel,North,45.0,0.2808
APP-1031,3 months,2025-01-06,1,1,19.8,24.9,0.918,apparel,Central,45.0,0.2808
APP-1032,3 months,2025-01-06,1,1,116.9,135.4,0.887,apparel,East,45.0,0.2808
APP-1034,3 months,2025-01-06,1,1,54.9,67.0,0.89,apparel,North,45.0,0.2808
APP-1037,3 months,2025-01-06,1,1,65.5,75.7,0.955,apparel,Central,45.0,0.2808
APP-1038,3 months,2025-01-06,1,1,30.6,36.7,0.929,apparel,North,45.0,0.2808
BEA-1004,3 months,2025-01-06,1,1,80.6,92.8,0.968,beauty,West,25.0,0.0791
BEA-1006,3 months,2025-01-06,1,1,86.6,94.6,0.93,beauty,West,25.0,0.0791
BEA-1007,3 months,2025-01-06,1,1,59.7,71.2,0.87,beauty,South,25.0,0.0791
BEA-1009,3 months,2025-01-06,1,1,68.7,78.8,0.909,beauty,East,25.0,0.0791
BEA-1011,3 months,2025-01-06,1,1,42.7,51.9,0.904,beauty,North,25.0,0.0791
BEA-1012,3 months,2025-01-06,1,1,83.7,95.6,1.062,beauty,Central,25.0,0.0791
BEA-1013,3 months,2025-01-06,1,1,63.5,73.1,0.914,beauty,West,25.0,0.0791
BEA-1014,3 months,2025-01-06,1,1,84.2,100.8,0.903,beauty,West,25.0,0.0791
BEA-1016,3 months,2025-01-06,1,1,50.1,60.5,0.903,beauty,East,25.0,0.0791
BEA-1017,3 months,2025-01-06,1,1,47.2,57.7,0.967,beauty,East,25.0,0.0791
BEA-1018,3 months,2025-01-06,1,1,43.0,58.6,0.807,beauty,North,25.0,0.0791
BEA-1019,3 months,2025-01-06,1,1,38.0,47.7,0.858,beauty,North,25.0,0.0791
BEA-1020,3 months,2025-01-06,1,1,58.2,69.0,0.877,beauty,South,25.0,0.0791
BEA-1021,3 months,2025-01-06,1,1,18.0,25.3,0.852,beauty,Central,25.0,0.0791
BEA-1024,3 months,2025-01-06,1,1,86.3,106.5,0.923,beauty,South,25.0,0.0791
BEA-1025,3 months,2025-01-06,1,1,30.9,37.2,0.91,beauty,West,25.0,0.0791
BEA-1027,3 months,2025-01-06,1,1,56.3,67.9,0.904,beauty,Central,25.0,0.0791
BEA-1028,3 months,2025-01-06,1,1,37.8,47.0,0.957,beauty,South,25.0,0.0791
BEA-1030,3 months,2025-01-06,1,1,47.2,58.3,0.885,beauty,West,25.0,0.0791
BEA-1031,3 months,2025-01-06,1,1,74.1,84.9,0.997,beauty,South,25.0,0.0791
BEA-1032,3 months,2025-01-06,1,1,82.0,93.8,0.955,beauty,North,25.0,0.0791
BEA-1037,3 months,2025-01-06,1,1,37.7,46.8,0.924,beauty,Central,25.0,0.0791
BOO-1000,3 months,2025-01-06,1,1,19.3,26.9,0.832,books_media,North,20.0,0.0494
BOO-1001,3 months,2025-01-06,1,1,29.9,37.4,1.064,books_media,East,20.0,0.0494
BOO-1002,3 months,2025-01-06,1,1,20.7,28.0,0.9,books_media,Central,20.0,0.0494
BOO-1004,3 months,2025-01-06,1,1,36.4,45.3,1.048,books_media,South,20.0,0.0494
BOO-1005,3 months,2025-01-06,1,1,36.4,45.9,1.049,books_media,Central,20.0,0.0494
BOO-1006,3 months,2025-01-06,1,1,35.1,43.7,1.092,books_media,South,20.0,0.0494
BOO-1007,3 months,2025-01-06,1,1,18.1,23.5,1.073,books_media,West,20.0,0.0494
BOO-1008,3 months,2025-01-06,1,1,32.2,41.4,1.142,books_media,Central,20.0,0.0494
BOO-1011,3 months,2025-01-06,1,1,41.5,51.9,1.073,books_media,South,20.0,0.0494
BOO-1016,3 months,2025-01-06,1,1,16.9,24.2,1.1,books_media,North,20.0,0.0494
BOO-1018,3 months,2025-01-06,1,1,13.3,17.6,1.049,books_media,South,20.0,0.0494
BOO-1022,3 months,2025-01-06,1,1,12.3,16.3,1.171,books_media,Central,20.0,0.0494
BOO-1023,3 months,2025-01-06,1,1,25.0,31.1,0.995,books_media,North,20.0,0.0494
BOO-1024,3 months,2025-01-06,1,1,17.7,23.3,1.038,books_media,East,20.0,0.0494
BOO-1025,3 months,2025-01-06,1,1,45.1,56.5,1.036,books_media,Central,20.0,0.0494
BOO-1026,3 months,2025-01-06,1,1,6.3,9.6,1.115,books_media,West,20.0,0.0494
BOO-1027,3 months,2025-01-06,1,1,5.9,10.2,0.644,books_media,North,20.0,0.0494
BOO-1029,3 months,2025-01-06,1,1,33.1,41.2,1.078,books_media,East,20.0,0.0494
BOO-1031,3 months,2025-01-06,1,1,40.5,51.3,0.908,books_media,West,20.0,0.0494
BOO-1033,3 months,2025-01-06,1,1,7.6,10.3,1.222,books_media,East,20.0,0.0494
BOO-1034,3 months,2025-01-06,1,1,28.7,35.4,0.972,books_media,South,20.0,0.0494
BOO-1038,3 months,2025-01-06,1,1,43.4,54.2,1.057,books_media,North,20.0,0.0494
ELE-1002,3 months,2025-01-06,1,1,83.6,100.3,0.935,electronics,South,180.0,0.0888
ELE-1005,3 months,2025-01-06,1,1,21.2,25.4,1.057,electronics,West,180.0,0.0888
ELE-1006,3 months,2025-01-06,1,1,106.7,132.5,0.964,electronics,North,180.0,0.0888
ELE-1011,3 months,2025-01-06,1,1,19.9,25.3,1.135,electronics,Central,180.0,0.0888
ELE-1012,3 months,2025-01-06,1,1,35.5,43.2,0.958,electronics,South,180.0,0.0888
ELE-1013,3 months,2025-01-06,1,1,24.4,29.3,0.919,electronics,East,180.0,0.0888
ELE-1014,3 months,2025-01-06,1,1,17.7,22.5,0.918,electronics,North,180.0,0.0888
ELE-1017,3 months,2025-01-06,1,1,85.3,106.6,0.824,electronics,South,180.0,0.0888
ELE-1018,3 months,2025-01-06,1,1,37.5,45.1,1.031,electronics,East,180.0,0.0888
ELE-1022,3 months,2025-01-06,1,1,40.3,50.8,0.939,electronics,East,180.0,0.0888
ELE-1023,3 months,2025-01-06,1,1,76.3,89.8,1.015,electronics,North,180.0,0.0888
ELE-1024,3 months,2025-01-06,1,1,35.6,47.3,0.846,electronics,Central,180.0,0.0888
ELE-1026,3 months,2025-01-06,1,1,31.5,40.2,0.913,electronics,Central,180.0,0.0888
ELE-1027,3 months,2025-01-06,1,1,40.6,50.9,1.063,electronics,North,180.0,0.0888
ELE-1029,3 months,2025-01-06,1,1,87.4,102.3,0.971,electronics,North,180.0,0.0888
ELE-1031,3 months,2025-01-06,1,1,97.5,110.6,1.119,electronics,South,180.0,0.0888
ELE-1035,3 months,2025-01-06,1,1,45.1,54.0,1.088,electronics,East,180.0,0.0888
ELE-1036,3 months,2025-01-06,1,1,52.6,64.6,1.131,electronics,North,180.0,0.0888
ELE-1038,3 months,2025-01-06,1,1,89.8,104.1,1.104,electronics,South,180.0,0.0888
GRO-1000,3 months,2025-01-06,1,1,98.8,119.0,1.024,grocery,North,15.0,0.0201
GRO-1002,3 months,2025-01-06,1,1,107.1,129.7,0.936,grocery,North,15.0,0.0201
GRO-1004,3 months,2025-01-06,1,1,157.1,220.4,0.949,grocery,North,15.0,0.0201
GRO-1005,3 months,2025-01-06,1,1,146.6,175.2,0.983,grocery,East,15.0,0.0201
GRO-1006,3 months,2025-01-06,1,1,69.2,85.7,1.012,grocery,West,15.0,0.0201
GRO-1007,3 months,2025-01-06,1,1,131.9,154.8,0.978,grocery,South,15.0,0.0201
GRO-1009,3 months,2025-01-06,1,1,30.7,41.1,0.956,grocery,West,15.0,0.0201
GRO-1012,3 months,2025-01-06,1,1,125.6,219.1,0.991,grocery,North,15.0,0.0201
GRO-1015,3 months,2025-01-06,1,1,69.3,85.5,0.963,grocery,North,15.0,0.0201
GRO-1016,3 months,2025-01-06,1,1,83.9,101.7,0.96,grocery,North,15.0,0.0201
GRO-1017,3 months,2025-01-06,1,1,101.7,121.9,0.94,grocery,South,15.0,0.0201
GRO-1024,3 months,2025-01-06,1,1,65.8,82.0,1.025,grocery,South,15.0,0.0201
GRO-1025,3 months,2025-01-06,1,1,90.1,131.0,0.93,grocery,Central,15.0,0.0201
GRO-1027,3 months,2025-01-06,1,1,65.2,81.4,0.942,grocery,West,15.0,0.0201
GRO-1028,3 months,2025-01-06,1,1,116.2,147.2,0.975,grocery,North,15.0,0.0201
GRO-1030,3 months,2025-01-06,1,1,87.5,105.5,0.97,grocery,West,15.0,0.0201
GRO-1034,3 months,2025-01-06,1,1,94.4,113.2,1.046,grocery,North,15.0,0.0201
GRO-1038,3 months,2025-01-06,1,1,50.5,63.3,1.008,grocery,West,15.0,0.0201
HOM-1001,3 months,2025-01-06,1,1,88.6,120.8,0.954,home_kitchen,Central,60.0,0.0981
HOM-1003,3 months,2025-01-06,1,1,26.7,32.7,1.035,home_kitchen,East,60.0,0.0981
HOM-1006,3 months,2025-01-06,1,1,29.9,40.1,0.934,home_kitchen,West,60.0,0.0981
HOM-1010,3 months,2025-01-06,1,1,27.4,35.0,0.997,home_kitchen,West,60.0,0.0981
HOM-1011,3 months,2025-01-06,1,1,72.8,90.9,0.924,home_kitchen,West,60.0,0.0981
HOM-1013,3 months,2025-01-06,1,1,48.6,61.3,1.02,home_kitchen,East,60.0,0.0981
HOM-1015,3 months,2025-01-06,1,1,26.9,34.9,0.87,home_kitchen,South,60.0,0.0981
HOM-1017,3 months,2025-01-06,1,1,56.8,70.8,0.97,home_kitchen,West,60.0,0.0981
HOM-1019,3 months,2025-01-06,1,1,79.2,96.0,0.956,home_kitchen,East,60.0,0.0981
HOM-1022,3 months,2025-01-06,1,1,89.8,120.2,0.992,home_kitchen,Central,60.0,0.0981
HOM-1024,3 months,2025-01-06,1,1,9.7,16.5,1.002,home_kitchen,Central,60.0,0.0981
HOM-1030,3 months,2025-01-06,1,1,34.3,52.8,0.812,home_kitchen,South,60.0,0.0981
HOM-1032,3 months,2025-01-06,1,1,40.1,50.4,1.002,home_kitchen,East,60.0,0.0981
HOM-1035,3 months,2025-01-06,1,1,37.5,45.6,0.974,home_kitchen,South,60.0,0.0981
HOM-1036,3 months,2025-01-06,1,1,80.3,96.5,0.979,home_kitchen,West,60.0,0.0981
HOM-1037,3 months,2025-01-06,1,1,59.5,74.7,0.917,home_kitchen,West,60.0,0.0981
HOM-1038,3 months,2025-01-06,1,1,28.9,38.5,0.888,home_kitchen,North,60.0,0.0981
HOM-1039,3 months,2025-01-06,1,1,40.5,55.7,0.956,home_kitchen,North,60.0,0.0981
SPO-1001,3 months,2025-01-06,1,1,52.0,62.8,0.936,sports_outdoor,East,70.0,0.1196
SPO-1003,3 months,2025-01-06,1,1,54.8,67.4,0.942,sports_outdoor,North,70.0,0.1196
SPO-1004,3 months,2025-01-06,1,1,26.5,34.6,0.964,sports_outdoor,North,70.0,0.1196
SPO-1005,3 months,2025-01-06,1,1,26.0,32.2,1.193,sports_outdoor,Central,70.0,0.1196
SPO-1007,3 months,2025-01-06,1,1,42.5,51.7,1.034,sports_outdoor,North,70.0,0.1196
SPO-1008,3 months,2025-01-06,1,1,24.9,31.0,1.018,sports_outdoor,South,70.0,0.1196
SPO-1009,3 months,2025-01-06,1,1,19.9,25.7,1.021,sports_outdoor,North,70.0,0.1196
SPO-1012,3 months,2025-01-06,1,1,34.3,43.3,1.061,sports_outdoor,North,70.0,0.1196
SPO-1014,3 months,2025-01-06,1,1,25.1,30.2,1.056,sports_outdoor,Central,70.0,0.1196
SPO-1019,3 months,2025-01-06,1,1,47.2,58.5,0.948,sports_outdoor,West,70.0,0.1196
SPO-1021,3 months,2025-01-06,1,1,11.9,15.5,0.915,sports_outdoor,South,70.0,0.1196
SPO-1024,3 months,2025-01-06,1,1,70.9,82.0,1.039,sports_outdoor,Central,70.0,0.1196
SPO-1026,3 months,2025-01-06,1,1,11.6,17.1,0.972,sports_outdoor,West,70.0,0.1196
SPO-1029,3 months,2025-01-06,1,1,42.2,52.6,1.149,sports_outdoor,South,70.0,0.1196
SPO-1030,3 months,2025-01-06,1,1,17.9,22.8,1.067,sports_outdoor,East,70.0,0.1196
SPO-1032,3 months,2025-01-06,1,1,18.4,23.6,0.975,sports_outdoor,Central,70.0,0.1196
SPO-1034,3 months,2025-01-06,1,1,45.3,56.2,1.075,sports_outdoor,North,70.0,0.1196
SPO-1035,3 months,2025-01-06,1,1,57.0,69.6,1.045,sports_outdoor,West,70.0,0.1196
SPO-1036,3 months,2025-01-06,1,1,30.5,37.5,1.026,sports_outdoor,East,70.0,0.1196
SPO-1039,3 months,2025-01-06,1,1,33.0,40.5,1.061,sports_outdoor,Central,70.0,0.1196
TOY-1002,3 months,2025-01-06,1,1,36.9,44.9,0.963,toys_games,East,35.0,0.0707
TOY-1010,3 months,2025-01-06,1,1,38.2,47.3,1.036,toys_games,Central,35.0,0.0707
TOY-1011,3 months,2025-01-06,1,1,13.1,15.6,1.106,toys_games,South,35.0,0.0707
TOY-1013,3 months,2025-01-06,1,1,52.6,63.5,0.96,toys_games,East,35.0,0.0707
TOY-1018,3 months,2025-01-06,1,1,62.7,72.7,0.981,toys_games,East,35.0,0.0707
TOY-1019,3 months,2025-01-06,1,1,20.7,24.9,0.982,toys_games,Central,35.0,0.0707
TOY-1020,3 months,2025-01-06,1,1,29.4,35.5,1.027,toys_games,South,35.0,0.0707
TOY-1021,3 months,2025-01-06,1,1,91.9,99.0,0.913,toys_games,North,35.0,0.0707
TOY-1024,3 months,2025-01-06,1,1,37.2,46.4,0.847,toys_games,South,35.0,0.0707
TOY-1025,3 months,2025-01-06,1,1,19.0,22.3,0.83,toys_games,West,35.0,0.0707
TOY-1030,3 months,2025-01-06,1,1,24.5,29.4,0.993,toys_games,South,35.0,0.0707
TOY-1031,3 months,2025-01-06,1,1,21.1,25.8,0.829,toys_games,South,35.0,0.0707
TOY-1034,3 months,2025-01-06,1,1,96.7,110.4,1.001,toys_games,North,35.0,0.0707
TOY-1035,3 months,2025-01-06,1,1,71.4,79.7,0.979,toys_games,East,35.0,0.0707
TOY-1038,3 months,2025-01-06,1,1,43.3,52.7,1.089,toys_games,South,35.0,0.0707
APP-1000,3 months,2025-01-13,2,1,79.9,86.1,1.108,apparel,West,45.0,0.2808
APP-1001,3 months,2025-01-13,2,1,102.7,106.6,1.011,apparel,East,45.0,0.2808
APP-1002,3 months,2025-01-13,2,1,97.1,103.0,0.926,apparel,North,45.0,0.2808
APP-1004,3 months,2025-01-13,2,1,167.2,178.6,0.898,apparel,Central,45.0,0.2808
APP-1006,3 months,2025-01-13,2,1,88.2,91.5,0.95,apparel,West,45.0,0.2808
APP-1008,3 months,2025-01-13,2,1,122.7,132.4,0.895,apparel,South,45.0,0.2808
APP-1009,3 months,2025-01-13,2,1,35.6,42.7,0.851,apparel,North,45.0,0.2808
APP-1012,3 months,2025-01-13,2,1,156.2,162.2,0.954,apparel,North,45.0,0.2808
APP-1016,3 months,2025-01-13,2,1,54.0,60.5,0.9,apparel,West,45.0,0.2808
APP-1018,3 months,2025-01-13,2,1,36.0,40.8,1.001,apparel,East,45.0,0.2808
APP-1019,3 months,2025-01-13,2,1,140.1,147.9,1.033,apparel,Central,45.0,0.2808
APP-1020,3 months,2025-01-13,2,1,94.9,103.1,0.862,apparel,South,45.0,0.2808
APP-1022,3 months,2025-01-13,2,1,101.6,108.6,0.885,apparel,South,45.0,0.2808
APP-1023,3 months,2025-01-13,2,1,45.8,52.7,0.924,apparel,West,45.0,0.2808
APP-1025,3 months,2025-01-13,2,1,141.2,185.3,0.905,apparel,Central,45.0,0.2808
APP-1027,3 months,2025-01-13,2,1,78.0,86.2,0.854,apparel,South,45.0,0.2808
APP-1028,3 months,2025-01-13,2,1,88.5,96.5,0.851,apparel,North,45.0,0.2808
APP-1029,3 months,2025-01-13,2,1,118.1,129.3,0.889,apparel,North,45.0,0.2808
APP-1031,3 months,2025-01-13,2,1,19.0,23.0,0.918,apparel,Central,45.0,0.2808
APP-1032,3 months,2025-01-13,2,1,117.2,131.1,0.887,apparel,East,45.0,0.2808
APP-1034,3 months,2025-01-13,2,1,55.8,63.3,0.89,apparel,North,45.0,0.2808
APP-1037,3 months,2025-01-13,2,1,65.7,72.0,0.955,apparel,Central,45.0,0.2808
APP-1038,3 months,2025-01-13,2,1,31.0,35.5,0.929,apparel,North,45.0,0.2808
BEA-1004,3 months,2025-01-13,2,1,83.7,95.6,0.968,beauty,West,25.0,0.0791
BEA-1006,3 months,2025-01-13,2,1,86.9,99.3,0.93,beauty,West,25.0,0.0791
BEA-1007,3 months,2025-01-13,2,1,60.8,74.1,0.87,beauty,South,25.0,0.0791
BEA-1009,3 months,2025-01-13,2,1,71.9,83.0,0.909,beauty,East,25.0,0.0791
BEA-1011,3 months,2025-01-13,2,1,44.2,54.2,0.904,beauty,North,25.0,0.0791
BEA-1012,3 months,2025-01-13,2,1,87.0,100.6,1.062,beauty,Central,25.0,0.0791
BEA-1013,3 months,2025-01-13,2,1,64.1,78.0,0.914,beauty,West,25.0,0.0791
BEA-1014,3 months,2025-01-13,2,1,88.4,106.7,0.903,beauty,West,25.0,0.0791
BEA-1016,3 months,2025-01-13,2,1,51.7,63.3,0.903,beauty,East,25.0,0.0791
BEA-1017,3 months,2025-01-13,2,1,48.8,59.6,0.967,beauty,East,25.0,0.0791
BEA-1018,3 months,2025-01-13,2,1,44.4,61.5,0.807,beauty,North,25.0,0.0791
BEA-1019,3 months,2025-01-13,2,1,39.4,50.4,0.858,beauty,North,25.0,0.0791
BEA-1020,3 months,2025-01-13,2,1,59.4,72.8,0.877,beauty,South,25.0,0.0791
BEA-1021,3 months,2025-01-13,2,1,18.4,25.8,0.852,beauty,Central,25.0,0.0791
BEA-1024,3 months,2025-01-13,2,1,95.3,112.4,0.923,beauty,South,25.0,0.0791
BEA-1025,3 months,2025-01-13,2,1,30.8,38.7,0.91,beauty,West,25.0,0.0791
BEA-1027,3 months,2025-01-13,2,1,58.7,70.7,0.904,beauty,Central,25.0,0.0791
BEA-1028,3 months,2025-01-13,2,1,39.9,49.3,0.957,beauty,South,25.0,0.0791
BEA-1030,3 months,2025-01-13,2,1,49.3,60.7,0.885,beauty,West,25.0,0.0791
BEA-1031,3 months,2025-01-13,2,1,76.9,89.2,0.997,beauty,South,25.0,0.0791
BEA-1032,3 months,2025-01-13,2,1,85.2,98.7,0.955,beauty,North,25.0,0.0791
BEA-1037,3 months,2025-01-13,2,1,39.2,49.6,0.924,beauty,Central,25.0,0.0791
BOO-1000,3 months,2025-01-13,2,1,19.3,26.4,0.832,books_media,North,20.0,0.0494
BOO-1001,3 months,2025-01-13,2,1,29.9,36.4,1.064,books_media,East,20.0,0.0494
BOO-1002,3 months,2025-01-13,2,1,20.6,28.2,0.9,books_media,Central,20.0,0.0494
BOO-1004,3 months,2025-01-13,2,1,35.8,44.4,1.048,books_media,South,20.0,0.0494
BOO-1005,3 months,2025-01-13,2,1,35.8,45.0,1.049,books_media,Central,20.0,0.0494
BOO-1006,3 months,2025-01-13,2,1,34.6,42.9,1.092,books_media,South,20.0,0.0494
BOO-1007,3 months,2025-01-13,2,1,17.8,23.1,1.073,books_media,West,20.0,0.0494
BOO-1008,3 months,2025-01-13,2,1,32.1,40.8,1.142,books_media,Central,20.0,0.0494
BOO-1011,3 months,2025-01-13,2,1,40.8,51.6,1.073,books_media,South,20.0,0.0494
BOO-1016,3 months,2025-01-13,2,1,16.8,24.0,1.1,books_media,North,20.0,0.0494
BOO-1018,3 months,2025-01-13,2,1,13.1,17.4,1.049,books_media,South,20.0,0.0494
BOO-1022,3 months,2025-01-13,2,1,12.6,15.6,1.171,books_media,Central,20.0,0.0494
BOO-1023,3 months,2025-01-13,2,1,25.0,30.7,0.995,books_media,North,20.0,0.0494
BOO-1024,3 months,2025-01-13,2,1,17.0,23.0,1.038,books_media,East,20.0,0.0494
BOO-1025,3 months,2025-01-13,2,1,44.4,56.0,1.036,books_media,Central,20.0,0.0494
BOO-1026,3 months,2025-01-13,2,1,6.5,9.8,1.115,books_media,West,20.0,0.0494
BOO-1027,3 months,2025-01-13,2,1,5.4,10.3,0.644,books_media,North,20.0,0.0494
BOO-1029,3 months,2025-01-13,2,1,32.6,40.5,1.078,books_media,East,20.0,0.0494
BOO-1031,3 months,2025-01-13,2,1,39.9,50.3,0.908,books_media,West,20.0,0.0494
BOO-1033,3 months,2025-01-13,2,1,7.0,11.7,1.222,books_media,East,20.0,0.0494
BOO-1034,3 months,2025-01-13,2,1,28.3,34.7,0.972,books_media,South,20.0,0.0494
BOO-1038,3 months,2025-01-13,2,1,41.6,52.3,1.057,books_media,North,20.0,0.0494
ELE-1002,3 months,2025-01-13,2,1,80.3,97.2,0.935,electronics,South,180.0,0.0888
ELE-1005,3 months,2025-01-13,2,1,21.0,25.7,1.057,electronics,West,180.0,0.0888
ELE-1006,3 months,2025-01-13,2,1,96.5,129.3,0.964,electronics,North,180.0,0.0888
ELE-1011,3 months,2025-01-13,2,1,19.8,25.4,1.135,electronics,Central,180.0,0.0888
ELE-1012,3 months,2025-01-13,2,1,35.0,42.3,0.958,electronics,South,180.0,0.0888
ELE-1013,3 months,2025-01-13,2,1,24.2,29.1,0.919,electronics,East,180.0,0.0888
ELE-1014,3 months,2025-01-13,2,1,17.3,22.2,0.918,electronics,North,180.0,0.0888
ELE-1017,3 months,2025-01-13,2,1,82.6,104.1,0.824,electronics,South,180.0,0.0888
ELE-1018,3 months,2025-01-13,2,1,36.7,44.6,1.031,electronics,East,180.0,0.0888
ELE-1022,3 months,2025-01-13,2,1,38.7,48.8,0.939,electronics,East,180.0,0.0888
ELE-1023,3 months,2025-01-13,2,1,76.2,87.4,1.015,electronics,North,180.0,0.0888
ELE-1024,3 months,2025-01-13,2,1,35.2,46.3,0.846,electronics,Central,180.0,0.0888
ELE-1026,3 months,2025-01-13,2,1,31.7,37.6,0.913,electronics,Central,180.0,0.0888
ELE-1027,3 months,2025-01-13,2,1,40.5,49.7,1.063,electronics,North,180.0,0.0888
ELE-1029,3 months,2025-01-13,2,1,85.6,101.3,0.971,electronics,North,180.0,0.0888
ELE-1031,3 months,2025-01-13,2,1,94.3,107.7,1.119,electronics,South,180.0,0.0888
ELE-1035,3 months,2025-01-13,2,1,44.7,51.6,1.088,electronics,East,180.0,0.0888
ELE-1036,3 months,2025-01-13,2,1,50.9,62.8,1.131,electronics,North,180.0,0.0888
ELE-1038,3 months,2025-01-13,2,1,88.3,101.7,1.104,electronics,South,180.0,0.0888
GRO-1000,3 months,2025-01-13,2,1,99.2,119.4,1.024,grocery,North,15.0,0.0201
GRO-1002,3 months,2025-01-13,2,1,107.5,130.5,0.936,grocery,North,15.0,0.0201
GRO-1004,3 months,2025-01-13,2,1,157.7,221.2,0.949,grocery,North,15.0,0.0201
GRO-1005,3 months,2025-01-13,2,1,147.2,175.6,0.983,grocery,East,15.0,0.0201
GRO-1006,3 months,2025-01-13,2,1,69.1,86.0,1.012,grocery,West,15.0,0.0201
GRO-1007,3 months,2025-01-13,2,1,132.3,155.0,0.978,grocery,South,15.0,0.0201
GRO-1009,3 months,2025-01-13,2,1,30.6,40.8,0.956,grocery,West,15.0,0.0201
GRO-1012,3 months,2025-01-13,2,1,126.1,220.1,0.991,grocery,North,15.0,0.0201
GRO-1015,3 months,2025-01-13,2,1,69.6,86.3,0.963,grocery,North,15.0,0.0201
GRO-1016,3 months,2025-01-13,2,1,84.2,102.1,0.96,grocery,North,15.0,0.0201
GRO-1017,3 months,2025-01-13,2,1,102.1,122.6,0.94,grocery,South,15.0,0.0201
GRO-1024,3 months,2025-01-13,2,1,66.1,82.3,1.025,grocery,South,15.0,0.0201
GRO-1025,3 months,2025-01-13,2,1,72.3,132.6,0.93,grocery,Central,15.0,0.0201
GRO-1027,3 months,2025-01-13,2,1,65.5,81.7,0.942,grocery,West,15.0,0.0201
GRO-1028,3 months,2025-01-13,2,1,116.6,147.9,0.975,grocery,North,15.0,0.0201
GRO-1030,3 months,2025-01-13,2,1,87.9,105.4,0.97,grocery,West,15.0,0.0201
GRO-1034,3 months,2025-01-13,2,1,94.9,113.6,1.046,grocery,North,15.0,0.0201
GRO-1038,3 months,2025-01-13,2,1,50.6,63.9,1.008,grocery,West,15.0,0.0201
HOM-1001,3 months,2025-01-13,2,1,87.5,124.6,0.954,home_kitchen,Central,60.0,0.0981
HOM-1003,3 months,2025-01-13,2,1,27.4,33.2,1.035,home_kitchen,East,60.0,0.0981
HOM-1006,3 months,2025-01-13,2,1,29.9,41.7,0.934,home_kitchen,West,60.0,0.0981
HOM-1010,3 months,2025-01-13,2,1,28.9,35.8,0.997,home_kitchen,West,60.0,0.0981
HOM-1011,3 months,2025-01-13,2,1,73.2,92.2,0.924,home_kitchen,West,60.0,0.0981
HOM-1013,3 months,2025-01-13,2,1,48.2,63.3,1.02,home_kitchen,East,60.0,0.0981
HOM-1015,3 months,2025-01-13,2,1,27.2,36.4,0.87,home_kitchen,South,60.0,0.0981
HOM-1017,3 months,2025-01-13,2,1,59.0,73.4,0.97,home_kitchen,West,60.0,0.0981
HOM-1019,3 months,2025-01-13,2,1,79.2,99.6,0.956,home_kitchen,East,60.0,0.0981
HOM-1022,3 months,2025-01-13,2,1,89.9,126.2,0.992,home_kitchen,Central,60.0,0.0981
HOM-1024,3 months,2025-01-13,2,1,10.1,17.0,1.002,home_kitchen,Central,60.0,0.0981
HOM-1030,3 months,2025-01-13,2,1,34.3,55.1,0.812,home_kitchen,South,60.0,0.0981
HOM-1032,3 months,2025-01-13,2,1,40.2,53.8,1.002,home_kitchen,East,60.0,0.0981
HOM-1035,3 months,2025-01-13,2,1,38.7,48.1,0.974,home_kitchen,South,60.0,0.0981
HOM-1036,3 months,2025-01-13,2,1,80.3,100.4,0.979,home_kitchen,West,60.0,0.0981
HOM-1037,3 months,2025-01-13,2,1,58.5,77.5,0.917,home_kitchen,West,60.0,0.0981
HOM-1038,3 months,2025-01-13,2,1,28.5,40.0,0.888,home_kitchen,North,60.0,0.0981
HOM-1039,3 months,2025-01-13,2,1,40.5,56.5,0.956,home_kitchen,North,60.0,0.0981
SPO-1001,3 months,2025-01-13,2,1,50.3,59.8,0.936,sports_outdoor,East,70.0,0.1196
SPO-1003,3 months,2025-01-13,2,1,54.5,65.3,0.942,sports_outdoor,North,70.0,0.1196
SPO-1004,3 months,2025-01-13,2,1,27.2,33.6,0.964,sports_outdoor,North,70.0,0.1196
SPO-1005,3 months,2025-01-13,2,1,25.5,31.5,1.193,sports_outdoor,Central,70.0,0.1196
SPO-1007,3 months,2025-01-13,2,1,41.7,49.4,1.034,sports_outdoor,North,70.0,0.1196
SPO-1008,3 months,2025-01-13,2,1,24.4,30.4,1.018,sports_outdoor,South,70.0,0.1196
SPO-1009,3 months,2025-01-13,2,1,20.0,25.6,1.021,sports_outdoor,North,70.0,0.1196
SPO-1012,3 months,2025-01-13,2,1,34.4,40.7,1.061,sports_outdoor,North,70.0,0.1196
SPO-1014,3 months,2025-01-13,2,1,25.3,30.4,1.056,sports_outdoor,Central,70.0,0.1196
SPO-1019,3 months,2025-01-13,2,1,46.5,56.8,0.948,sports_outdoor,West,70.0,0.1196
SPO-1021,3 months,2025-01-13,2,1,11.7,14.9,0.915,sports_outdoor,South,70.0,0.1196
SPO-1024,3 months,2025-01-13,2,1,68.7,80.1,1.039,sports_outdoor,Central,70.0,0.1196
SPO-1026,3 months,2025-01-13,2,1,11.5,16.5,0.972,sports_outdoor,West,70.0,0.1196
SPO-1029,3 months,2025-01-13,2,1,42.3,50.4,1.149,sports_outdoor,South,70.0,0.1196
SPO-1030,3 months,2025-01-13,2,1,15.5,21.7,1.067,sports_outdoor,East,70.0,0.1196
SPO-1032,3 months,2025-01-13,2,1,18.2,22.7,0.975,sports_outdoor,Central,70.0,0.1196
SPO-1034,3 months,2025-01-13,2,1,44.5,53.7,1.075,sports_outdoor,North,70.0,0.1196
SPO-1035,3 months,2025-01-13,2,1,57.1,69.1,1.045,sports_outdoor,West,70.0,0.1196
SPO-1036,3 months,2025-01-13,2,1,30.6,36.2,1.026,sports_outdoor,East,70.0,0.1196
SPO-1039,3 months,2025-01-13,2,1,32.3,38.7,1.061,sports_outdoor,Central,70.0,0.1196
TOY-1002,3 months,2025-01-13,2,1,36.7,44.2,0.963,toys_games,East,35.0,0.0707
TOY-1010,3 months,2025-01-13,2,1,38.7,46.0,1.036,toys_games,Central,35.0,0.0707
TOY-1011,3 months,2025-01-13,2,1,13.1,15.7,1.106,toys_games,South,35.0,0.0707
TOY-1013,3 months,2025-01-13,2,1,52.1,62.2,0.96,toys_games,East,35.0,0.0707
TOY-1018,3 months,2025-01-13,2,1,63.5,70.7,0.981,toys_games,East,35.0,0.0707
TOY-1019,3 months,2025-01-13,2,1,20.7,25.2,0.982,toys_games,Central,35.0,0.0707
TOY-1020,3 months,2025-01-13,2,1,30.1,35.8,1.027,toys_games,South,35.0,0.0707
TOY-1021,3 months,2025-01-13,2,1,89.0,95.2,0.913,toys_games,North,35.0,0.0707
TOY-1024,3 months,2025-01-13,2,1,37.6,45.8,0.847,toys_games,South,35.0,0.0707
TOY-1025,3 months,2025-01-13,2,1,18.2,22.4,0.83,toys_games,West,35.0,0.0707
TOY-1030,3 months,2025-01-13,2,1,24.5,30.4,0.993,toys_games,South,35.0,0.0707
TOY-1031,3 months,2025-01-13,2,1,20.6,25.9,0.829,toys_games,South,35.0,0.0707
TOY-1034,3 months,2025-01-13,2,1,94.3,107.4,1.001,toys_games,North,35.0,0.0707
TOY-1035,3 months,2025-01-13,2,1,71.6,77.7,0.979,toys_games,East,35.0,0.0707
TOY-1038,3 months,2025-01-13,2,1,42.5,51.2,1.089,toys_games,South,35.0,0.0707
APP-1000,3 months,2025-01-20,3,1,78.5,89.2,1.108,apparel,West,45.0,0.2808
APP-1001,3 months,2025-01-20,3,1,101.3,108.2,1.011,apparel,East,45.0,0.2808
APP-1002,3 months,2025-01-20,3,1,95.2,104.2,0.926,apparel,North,45.0,0.2808
APP-1004,3 months,2025-01-20,3,1,163.2,181.5,0.898,apparel,Central,45.0,0.2808
APP-1006,3 months,2025-01-20,3,1,85.0,93.1,0.95,apparel,West,45.0,0.2808
APP-1008,3 months,2025-01-20,3,1,117.0,134.3,0.895,apparel,South,45.0,0.2808
APP-1009,3 months,2025-01-20,3,1,34.8,44.0,0.851,apparel,North,45.0,0.2808
APP-1012,3 months,2025-01-20,3,1,154.2,165.4,0.954,apparel,North,45.0,0.2808
APP-1016,3 months,2025-01-20,3,1,51.5,61.3,0.9,apparel,West,45.0,0.2808
APP-1018,3 months,2025-01-20,3,1,35.1,41.8,1.001,apparel,East,45.0,0.2808
APP-1019,3 months,2025-01-20,3,1,130.3,151.3,1.033,apparel,Central,45.0,0.2808
APP-1020,3 months,2025-01-20,3,1,91.7,106.7,0.862,apparel,South,45.0,0.2808
APP-1022,3 months,2025-01-20,3,1,98.8,110.6,0.885,apparel,South,45.0,0.2808
APP-1023,3 months,2025-01-20,3,1,44.3,52.8,0.924,apparel,West,45.0,0.2808
APP-1025,3 months,2025-01-20,3,1,169.1,187.6,0.905,apparel,Central,45.0,0.2808
APP-1027,3 months,2025-01-20,3,1,76.2,87.4,0.854,apparel,South,45.0,0.2808
APP-1028,3 months,2025-01-20,3,1,86.0,97.3,0.851,apparel,North,45.0,0.2808
APP-1029,3 months,2025-01-20,3,1,113.2,131.7,0.889,apparel,North,45.0,0.2808
APP-1031,3 months,2025-01-20,3,1,18.6,23.3,0.918,apparel,Central,45.0,0.2808
APP-1032,3 months,2025-01-20,3,1,114.9,133.5,0.887,apparel,East,45.0,0.2808
APP-1034,3 months,2025-01-20,3,1,54.6,64.9,0.89,apparel,North,45.0,0.2808
APP-1037,3 months,2025-01-20,3,1,64.1,72.5,0.955,apparel,Central,45.0,0.2808
APP-1038,3 months,2025-01-20,3,1,30.0,35.4,0.929,apparel,North,45.0,0.2808
BEA-1004,3 months,2025-01-20,3,1,83.4,92.6,0.968,beauty,West,25.0,0.0791
BEA-1006,3 months,2025-01-20,3,1,88.4,96.1,0.93,beauty,West,25.0,0.0791
BEA-1007,3 months,2025-01-20,3,1,61.5,72.9,0.87,beauty,South,25.0,0.0791
BEA-1009,3 months,2025-01-20,3,1,72.1,80.4,0.909,beauty,East,25.0,0.0791
BEA-1011,3 months,2025-01-20,3,1,43.5,53.0,0.904,beauty,North,25.0,0.0791
BEA-1012,3 months,2025-01-20,3,1,88.1,98.1,1.062,beauty,Central,25.0,0.0791
BEA-1013,3 months,2025-01-20,3,1,65.0,75.5,0.914,beauty,West,25.0,0.0791
BEA-1014,3 months,2025-01-20,3,1,88.4,104.2,0.903,beauty,West,25.0,0.0791
BEA-1016,3 months,2025-01-20,3,1,52.3,61.7,0.903,beauty,East,25.0,0.0791
BEA-1017,3 months,2025-01-20,3,1,49.3,59.1,0.967,beauty,East,25.0,0.0791
BEA-1018,3 months,2025-01-20,3,1,45.0,60.1,0.807,beauty,North,25.0,0.0791
BEA-1019,3 months,2025-01-20,3,1,39.2,48.9,0.858,beauty,North,25.0,0.0791
BEA-1020,3 months,2025-01-20,3,1,60.9,70.6,0.877,beauty,South,25.0,0.0791
BEA-1021,3 months,2025-01-20,3,1,18.3,25.3,0.852,beauty,Central,25.0,0.0791
BEA-1024,3 months,2025-01-20,3,1,88.8,109.3,0.923,beauty,South,25.0,0.0791
BEA-1025,3 months,2025-01-20,3,1,31.3,37.8,0.91,beauty,West,25.0,0.0791
BEA-1027,3 months,2025-01-20,3,1,58.7,68.9,0.904,beauty,Central,25.0,0.0791
BEA-1028,3 months,2025-01-20,3,1,39.4,48.1,0.957,beauty,South,25.0,0.0791
BEA-1030,3 months,2025-01-20,3,1,49.3,59.0,0.885,beauty,West,25.0,0.0791
BEA-1031,3 months,2025-01-20,3,1,78.0,87.3,0.997,beauty,South,25.0,0.0791
BEA-1032,3 months,2025-01-20,3,1,86.2,96.2,0.955,beauty,North,25.0,0.0791
BEA-1037,3 months,2025-01-20,3,1,39.3,48.0,0.924,beauty,Central,25.0,0.0791
BOO-1000,3 months,2025-01-20,3,1,18.9,26.6,0.832,books_media,North,20.0,0.0494
BOO-1001,3 months,2025-01-20,3,1,29.9,37.3,1.064,books_media,East,20.0,0.0494
BOO-1002,3 months,2025-01-20,3,1,20.8,28.4,0.9,books_media,Central,20.0,0.0494
BOO-1004,3 months,2025-01-20,3,1,35.9,43.9,1.048,books_media,South,20.0,0.0494
BOO-1005,3 months,2025-01-20,3,1,36.1,44.3,1.049,books_media,Central,20.0,0.0494
BOO-1006,3 months,2025-01-20,3,1,34.8,42.6,1.092,books_media,South,20.0,0.0494
BOO-1007,3 months,2025-01-20,3,1,17.1,22.9,1.073,books_media,West,20.0,0.0494
BOO-1008,3 months,2025-01-20,3,1,32.3,40.2,1.142,books_media,Central,20.0,0.0494
BOO-1011,3 months,2025-01-20,3,1,40.1,50.4,1.073,books_media,South,20.0,0.0494
BOO-1016,3 months,2025-01-20,3,1,17.6,23.9,1.1,books_media,North,20.0,0.0494
BOO-1018,3 months,2025-01-20,3,1,12.8,16.5,1.049,books_media,South,20.0,0.0494
BOO-1022,3 months,2025-01-20,3,1,11.5,15.6,1.171,books_media,Central,20.0,0.0494
BOO-1023,3 months,2025-01-20,3,1,24.3,30.0,0.995,books_media,North,20.0,0.0494
BOO-1024,3 months,2025-01-20,3,1,16.8,22.3,1.038,books_media,East,20.0,0.0494
BOO-1025,3 months,2025-01-20,3,1,44.7,55.3,1.036,books_media,Central,20.0,0.0494
BOO-1026,3 months,2025-01-20,3,1,7.2,10.1,1.115,books_media,West,20.0,0.0494
BOO-1027,3 months,2025-01-20,3,1,5.6,10.6,0.644,books_media,North,20.0,0.0494
BOO-1029,3 months,2025-01-20,3,1,32.9,40.4,1.078,books_media,East,20.0,0.0494
BOO-1031,3 months,2025-01-20,3,1,40.3,50.1,0.908,books_media,West,20.0,0.0494
BOO-1033,3 months,2025-01-20,3,1,7.6,11.2,1.222,books_media,East,20.0,0.0494
BOO-1034,3 months,2025-01-20,3,1,27.6,34.2,0.972,books_media,South,20.0,0.0494
BOO-1038,3 months,2025-01-20,3,1,42.4,52.5,1.057,books_media,North,20.0,0.0494
ELE-1002,3 months,2025-01-20,3,1,92.3,102.9,0.935,electronics,South,180.0,0.0888
ELE-1005,3 months,2025-01-20,3,1,23.4,29.1,1.057,electronics,West,180.0,0.0888
ELE-1006,3 months,2025-01-20,3,1,108.4,143.9,0.964,electronics,North,180.0,0.0888
ELE-1011,3 months,2025-01-20,3,1,22.5,28.2,1.135,electronics,Central,180.0,0.0888
ELE-1012,3 months,2025-01-20,3,1,38.2,46.9,0.958,electronics,South,180.0,0.0888
ELE-1013,3 months,2025-01-20,3,1,26.2,31.8,0.919,electronics,East,180.0,0.0888
ELE-1014,3 months,2025-01-20,3,1,19.2,25.0,0.918,electronics,North,180.0,0.0888
ELE-1017,3 months,2025-01-20,3,1,94.4,112.6,0.824,electronics,South,180.0,0.0888
ELE-1018,3 months,2025-01-20,3,1,40.3,49.1,1.031,electronics,East,180.0,0.0888
ELE-1022,3 months,2025-01-20,3,1,44.7,54.8,0.939,electronics,East,180.0,0.0888
ELE-1023,3 months,2025-01-20,3,1,84.8,94.4,1.015,electronics,North,180.0,0.0888
ELE-1024,3 months,2025-01-20,3,1,38.8,51.4,0.846,electronics,Central,180.0,0.0888
ELE-1026,3 months,2025-01-20,3,1,35.2,43.2,0.913,electronics,Central,180.0,0.0888
ELE-1027,3 months,2025-01-20,3,1,44.7,55.1,1.063,electronics,North,180.0,0.0888
ELE-1029,3 months,2025-01-20,3,1,94.7,107.1,0.971,electronics,North,180.0,0.0888
ELE-1031,3 months,2025-01-20,3,1,107.9,120.6,1.119,electronics,South,180.0,0.0888
ELE-1035,3 months,2025-01-20,3,1,48.2,58.5,1.088,electronics,East,180.0,0.0888
ELE-1036,3 months,2025-01-20,3,1,57.2,69.8,1.131,electronics,North,180.0,0.0888
ELE-1038,3 months,2025-01-20,3,1,97.8,108.7,1.104,electronics,South,180.0,0.0888
GRO-1000,3 months,2025-01-20,3,1,96.4,112.9,1.024,grocery,North,15.0,0.0201
GRO-1002,3 months,2025-01-20,3,1,106.3,121.8,0.936,grocery,North,15.0,0.0201
GRO-1004,3 months,2025-01-20,3,1,179.2,216.9,0.949,grocery,North,15.0,0.0201
GRO-1005,3 months,2025-01-20,3,1,134.6,167.8,0.983,grocery,East,15.0,0.0201
GRO-1006,3 months,2025-01-20,3,1,67.6,81.0,1.012,grocery,West,15.0,0.0201
GRO-1007,3 months,2025-01-20,3,1,127.5,148.0,0.978,grocery,South,15.0,0.0201
GRO-1009,3 months,2025-01-20,3,1,29.9,40.0,0.956,grocery,West,15.0,0.0201
GRO-1012,3 months,2025-01-20,3,1,150.2,211.5,0.991,grocery,North,15.0,0.0201
GRO-1015,3 months,2025-01-20,3,1,66.3,80.1,0.963,grocery,North,15.0,0.0201
GRO-1016,3 months,2025-01-20,3,1,83.8,97.5,0.96,grocery,North,15.0,0.0201
GRO-1017,3 months,2025-01-20,3,1,98.8,116.3,0.94,grocery,South,15.0,0.0201
GRO-1024,3 months,2025-01-20,3,1,64.9,78.8,1.025,grocery,South,15.0,0.0201
GRO-1025,3 months,2025-01-20,3,1,89.3,126.6,0.93,grocery,Central,15.0,0.0201
GRO-1027,3 months,2025-01-20,3,1,64.4,78.0,0.942,grocery,West,15.0,0.0201
GRO-1028,3 months,2025-01-20,3,1,115.4,141.8,0.975,grocery,North,15.0,0.0201
GRO-1030,3 months,2025-01-20,3,1,86.5,101.1,0.97,grocery,West,15.0,0.0201
GRO-1034,3 months,2025-01-20,3,1,92.5,106.9,1.046,grocery,North,15.0,0.0201
GRO-1038,3 months,2025-01-20,3,1,49.7,60.5,1.008,grocery,West,15.0,0.0201
HOM-1001,3 months,2025-01-20,3,1,91.0,113.9,0.954,home_kitchen,Central,60.0,0.0981
HOM-1003,3 months,2025-01-20,3,1,27.3,30.8,1.035,home_kitchen,East,60.0,0.0981
HOM-1006,3 months,2025-01-20,3,1,29.6,38.8,0.934,home_kitchen,West,60.0,0.0981
HOM-1010,3 months,2025-01-20,3,1,26.8,34.3,0.997,home_kitchen,West,60.0,0.0981
HOM-1011,3 months,2025-01-20,3,1,72.6,89.0,0.924,home_kitchen,West,60.0,0.0981
HOM-1013,3 months,2025-01-20,3,1,46.1,59.2,1.02,home_kitchen,East,60.0,0.0981
HOM-1015,3 months,2025-01-20,3,1,26.9,34.4,0.87,home_kitchen,South,60.0,0.0981
HOM-1017,3 months,2025-01-20,3,1,57.1,68.1,0.97,home_kitchen,West,60.0,0.0981
HOM-1019,3 months,2025-01-20,3,1,77.7,93.1,0.956,home_kitchen,East,60.0,0.0981
HOM-1022,3 months,2025-01-20,3,1,94.3,114.7,0.992,home_kitchen,Central,60.0,0.0981
HOM-1024,3 months,2025-01-20,3,1,10.6,16.0,1.002,home_kitchen,Central,60.0,0.0981
HOM-1030,3 months,2025-01-20,3,1,35.2,52.2,0.812,home_kitchen,South,60.0,0.0981
HOM-1032,3 months,2025-01-20,3,1,39.9,51.7,1.002,home_kitchen,East,60.0,0.0981
HOM-1035,3 months,2025-01-20,3,1,38.0,45.9,0.974,home_kitchen,South,60.0,0.0981
HOM-1036,3 months,2025-01-20,3,1,78.0,94.2,0.979,home_kitchen,West,60.0,0.0981
HOM-1037,3 months,2025-01-20,3,1,58.0,72.6,0.917,home_kitchen,West,60.0,0.0981
HOM-1038,3 months,2025-01-20,3,1,27.9,37.7,0.888,home_kitchen,North,60.0,0.0981
HOM-1039,3 months,2025-01-20,3,1,41.6,53.8,0.956,home_kitchen,North,60.0,0.0981
SPO-1001,3 months,2025-01-20,3,1,52.3,62.3,0.936,sports_outdoor,East,70.0,0.1196
SPO-1003,3 months,2025-01-20,3,1,55.9,66.9,0.942,sports_outdoor,North,70.0,0.1196
SPO-1004,3 months,2025-01-20,3,1,27.1,34.6,0.964,sports_outdoor,North,70.0,0.1196
SPO-1005,3 months,2025-01-20,3,1,25.8,30.8,1.193,sports_outdoor,Central,70.0,0.1196
SPO-1007,3 months,2025-01-20,3,1,42.0,51.0,1.034,sports_outdoor,North,70.0,0.1196
SPO-1008,3 months,2025-01-20,3,1,25.2,31.3,1.018,sports_outdoor,South,70.0,0.1196
SPO-1009,3 months,2025-01-20,3,1,20.2,25.4,1.021,sports_outdoor,North,70.0,0.1196
SPO-1012,3 months,2025-01-20,3,1,34.8,43.1,1.061,sports_outdoor,North,70.0,0.1196
SPO-1014,3 months,2025-01-20,3,1,25.9,30.1,1.056,sports_outdoor,Central,70.0,0.1196
SPO-1019,3 months,2025-01-20,3,1,47.4,58.0,0.948,sports_outdoor,West,70.0,0.1196
SPO-1021,3 months,2025-01-20,3,1,12.1,15.2,0.915,sports_outdoor,South,70.0,0.1196
SPO-1024,3 months,2025-01-20,3,1,72.4,82.9,1.039,sports_outdoor,Central,70.0,0.1196
SPO-1026,3 months,2025-01-20,3,1,11.8,16.8,0.972,sports_outdoor,West,70.0,0.1196
SPO-1029,3 months,2025-01-20,3,1,43.6,52.9,1.149,sports_outdoor,South,70.0,0.1196
SPO-1030,3 months,2025-01-20,3,1,15.7,22.4,1.067,sports_outdoor,East,70.0,0.1196
SPO-1032,3 months,2025-01-20,3,1,18.6,23.1,0.975,sports_outdoor,Central,70.0,0.1196
SPO-1034,3 months,2025-01-20,3,1,46.6,55.8,1.075,sports_outdoor,North,70.0,0.1196
SPO-1035,3 months,2025-01-20,3,1,58.3,72.1,1.045,sports_outdoor,West,70.0,0.1196
SPO-1036,3 months,2025-01-20,3,1,31.0,37.8,1.026,sports_outdoor,East,70.0,0.1196
SPO-1039,3 months,2025-01-20,3,1,33.5,40.4,1.061,sports_outdoor,Central,70.0,0.1196
TOY-1002,3 months,2025-01-20,3,1,36.5,45.8,0.963,toys_games,East,35.0,0.0707
TOY-1010,3 months,2025-01-20,3,1,39.1,47.5,1.036,toys_games,Central,35.0,0.0707
TOY-1011,3 months,2025-01-20,3,1,13.5,16.3,1.106,toys_games,South,35.0,0.0707
TOY-1013,3 months,2025-01-20,3,1,53.2,64.5,0.96,toys_games,East,35.0,0.0707
TOY-1018,3 months,2025-01-20,3,1,63.6,73.8,0.981,toys_games,East,35.0,0.0707
TOY-1019,3 months,2025-01-20,3,1,21.1,26.4,0.982,toys_games,Central,35.0,0.0707
TOY-1020,3 months,2025-01-20,3,1,28.8,36.5,1.027,toys_games,South,35.0,0.0707
TOY-1021,3 months,2025-01-20,3,1,90.5,97.7,0.913,toys_games,North,35.0,0.0707
TOY-1024,3 months,2025-01-20,3,1,37.3,47.5,0.847,toys_games,South,35.0,0.0707
TOY-1025,3 months,2025-01-20,3,1,18.3,23.4,0.83,toys_games,West,35.0,0.0707
TOY-1030,3 months,2025-01-20,3,1,24.8,32.0,0.993,toys_games,South,35.0,0.0707
TOY-1031,3 months,2025-01-20,3,1,21.1,26.5,0.829,toys_games,South,35.0,0.0707
TOY-1034,3 months,2025-01-20,3,1,98.6,113.4,1.001,toys_games,North,35.0,0.0707
TOY-1035,3 months,2025-01-20,3,1,71.5,81.7,0.979,toys_games,East,35.0,0.0707
TOY-1038,3 months,2025-01-20,3,1,42.2,53.9,1.089,toys_games,South,35.0,0.0707
APP-1000,3 months,2025-01-27,4,1,82.2,89.1,1.108,apparel,West,45.0,0.2808
APP-1001,3 months,2025-01-27,4,1,106.0,113.2,1.011,apparel,East,45.0,0.2808
APP-1002,3 months,2025-01-27,4,1,99.5,108.8,0.926,apparel,North,45.0,0.2808
APP-1004,3 months,2025-01-27,4,1,167.5,192.8,0.898,apparel,Central,45.0,0.2808
APP-1006,3 months,2025-01-27,4,1,88.1,97.6,0.95,apparel,West,45.0,0.2808
APP-1008,3 months,2025-01-27,4,1,115.2,138.3,0.895,apparel,South,45.0,0.2808
APP-1009,3 months,2025-01-27,4,1,35.7,45.2,0.851,apparel,North,45.0,0.2808
APP-1012,3 months,2025-01-27,4,1,141.9,174.6,0.954,apparel,North,45.0,0.2808
APP-1016,3 months,2025-01-27,4,1,53.5,64.1,0.9,apparel,West,45.0,0.2808
APP-1018,3 months,2025-01-27,4,1,35.8,43.6,1.001,apparel,East,45.0,0.2808
APP-1019,3 months,2025-01-27,4,1,112.6,163.7,1.033,apparel,Central,45.0,0.2808
APP-1020,3 months,2025-01-27,4,1,94.7,111.3,0.862,apparel,South,45.0,0.2808
APP-1022,3 months,2025-01-27,4,1,100.7,115.3,0.885,apparel,South,45.0,0.2808
APP-1023,3 months,2025-01-27,4,1,44.8,55.5,0.924,apparel,West,45.0,0.2808
APP-1025,3 months,2025-01-27,4,1,149.5,195.9,0.905,apparel,Central,45.0,0.2808
APP-1027,3 months,2025-01-27,4,1,78.6,89.9,0.854,apparel,South,45.0,0.2808
APP-1028,3 months,2025-01-27,4,1,89.1,101.8,0.851,apparel,North,45.0,0.2808
APP-1029,3 months,2025-01-27,4,1,116.9,134.4,0.889,apparel,North,45.0,0.2808
APP-1031,3 months,2025-01-27,4,1,20.0,25.6,0.918,apparel,Central,45.0,0.2808
APP-1032,3 months,2025-01-27,4,1,118.8,136.9,0.887,apparel,East,45.0,0.2808
APP-1034,3 months,2025-01-27,4,1,56.4,67.5,0.89,apparel,North,45.0,0.2808
APP-1037,3 months,2025-01-27,4,1,66.9,76.4,0.955,apparel,Central,45.0,0.2808
APP-1038,3 months,2025-01-27,4,1,31.2,36.8,0.929,apparel,North,45.0,0.2808
BEA-1004,3 months,2025-01-27,4,1,79.0,90.8,0.968,beauty,West,25.0,0.0791
BEA-1006,3 months,2025-01-27,4,1,80.1,94.3,0.93,beauty,West,25.0,0.0791
BEA-1007,3 months,2025-01-27,4,1,59.1,71.2,0.87,beauty,South,25.0,0.0791
BEA-1009,3 months,2025-01-27,4,1,69.7,80.4,0.909,beauty,East,25.0,0.0791
BEA-1011,3 months,2025-01-27,4,1,41.8,52.6,0.904,beauty,North,25.0,0.0791
BEA-1012,3 months,2025-01-27,4,1,83.3,95.6,1.062,beauty,Central,25.0,0.0791
BEA-1013,3 months,2025-01-27,4,1,62.4,74.8,0.914,beauty,West,25.0,0.0791
BEA-1014,3 months,2025-01-27,4,1,85.9,102.6,0.903,beauty,West,25.0,0.0791
BEA-1016,3 months,2025-01-27,4,1,50.0,60.5,0.903,beauty,East,25.0,0.0791
BEA-1017,3 months,2025-01-27,4,1,47.4,57.3,0.967,beauty,East,25.0,0.0791
BEA-1018,3 months,2025-01-27,4,1,43.1,59.0,0.807,beauty,North,25.0,0.0791
BEA-1019,3 months,2025-01-27,4,1,38.2,49.1,0.858,beauty,North,25.0,0.0791
BEA-1020,3 months,2025-01-27,4,1,57.4,69.5,0.877,beauty,South,25.0,0.0791
BEA-1021,3 months,2025-01-27,4,1,17.2,24.5,0.852,beauty,Central,25.0,0.0791
BEA-1024,3 months,2025-01-27,4,1,90.9,108.2,0.923,beauty,South,25.0,0.0791
BEA-1025,3 months,2025-01-27,4,1,30.1,37.8,0.91,beauty,West,25.0,0.0791
BEA-1027,3 months,2025-01-27,4,1,56.8,68.1,0.904,beauty,Central,25.0,0.0791
BEA-1028,3 months,2025-01-27,4,1,37.7,47.9,0.957,beauty,South,25.0,0.0791
BEA-1030,3 months,2025-01-27,4,1,47.6,58.5,0.885,beauty,West,25.0,0.0791
BEA-1031,3 months,2025-01-27,4,1,74.3,85.3,0.997,beauty,South,25.0,0.0791
BEA-1032,3 months,2025-01-27,4,1,81.7,94.6,0.955,beauty,North,25.0,0.0791
BEA-1037,3 months,2025-01-27,4,1,38.0,47.8,0.924,beauty,Central,25.0,0.0791
BOO-1000,3 months,2025-01-27,4,1,18.5,26.2,0.832,books_media,North,20.0,0.0494
BOO-1001,3 months,2025-01-27,4,1,29.4,35.9,1.064,books_media,East,20.0,0.0494
BOO-1002,3 months,2025-01-27,4,1,20.5,28.9,0.9,books_media,Central,20.0,0.0494
BOO-1004,3 months,2025-01-27,4,1,35.4,43.8,1.048,books_media,South,20.0,0.0494
BOO-1005,3 months,2025-01-27,4,1,35.6,44.8,1.049,books_media,Central,20.0,0.0494
BOO-1006,3 months,2025-01-27,4,1,34.5,42.6,1.092,books_media,South,20.0,0.0494
BOO-1007,3 months,2025-01-27,4,1,17.0,23.2,1.073,books_media,West,20.0,0.0494
BOO-1008,3 months,2025-01-27,4,1,31.8,40.0,1.142,books_media,Central,20.0,0.0494
BOO-1011,3 months,2025-01-27,4,1,39.5,50.1,1.073,books_media,South,20.0,0.0494
BOO-1016,3 months,2025-01-27,4,1,17.3,23.7,1.1,books_media,North,20.0,0.0494
BOO-1018,3 months,2025-01-27,4,1,12.7,16.5,1.049,books_media,South,20.0,0.0494
BOO-1022,3 months,2025-01-27,4,1,12.1,15.7,1.171,books_media,Central,20.0,0.0494
BOO-1023,3 months,2025-01-27,4,1,23.8,30.0,0.995,books_media,North,20.0,0.0494
BOO-1024,3 months,2025-01-27,4,1,16.3,22.3,1.038,books_media,East,20.0,0.0494
BOO-1025,3 months,2025-01-27,4,1,44.0,55.1,1.036,books_media,Central,20.0,0.0494
BOO-1026,3 months,2025-01-27,4,1,6.9,10.5,1.115,books_media,West,20.0,0.0494
BOO-1027,3 months,2025-01-27,4,1,5.6,11.2,0.644,books_media,North,20.0,0.0494
BOO-1029,3 months,2025-01-27,4,1,32.4,40.2,1.078,books_media,East,20.0,0.0494
BOO-1031,3 months,2025-01-27,4,1,39.7,50.2,0.908,books_media,West,20.0,0.0494
BOO-1033,3 months,2025-01-27,4,1,7.4,11.1,1.222,books_media,East,20.0,0.0494
BOO-1034,3 months,2025-01-27,4,1,27.0,34.0,0.972,books_media,South,20.0,0.0494
BOO-1038,3 months,2025-01-27,4,1,41.7,52.3,1.057,books_media,North,20.0,0.0494
ELE-1002,3 months,2025-01-27,4,1,82.8,93.0,0.935,electronics,South,180.0,0.0888
ELE-1005,3 months,2025-01-27,4,1,20.8,26.2,1.057,electronics,West,180.0,0.0888
ELE-1006,3 months,2025-01-27,4,1,100.9,127.2,0.964,electronics,North,180.0,0.0888
ELE-1011,3 months,2025-01-27,4,1,19.7,26.6,1.135,electronics,Central,180.0,0.0888
ELE-1012,3 months,2025-01-27,4,1,34.5,43.4,0.958,electronics,South,180.0,0.0888
ELE-1013,3 months,2025-01-27,4,1,23.4,29.8,0.919,electronics,East,180.0,0.0888
ELE-1014,3 months,2025-01-27,4,1,17.4,23.5,0.918,electronics,North,180.0,0.0888
ELE-1017,3 months,2025-01-27,4,1,86.9,101.4,0.824,electronics,South,180.0,0.0888
ELE-1018,3 months,2025-01-27,4,1,36.8,45.1,1.031,electronics,East,180.0,0.0888
ELE-1022,3 months,2025-01-27,4,1,40.5,49.8,0.939,electronics,East,180.0,0.0888
ELE-1023,3 months,2025-01-27,4,1,76.4,84.3,1.015,electronics,North,180.0,0.0888
ELE-1024,3 months,2025-01-27,4,1,35.8,46.9,0.846,electronics,Central,180.0,0.0888
ELE-1026,3 months,2025-01-27,4,1,30.8,38.7,0.913,electronics,Central,180.0,0.0888
ELE-1027,3 months,2025-01-27,4,1,40.5,50.1,1.063,electronics,North,180.0,0.0888
ELE-1029,3 months,2025-01-27,4,1,85.5,95.5,0.971,electronics,North,180.0,0.0888
ELE-1031,3 months,2025-01-27,4,1,97.3,108.2,1.119,electronics,South,180.0,0.0888
ELE-1035,3 months,2025-01-27,4,1,43.9,54.2,1.088,electronics,East,180.0,0.0888
ELE-1036,3 months,2025-01-27,4,1,51.7,63.1,1.131,electronics,North,180.0,0.0888
ELE-1038,3 months,2025-01-27,4,1,89.6,97.7,1.104,electronics,South,180.0,0.0888
GRO-1000,3 months,2025-01-27,4,1,95.6,111.9,1.024,grocery,North,15.0,0.0201
GRO-1002,3 months,2025-01-27,4,1,105.6,121.3,0.936,grocery,North,15.0,0.0201
GRO-1004,3 months,2025-01-27,4,1,178.7,218.1,0.949,grocery,North,15.0,0.0201
GRO-1005,3 months,2025-01-27,4,1,133.5,166.3,0.983,grocery,East,15.0,0.0201
GRO-1006,3 months,2025-01-27,4,1,67.0,80.3,1.012,grocery,West,15.0,0.0201
GRO-1007,3 months,2025-01-27,4,1,126.7,147.0,0.978,grocery,South,15.0,0.0201
GRO-1009,3 months,2025-01-27,4,1,29.6,39.5,0.956,grocery,West,15.0,0.0201
GRO-1012,3 months,2025-01-27,4,1,157.1,210.7,0.991,grocery,North,15.0,0.0201
GRO-1015,3 months,2025-01-27,4,1,65.8,79.3,0.963,grocery,North,15.0,0.0201
GRO-1016,3 months,2025-01-27,4,1,83.1,96.6,0.96,grocery,North,15.0,0.0201
GRO-1017,3 months,2025-01-27,4,1,97.9,114.4,0.94,grocery,South,15.0,0.0201
GRO-1024,3 months,2025-01-27,4,1,64.5,77.6,1.025,grocery,South,15.0,0.0201
GRO-1025,3 months,2025-01-27,4,1,88.5,125.7,0.93,grocery,Central,15.0,0.0201
GRO-1027,3 months,2025-01-27,4,1,63.8,77.3,0.942,grocery,West,15.0,0.0201
GRO-1028,3 months,2025-01-27,4,1,108.7,140.1,0.975,grocery,North,15.0,0.0201
GRO-1030,3 months,2025-01-27,4,1,85.7,99.8,0.97,grocery,West,15.0,0.0201
GRO-1034,3 months,2025-01-27,4,1,92.1,107.2,1.046,grocery,North,15.0,0.0201
GRO-1038,3 months,2025-01-27,4,1,49.3,60.0,1.008,grocery,West,15.0,0.0201
HOM-1001,3 months,2025-01-27,4,1,90.8,114.8,0.954,home_kitchen,Central,60.0,0.0981
HOM-1003,3 months,2025-01-27,4,1,25.7,31.7,1.035,home_kitchen,East,60.0,0.0981
HOM-1006,3 months,2025-01-27,4,1,29.6,39.0,0.934,home_kitchen,West,60.0,0.0981
HOM-1010,3 months,2025-01-27,4,1,26.1,34.6,0.997,home_kitchen,West,60.0,0.0981
HOM-1011,3 months,2025-01-27,4,1,72.5,87.6,0.924,home_kitchen,West,60.0,0.0981
HOM-1013,3 months,2025-01-27,4,1,47.2,59.6,1.02,home_kitchen,East,60.0,0.0981
HOM-1015,3 months,2025-01-27,4,1,25.9,34.6,0.87,home_kitchen,South,60.0,0.0981
HOM-1017,3 months,2025-01-27,4,1,56.7,68.6,0.97,home_kitchen,West,60.0,0.0981
HOM-1019,3 months,2025-01-27,4,1,77.6,93.8,0.956,home_kitchen,East,60.0,0.0981
HOM-1022,3 months,2025-01-27,4,1,94.1,115.6,0.992,home_kitchen,Central,60.0,0.0981
HOM-1024,3 months,2025-01-27,4,1,11.0,16.4,1.002,home_kitchen,Central,60.0,0.0981
HOM-1030,3 months,2025-01-27,4,1,35.1,53.2,0.812,home_kitchen,South,60.0,0.0981
HOM-1032,3 months,2025-01-27,4,1,39.8,51.1,1.002,home_kitchen,East,60.0,0.0981
HOM-1035,3 months,2025-01-27,4,1,37.9,46.1,0.974,home_kitchen,South,60.0,0.0981
HOM-1036,3 months,2025-01-27,4,1,77.8,94.9,0.979,home_kitchen,West,60.0,0.0981
HOM-1037,3 months,2025-01-27,4,1,58.1,74.5,0.917,home_kitchen,West,60.0,0.0981
HOM-1038,3 months,2025-01-27,4,1,27.9,37.8,0.888,home_kitchen,North,60.0,0.0981
HOM-1039,3 months,2025-01-27,4,1,40.4,54.5,0.956,home_kitchen,North,60.0,0.0981
SPO-1001,3 months,2025-01-27,4,1,52.1,62.1,0.936,sports_outdoor,East,70.0,0.1196
SPO-1003,3 months,2025-01-27,4,1,55.6,67.0,0.942,sports_outdoor,North,70.0,0.1196
SPO-1004,3 months,2025-01-27,4,1,27.0,34.8,0.964,sports_outdoor,North,70.0,0.1196
SPO-1005,3 months,2025-01-27,4,1,25.7,30.8,1.193,sports_outdoor,Central,70.0,0.1196
SPO-1007,3 months,2025-01-27,4,1,41.9,50.9,1.034,sports_outdoor,North,70.0,0.1196
SPO-1008,3 months,2025-01-27,4,1,25.1,31.1,1.018,sports_outdoor,South,70.0,0.1196
SPO-1009,3 months,2025-01-27,4,1,20.3,25.8,1.021,sports_outdoor,North,70.0,0.1196
SPO-1012,3 months,2025-01-27,4,1,34.6,43.3,1.061,sports_outdoor,North,70.0,0.1196
SPO-1014,3 months,2025-01-27,4,1,25.8,30.2,1.056,sports_outdoor,Central,70.0,0.1196
SPO-1019,3 months,2025-01-27,4,1,47.2,58.1,0.948,sports_outdoor,West,70.0,0.1196
SPO-1021,3 months,2025-01-27,4,1,12.0,15.3,0.915,sports_outdoor,South,70.0,0.1196
SPO-1024,3 months,2025-01-27,4,1,72.1,82.8,1.039,sports_outdoor,Central,70.0,0.1196
SPO-1026,3 months,2025-01-27,4,1,11.6,16.9,0.972,sports_outdoor,West,70.0,0.1196
SPO-1029,3 months,2025-01-27,4,1,43.4,52.9,1.149,sports_outdoor,South,70.0,0.1196
SPO-1030,3 months,2025-01-27,4,1,15.7,22.1,1.067,sports_outdoor,East,70.0,0.1196
SPO-1032,3 months,2025-01-27,4,1,18.7,23.7,0.975,sports_outdoor,Central,70.0,0.1196
SPO-1034,3 months,2025-01-27,4,1,45.9,55.8,1.075,sports_outdoor,North,70.0,0.1196
SPO-1035,3 months,2025-01-27,4,1,57.8,71.5,1.045,sports_outdoor,West,70.0,0.1196
SPO-1036,3 months,2025-01-27,4,1,30.9,37.8,1.026,sports_outdoor,East,70.0,0.1196
SPO-1039,3 months,2025-01-27,4,1,33.4,40.4,1.061,sports_outdoor,Central,70.0,0.1196
TOY-1002,3 months,2025-01-27,4,1,36.2,45.9,0.963,toys_games,East,35.0,0.0707
TOY-1010,3 months,2025-01-27,4,1,38.4,47.7,1.036,toys_games,Central,35.0,0.0707
TOY-1011,3 months,2025-01-27,4,1,12.4,16.2,1.106,toys_games,South,35.0,0.0707
TOY-1013,3 months,2025-01-27,4,1,52.4,64.5,0.96,toys_games,East,35.0,0.0707
TOY-1018,3 months,2025-01-27,4,1,62.4,73.4,0.981,toys_games,East,35.0,0.0707
TOY-1019,3 months,2025-01-27,4,1,21.1,26.3,0.982,toys_games,Central,35.0,0.0707
TOY-1020,3 months,2025-01-27,4,1,29.2,36.7,1.027,toys_games,South,35.0,0.0707
TOY-1021,3 months,2025-01-27,4,1,89.7,97.3,0.913,toys_games,North,35.0,0.0707
TOY-1024,3 months,2025-01-27,4,1,36.6,47.4,0.847,toys_games,South,35.0,0.0707
TOY-1025,3 months,2025-01-27,4,1,17.9,23.4,0.83,toys_games,West,35.0,0.0707
TOY-1030,3 months,2025-01-27,4,1,24.1,30.3,0.993,toys_games,South,35.0,0.0707
TOY-1031,3 months,2025-01-27,4,1,20.7,26.5,0.829,toys_games,South,35.0,0.0707
TOY-1034,3 months,2025-01-27,4,1,97.6,112.9,1.001,toys_games,North,35.0,0.0707
TOY-1035,3 months,2025-01-27,4,1,71.7,82.6,0.979,toys_games,East,35.0,0.0707
TOY-1038,3 months,2025-01-27,4,1,42.5,53.8,1.089,toys_games,South,35.0,0.0707
APP-1000,3 months,2025-02-03,5,1,77.3,85.4,1.108,apparel,West,45.0,0.2808
APP-1001,3 months,2025-02-03,5,1,98.3,105.5,1.011,apparel,East,45.0,0.2808
APP-1002,3 months,2025-02-03,5,1,93.1,101.1,0.926,apparel,North,45.0,0.2808
APP-1004,3 months,2025-02-03,5,1,158.6,177.6,0.898,apparel,Central,45.0,0.2808
APP-1006,3 months,2025-02-03,5,1,82.2,92.0,0.95,apparel,West,45.0,0.2808
APP-1008,3 months,2025-02-03,5,1,114.6,130.9,0.895,apparel,South,45.0,0.2808
APP-1009,3 months,2025-02-03,5,1,34.5,42.6,0.851,apparel,North,45.0,0.2808
APP-1012,3 months,2025-02-03,5,1,149.5,161.0,0.954,apparel,North,45.0,0.2808
APP-1016,3 months,2025-02-03,5,1,50.3,59.6,0.9,apparel,West,45.0,0.2808
APP-1018,3 months,2025-02-03,5,1,33.9,39.9,1.001,apparel,East,45.0,0.2808
APP-1019,3 months,2025-02-03,5,1,102.7,147.5,1.033,apparel,Central,45.0,0.2808
APP-1020,3 months,2025-02-03,5,1,89.3,103.2,0.862,apparel,South,45.0,0.2808
APP-1022,3 months,2025-02-03,5,1,95.8,108.1,0.885,apparel,South,45.0,0.2808
APP-1023,3 months,2025-02-03,5,1,43.4,50.5,0.924,apparel,West,45.0,0.2808
APP-1025,3 months,2025-02-03,5,1,167.7,184.7,0.905,apparel,Central,45.0,0.2808
APP-1027,3 months,2025-02-03,5,1,74.6,87.2,0.854,apparel,South,45.0,0.2808
APP-1028,3 months,2025-02-03,5,1,83.4,95.2,0.851,apparel,North,45.0,0.2808
APP-1029,3 months,2025-02-03,5,1,111.2,127.9,0.889,apparel,North,45.0,0.2808
APP-1031,3 months,2025-02-03,5,1,18.1,22.6,0.918,apparel,Central,45.0,0.2808
APP-1032,3 months,2025-02-03,5,1,112.7,129.1,0.887,apparel,East,45.0,0.2808
APP-1034,3 months,2025-02-03,5,1,52.9,63.1,0.89,apparel,North,45.0,0.2808
APP-1037,3 months,2025-02-03,5,1,62.9,70.6,0.955,apparel,Central,45.0,0.2808
APP-1038,3 months,2025-02-03,5,1,30.5,35.4,0.929,apparel,North,45.0,0.2808
BEA-1004,3 months,2025-02-03,5,1,74.8,89.7,0.968,beauty,West,25.0,0.0791
BEA-1006,3 months,2025-02-03,5,1,80.4,92.6,0.93,beauty,West,25.0,0.0791
BEA-1007,3 months,2025-02-03,5,1,59.8,70.7,0.87,beauty,South,25.0,0.0791
BEA-1009,3 months,2025-02-03,5,1,68.0,77.9,0.909,beauty,East,25.0,0.0791
BEA-1011,3 months,2025-02-03,5,1,41.6,51.7,0.904,beauty,North,25.0,0.0791
BEA-1012,3 months,2025-02-03,5,1,80.8,92.7,1.062,beauty,Central,25.0,0.0791
BEA-1013,3 months,2025-02-03,5,1,63.7,72.1,0.914,beauty,West,25.0,0.0791
BEA-1014,3 months,2025-02-03,5,1,85.3,100.6,0.903,beauty,West,25.0,0.0791
BEA-1016,3 months,2025-02-03,5,1,49.8,60.0,0.903,beauty,East,25.0,0.0791
BEA-1017,3 months,2025-02-03,5,1,46.6,57.1,0.967,beauty,East,25.0,0.0791
BEA-1018,3 months,2025-02-03,5,1,43.1,58.8,0.807,beauty,North,25.0,0.0791
BEA-1019,3 months,2025-02-03,5,1,37.7,47.8,0.858,beauty,North,25.0,0.0791
BEA-1020,3 months,2025-02-03,5,1,58.3,68.4,0.877,beauty,South,25.0,0.0791
BEA-1021,3 months,2025-02-03,5,1,17.6,25.7,0.852,beauty,Central,25.0,0.0791
BEA-1024,3 months,2025-02-03,5,1,84.1,106.1,0.923,beauty,South,25.0,0.0791
BEA-1025,3 months,2025-02-03,5,1,29.5,37.2,0.91,beauty,West,25.0,0.0791
BEA-1027,3 months,2025-02-03,5,1,56.1,68.0,0.904,beauty,Central,25.0,0.0791
BEA-1028,3 months,2025-02-03,5,1,37.9,46.8,0.957,beauty,South,25.0,0.0791
BEA-1030,3 months,2025-02-03,5,1,47.9,58.3,0.885,beauty,West,25.0,0.0791
BEA-1031,3 months,2025-02-03,5,1,74.3,84.2,0.997,beauty,South,25.0,0.0791
BEA-1032,3 months,2025-02-03,5,1,82.0,92.7,0.955,beauty,North,25.0,0.0791
BEA-1037,3 months,2025-02-03,5,1,37.9,47.4,0.924,beauty,Central,25.0,0.0791
BOO-1000,3 months,2025-02-03,5,1,19.4,26.9,0.832,books_media,North,20.0,0.0494
BOO-1001,3 months,2025-02-03,5,1,30.0,38.4,1.064,books_media,East,20.0,0.0494
BOO-1002,3 months,2025-02-03,5,1,20.8,27.9,0.9,books_media,Central,20.0,0.0494
BOO-1004,3 months,2025-02-03,5,1,35.7,45.3,1.048,books_media,South,20.0,0.0494
BOO-1005,3 months,2025-02-03,5,1,35.9,46.2,1.049,books_media,Central,20.0,0.0494
BOO-1006,3 months,2025-02-03,5,1,34.5,43.7,1.092,books_media,South,20.0,0.0494
BOO-1007,3 months,2025-02-03,5,1,17.5,23.6,1.073,books_media,West,20.0,0.0494
BOO-1008,3 months,2025-02-03,5,1,32.1,41.6,1.142,books_media,Central,20.0,0.0494
BOO-1011,3 months,2025-02-03,5,1,39.8,51.5,1.073,books_media,South,20.0,0.0494
BOO-1016,3 months,2025-02-03,5,1,16.9,24.2,1.1,books_media,North,20.0,0.0494
BOO-1018,3 months,2025-02-03,5,1,12.8,17.5,1.049,books_media,South,20.0,0.0494
BOO-1022,3 months,2025-02-03,5,1,12.5,16.0,1.171,books_media,Central,20.0,0.0494
BOO-1023,3 months,2025-02-03,5,1,24.3,30.9,0.995,books_media,North,20.0,0.0494
BOO-1024,3 months,2025-02-03,5,1,17.1,23.6,1.038,books_media,East,20.0,0.0494
BOO-1025,3 months,2025-02-03,5,1,44.0,56.3,1.036,books_media,Central,20.0,0.0494
BOO-1026,3 months,2025-02-03,5,1,5.6,10.2,1.115,books_media,West,20.0,0.0494
BOO-1027,3 months,2025-02-03,5,1,5.1,11.3,0.644,books_media,North,20.0,0.0494
BOO-1029,3 months,2025-02-03,5,1,32.7,41.1,1.078,books_media,East,20.0,0.0494
BOO-1031,3 months,2025-02-03,5,1,40.4,50.3,0.908,books_media,West,20.0,0.0494
BOO-1033,3 months,2025-02-03,5,1,6.9,11.5,1.222,books_media,East,20.0,0.0494
BOO-1034,3 months,2025-02-03,5,1,28.0,34.9,0.972,books_media,South,20.0,0.0494
BOO-1038,3 months,2025-02-03,5,1,41.7,53.3,1.057,books_media,North,20.0,0.0494
ELE-1002,3 months,2025-02-03,5,1,84.5,100.8,0.935,electronics,South,180.0,0.0888
ELE-1005,3 months,2025-02-03,5,1,22.1,27.3,1.057,electronics,West,180.0,0.0888
ELE-1006,3 months,2025-02-03,5,1,99.2,139.4,0.964,electronics,North,180.0,0.0888
ELE-1011,3 months,2025-02-03,5,1,20.5,27.2,1.135,electronics,Central,180.0,0.0888
ELE-1012,3 months,2025-02-03,5,1,35.4,44.8,0.958,electronics,South,180.0,0.0888
ELE-1013,3 months,2025-02-03,5,1,24.3,30.1,0.919,electronics,East,180.0,0.0888
ELE-1014,3 months,2025-02-03,5,1,17.8,23.7,0.918,electronics,North,180.0,0.0888
ELE-1017,3 months,2025-02-03,5,1,86.6,111.6,0.824,electronics,South,180.0,0.0888
ELE-1018,3 months,2025-02-03,5,1,38.8,47.4,1.031,electronics,East,180.0,0.0888
ELE-1022,3 months,2025-02-03,5,1,40.7,52.6,0.939,electronics,East,180.0,0.0888
ELE-1023,3 months,2025-02-03,5,1,78.1,94.0,1.015,electronics,North,180.0,0.0888
ELE-1024,3 months,2025-02-03,5,1,36.4,49.6,0.846,electronics,Central,180.0,0.0888
ELE-1026,3 months,2025-02-03,5,1,32.8,40.2,0.913,electronics,Central,180.0,0.0888
ELE-1027,3 months,2025-02-03,5,1,41.7,54.8,1.063,electronics,North,180.0,0.0888
ELE-1029,3 months,2025-02-03,5,1,87.2,103.2,0.971,electronics,North,180.0,0.0888
ELE-1031,3 months,2025-02-03,5,1,99.2,115.1,1.119,electronics,South,180.0,0.0888
ELE-1035,3 months,2025-02-03,5,1,46.0,56.0,1.088,electronics,East,180.0,0.0888
ELE-1036,3 months,2025-02-03,5,1,52.4,67.5,1.131,electronics,North,180.0,0.0888
ELE-1038,3 months,2025-02-03,5,1,92.2,105.5,1.104,electronics,South,180.0,0.0888
GRO-1000,3 months,2025-02-03,5,1,99.2,119.1,1.024,grocery,North,15.0,0.0201
GRO-1002,3 months,2025-02-03,5,1,107.6,130.6,0.936,grocery,North,15.0,0.0201
GRO-1004,3 months,2025-02-03,5,1,150.0,225.1,0.949,grocery,North,15.0,0.0201
GRO-1005,3 months,2025-02-03,5,1,123.2,175.4,0.983,grocery,East,15.0,0.0201
GRO-1006,3 months,2025-02-03,5,1,69.4,86.0,1.012,grocery,West,15.0,0.0201
GRO-1007,3 months,2025-02-03,5,1,131.3,155.0,0.978,grocery,South,15.0,0.0201
GRO-1009,3 months,2025-02-03,5,1,30.3,40.8,0.956,grocery,West,15.0,0.0201
GRO-1012,3 months,2025-02-03,5,1,119.1,219.8,0.991,grocery,North,15.0,0.0201
GRO-1015,3 months,2025-02-03,5,1,66.7,85.6,0.963,grocery,North,15.0,0.0201
GRO-1016,3 months,2025-02-03,5,1,84.2,102.3,0.96,grocery,North,15.0,0.0201
GRO-1017,3 months,2025-02-03,5,1,101.3,122.2,0.94,grocery,South,15.0,0.0201
GRO-1024,3 months,2025-02-03,5,1,65.9,82.3,1.025,grocery,South,15.0,0.0201
GRO-1025,3 months,2025-02-03,5,1,71.1,132.5,0.93,grocery,Central,15.0,0.0201
GRO-1027,3 months,2025-02-03,5,1,65.4,81.8,0.942,grocery,West,15.0,0.0201
GRO-1028,3 months,2025-02-03,5,1,116.5,149.1,0.975,grocery,North,15.0,0.0201
GRO-1030,3 months,2025-02-03,5,1,86.6,105.3,0.97,grocery,West,15.0,0.0201
GRO-1034,3 months,2025-02-03,5,1,94.8,113.8,1.046,grocery,North,15.0,0.0201
GRO-1038,3 months,2025-02-03,5,1,50.5,64.3,1.008,grocery,West,15.0,0.0201
HOM-1001,3 months,2025-02-03,5,1,87.5,120.4,0.954,home_kitchen,Central,60.0,0.0981
HOM-1003,3 months,2025-02-03,5,1,26.3,32.8,1.035,home_kitchen,East,60.0,0.0981
HOM-1006,3 months,2025-02-03,5,1,30.3,40.3,0.934,home_kitchen,West,60.0,0.0981
HOM-1010,3 months,2025-02-03,5,1,27.2,35.1,0.997,home_kitchen,West,60.0,0.0981
HOM-1011,3 months,2025-02-03,5,1,74.1,92.8,0.924,home_kitchen,West,60.0,0.0981
HOM-1013,3 months,2025-02-03,5,1,47.0,62.2,1.02,home_kitchen,East,60.0,0.0981
HOM-1015,3 months,2025-02-03,5,1,26.7,35.0,0.87,home_kitchen,South,60.0,0.0981
HOM-1017,3 months,2025-02-03,5,1,57.2,71.1,0.97,home_kitchen,West,60.0,0.0981
HOM-1019,3 months,2025-02-03,5,1,80.3,96.4,0.956,home_kitchen,East,60.0,0.0981
HOM-1022,3 months,2025-02-03,5,1,90.1,121.7,0.992,home_kitchen,Central,60.0,0.0981
HOM-1024,3 months,2025-02-03,5,1,9.5,17.0,1.002,home_kitchen,Central,60.0,0.0981
HOM-1030,3 months,2025-02-03,5,1,35.0,52.1,0.812,home_kitchen,South,60.0,0.0981
HOM-1032,3 months,2025-02-03,5,1,40.6,52.0,1.002,home_kitchen,East,60.0,0.0981
HOM-1035,3 months,2025-02-03,5,1,37.2,46.4,0.974,home_kitchen,South,60.0,0.0981
HOM-1036,3 months,2025-02-03,5,1,81.2,96.7,0.979,home_kitchen,West,60.0,0.0981
HOM-1037,3 months,2025-02-03,5,1,60.3,75.6,0.917,home_kitchen,West,60.0,0.0981
HOM-1038,3 months,2025-02-03,5,1,29.7,39.0,0.888,home_kitchen,North,60.0,0.0981
HOM-1039,3 months,2025-02-03,5,1,40.9,54.0,0.956,home_kitchen,North,60.0,0.0981
SPO-1001,3 months,2025-02-03,5,1,51.5,62.7,0.936,sports_outdoor,East,70.0,0.1196
SPO-1003,3 months,2025-02-03,5,1,55.0,66.8,0.942,sports_outdoor,North,70.0,0.1196
SPO-1004,3 months,2025-02-03,5,1,27.1,34.8,0.964,sports_outdoor,North,70.0,0.1196
SPO-1005,3 months,2025-02-03,5,1,26.7,31.1,1.193,sports_outdoor,Central,70.0,0.1196
SPO-1007,3 months,2025-02-03,5,1,41.4,51.2,1.034,sports_outdoor,North,70.0,0.1196
SPO-1008,3 months,2025-02-03,5,1,25.7,31.3,1.018,sports_outdoor,South,70.0,0.1196
SPO-1009,3 months,2025-02-03,5,1,20.8,26.1,1.021,sports_outdoor,North,70.0,0.1196
SPO-1012,3 months,2025-02-03,5,1,34.3,43.6,1.061,sports_outdoor,North,70.0,0.1196
SPO-1014,3 months,2025-02-03,5,1,26.3,30.4,1.056,sports_outdoor,Central,70.0,0.1196
SPO-1019,3 months,2025-02-03,5,1,46.0,58.3,0.948,sports_outdoor,West,70.0,0.1196
SPO-1021,3 months,2025-02-03,5,1,12.3,15.2,0.915,sports_outdoor,South,70.0,0.1196
SPO-1024,3 months,2025-02-03,5,1,71.3,82.8,1.039,sports_outdoor,Central,70.0,0.1196
SPO-1026,3 months,2025-02-03,5,1,11.7,17.3,0.972,sports_outdoor,West,70.0,0.1196
SPO-1029,3 months,2025-02-03,5,1,42.9,53.2,1.149,sports_outdoor,South,70.0,0.1196
SPO-1030,3 months,2025-02-03,5,1,16.0,22.3,1.067,sports_outdoor,East,70.0,0.1196
SPO-1032,3 months,2025-02-03,5,1,19.0,23.4,0.975,sports_outdoor,Central,70.0,0.1196
SPO-1034,3 months,2025-02-03,5,1,45.4,56.3,1.075,sports_outdoor,North,70.0,0.1196
SPO-1035,3 months,2025-02-03,5,1,57.2,71.6,1.045,sports_outdoor,West,70.0,0.1196
SPO-1036,3 months,2025-02-03,5,1,31.0,38.1,1.026,sports_outdoor,East,70.0,0.1196
SPO-1039,3 months,2025-02-03,5,1,33.6,41.1,1.061,sports_outdoor,Central,70.0,0.1196
TOY-1002,3 months,2025-02-03,5,1,35.7,46.2,0.963,toys_games,East,35.0,0.0707
TOY-1010,3 months,2025-02-03,5,1,38.1,48.4,1.036,toys_games,Central,35.0,0.0707
TOY-1011,3 months,2025-02-03,5,1,13.4,16.2,1.106,toys_games,South,35.0,0.0707
TOY-1013,3 months,2025-02-03,5,1,52.5,64.7,0.96,toys_games,East,35.0,0.0707
TOY-1018,3 months,2025-02-03,5,1,62.0,73.6,0.981,toys_games,East,35.0,0.0707
TOY-1019,3 months,2025-02-03,5,1,20.9,26.8,0.982,toys_games,Central,35.0,0.0707
TOY-1020,3 months,2025-02-03,5,1,28.6,36.9,1.027,toys_games,South,35.0,0.0707
TOY-1021,3 months,2025-02-03,5,1,87.8,100.0,0.913,toys_games,North,35.0,0.0707
TOY-1024,3 months,2025-02-03,5,1,36.5,47.9,0.847,toys_games,South,35.0,0.0707
TOY-1025,3 months,2025-02-03,5,1,17.8,23.6,0.83,toys_games,West,35.0,0.0707
TOY-1030,3 months,2025-02-03,5,1,24.4,31.2,0.993,toys_games,South,35.0,0.0707
TOY-1031,3 months,2025-02-03,5,1,18.6,26.8,0.829,toys_games,South,35.0,0.0707
TOY-1034,3 months,2025-02-03,5,1,97.0,112.5,1.001,toys_games,North,35.0,0.0707
TOY-1035,3 months,2025-02-03,5,1,70.3,82.0,0.979,toys_games,East,35.0,0.0707
TOY-1038,3 months,2025-02-03,5,1,43.0,55.9,1.089,toys_games,South,35.0,0.0707
APP-1000,3 months,2025-02-10,6,1,78.8,83.1,1.108,apparel,West,45.0,0.2808
APP-1001,3 months,2025-02-10,6,1,101.5,104.8,1.011,apparel,East,45.0,0.2808
APP-1002,3 months,2025-02-10,6,1,96.0,100.7,0.926,apparel,North,45.0,0.2808
APP-1004,3 months,2025-02-10,6,1,164.1,175.8,0.898,apparel,Central,45.0,0.2808
APP-1006,3 months,2025-02-10,6,1,85.4,90.2,0.95,apparel,West,45.0,0.2808
APP-1008,3 months,2025-02-10,6,1,118.2,130.3,0.895,apparel,South,45.0,0.2808
APP-1009,3 months,2025-02-10,6,1,35.4,41.8,0.851,apparel,North,45.0,0.2808
APP-1012,3 months,2025-02-10,6,1,154.3,160.3,0.954,apparel,North,45.0,0.2808
APP-1016,3 months,2025-02-10,6,1,52.3,59.5,0.9,apparel,West,45.0,0.2808
APP-1018,3 months,2025-02-10,6,1,34.9,40.3,1.001,apparel,East,45.0,0.2808
APP-1019,3 months,2025-02-10,6,1,107.0,145.4,1.033,apparel,Central,45.0,0.2808
APP-1020,3 months,2025-02-10,6,1,92.8,101.2,0.862,apparel,South,45.0,0.2808
APP-1022,3 months,2025-02-10,6,1,99.1,106.9,0.885,apparel,South,45.0,0.2808
APP-1023,3 months,2025-02-10,6,1,45.2,52.4,0.924,apparel,West,45.0,0.2808
APP-1025,3 months,2025-02-10,6,1,158.2,184.7,0.905,apparel,Central,45.0,0.2808
APP-1027,3 months,2025-02-10,6,1,76.0,84.7,0.854,apparel,South,45.0,0.2808
APP-1028,3 months,2025-02-10,6,1,87.0,95.0,0.851,apparel,North,45.0,0.2808
APP-1029,3 months,2025-02-10,6,1,114.8,127.4,0.889,apparel,North,45.0,0.2808
APP-1031,3 months,2025-02-10,6,1,17.2,22.7,0.918,apparel,Central,45.0,0.2808
APP-1032,3 months,2025-02-10,6,1,116.3,129.1,0.887,apparel,East,45.0,0.2808
APP-1034,3 months,2025-02-10,6,1,55.0,63.2,0.89,apparel,North,45.0,0.2808
APP-1037,3 months,2025-02-10,6,1,65.1,72.8,0.955,apparel,Central,45.0,0.2808
APP-1038,3 months,2025-02-10,6,1,31.4,34.9,0.929,apparel,North,45.0,0.2808
BEA-1004,3 months,2025-02-10,6,1,74.6,92.9,0.968,beauty,West,25.0,0.0791
BEA-1006,3 months,2025-02-10,6,1,79.3,96.5,0.93,beauty,West,25.0,0.0791
BEA-1007,3 months,2025-02-10,6,1,58.5,72.2,0.87,beauty,South,25.0,0.0791
BEA-1009,3 months,2025-02-10,6,1,68.3,80.9,0.909,beauty,East,25.0,0.0791
BEA-1011,3 months,2025-02-10,6,1,41.4,53.2,0.904,beauty,North,25.0,0.0791
BEA-1012,3 months,2025-02-10,6,1,79.6,94.4,1.062,beauty,Central,25.0,0.0791
BEA-1013,3 months,2025-02-10,6,1,62.0,78.8,0.914,beauty,West,25.0,0.0791
BEA-1014,3 months,2025-02-10,6,1,85.0,104.7,0.903,beauty,West,25.0,0.0791
BEA-1016,3 months,2025-02-10,6,1,49.4,61.4,0.903,beauty,East,25.0,0.0791
BEA-1017,3 months,2025-02-10,6,1,46.4,58.2,0.967,beauty,East,25.0,0.0791
BEA-1018,3 months,2025-02-10,6,1,42.9,60.0,0.807,beauty,North,25.0,0.0791
BEA-1019,3 months,2025-02-10,6,1,37.9,49.5,0.858,beauty,North,25.0,0.0791
BEA-1020,3 months,2025-02-10,6,1,57.2,71.1,0.877,beauty,South,25.0,0.0791
BEA-1021,3 months,2025-02-10,6,1,17.1,24.5,0.852,beauty,Central,25.0,0.0791
BEA-1024,3 months,2025-02-10,6,1,90.0,110.1,0.923,beauty,South,25.0,0.0791
BEA-1025,3 months,2025-02-10,6,1,29.1,37.7,0.91,beauty,West,25.0,0.0791
BEA-1027,3 months,2025-02-10,6,1,56.3,69.4,0.904,beauty,Central,25.0,0.0791
BEA-1028,3 months,2025-02-10,6,1,37.4,48.1,0.957,beauty,South,25.0,0.0791
BEA-1030,3 months,2025-02-10,6,1,47.2,59.4,0.885,beauty,West,25.0,0.0791
BEA-1031,3 months,2025-02-10,6,1,71.6,86.8,0.997,beauty,South,25.0,0.0791
BEA-1032,3 months,2025-02-10,6,1,81.9,96.1,0.955,beauty,North,25.0,0.0791
BEA-1037,3 months,2025-02-10,6,1,37.6,48.8,0.924,beauty,Central,25.0,0.0791
BOO-1000,3 months,2025-02-10,6,1,18.8,25.9,0.832,books_media,North,20.0,0.0494
BOO-1001,3 months,2025-02-10,6,1,29.4,36.8,1.064,books_media,East,20.0,0.0494
BOO-1002,3 months,2025-02-10,6,1,20.2,27.1,0.9,books_media,Central,20.0,0.0494
BOO-1004,3 months,2025-02-10,6,1,34.7,44.2,1.048,books_media,South,20.0,0.0494
BOO-1005,3 months,2025-02-10,6,1,34.8,45.4,1.049,books_media,Central,20.0,0.0494
BOO-1006,3 months,2025-02-10,6,1,33.5,42.9,1.092,books_media,South,20.0,0.0494
BOO-1007,3 months,2025-02-10,6,1,17.1,23.3,1.073,books_media,West,20.0,0.0494
BOO-1008,3 months,2025-02-10,6,1,31.4,41.1,1.142,books_media,Central,20.0,0.0494
BOO-1011,3 months,2025-02-10,6,1,38.6,50.9,1.073,books_media,South,20.0,0.0494
BOO-1016,3 months,2025-02-10,6,1,16.4,24.4,1.1,books_media,North,20.0,0.0494
BOO-1018,3 months,2025-02-10,6,1,12.7,16.4,1.049,books_media,South,20.0,0.0494
BOO-1022,3 months,2025-02-10,6,1,12.2,15.6,1.171,books_media,Central,20.0,0.0494
BOO-1023,3 months,2025-02-10,6,1,23.4,30.3,0.995,books_media,North,20.0,0.0494
BOO-1024,3 months,2025-02-10,6,1,16.6,22.1,1.038,books_media,East,20.0,0.0494
BOO-1025,3 months,2025-02-10,6,1,43.0,55.4,1.036,books_media,Central,20.0,0.0494
BOO-1026,3 months,2025-02-10,6,1,6.2,9.7,1.115,books_media,West,20.0,0.0494
BOO-1027,3 months,2025-02-10,6,1,5.2,10.5,0.644,books_media,North,20.0,0.0494
BOO-1029,3 months,2025-02-10,6,1,32.0,40.8,1.078,books_media,East,20.0,0.0494
BOO-1031,3 months,2025-02-10,6,1,38.8,49.4,0.908,books_media,West,20.0,0.0494
BOO-1033,3 months,2025-02-10,6,1,6.8,11.3,1.222,books_media,East,20.0,0.0494
BOO-1034,3 months,2025-02-10,6,1,27.3,34.3,0.972,books_media,South,20.0,0.0494
BOO-1038,3 months,2025-02-10,6,1,41.6,53.1,1.057,books_media,North,20.0,0.0494
ELE-1002,3 months,2025-02-10,6,1,84.8,101.2,0.935,electronics,South,180.0,0.0888
ELE-1005,3 months,2025-02-10,6,1,22.0,27.1,1.057,electronics,West,180.0,0.0888
ELE-1006,3 months,2025-02-10,6,1,99.1,140.1,0.964,electronics,North,180.0,0.0888
ELE-1011,3 months,2025-02-10,6,1,20.5,27.3,1.135,electronics,Central,180.0,0.0888
ELE-1012,3 months,2025-02-10,6,1,35.4,44.8,0.958,electronics,South,180.0,0.0888
ELE-1013,3 months,2025-02-10,6,1,24.5,30.6,0.919,electronics,East,180.0,0.0888
ELE-1014,3 months,2025-02-10,6,1,17.8,23.8,0.918,electronics,North,180.0,0.0888
ELE-1017,3 months,2025-02-10,6,1,86.8,112.1,0.824,electronics,South,180.0,0.0888
ELE-1018,3 months,2025-02-10,6,1,38.7,47.6,1.031,electronics,East,180.0,0.0888
ELE-1022,3 months,2025-02-10,6,1,41.3,53.0,0.939,electronics,East,180.0,0.0888
ELE-1023,3 months,2025-02-10,6,1,78.0,94.3,1.015,electronics,North,180.0,0.0888
ELE-1024,3 months,2025-02-10,6,1,36.5,50.2,0.846,electronics,Central,180.0,0.0888
ELE-1026,3 months,2025-02-10,6,1,32.8,40.3,0.913,electronics,Central,180.0,0.0888
ELE-1027,3 months,2025-02-10,6,1,41.7,54.5,1.063,electronics,North,180.0,0.0888
ELE-1029,3 months,2025-02-10,6,1,86.5,103.7,0.971,electronics,North,180.0,0.0888
ELE-1031,3 months,2025-02-10,6,1,99.5,115.8,1.119,electronics,South,180.0,0.0888
ELE-1035,3 months,2025-02-10,6,1,46.0,55.9,1.088,electronics,East,180.0,0.0888
ELE-1036,3 months,2025-02-10,6,1,52.3,67.8,1.131,electronics,North,180.0,0.0888
ELE-1038,3 months,2025-02-10,6,1,92.1,106.0,1.104,electronics,South,180.0,0.0888
GRO-1000,3 months,2025-02-10,6,1,95.4,114.5,1.024,grocery,North,15.0,0.0201
GRO-1002,3 months,2025-02-10,6,1,103.8,126.4,0.936,grocery,North,15.0,0.0201
GRO-1004,3 months,2025-02-10,6,1,144.2,220.3,0.949,grocery,North,15.0,0.0201
GRO-1005,3 months,2025-02-10,6,1,118.5,169.7,0.983,grocery,East,15.0,0.0201
GRO-1006,3 months,2025-02-10,6,1,68.6,82.9,1.012,grocery,West,15.0,0.0201
GRO-1007,3 months,2025-02-10,6,1,126.2,149.4,0.978,grocery,South,15.0,0.0201
GRO-1009,3 months,2025-02-10,6,1,29.5,40.3,0.956,grocery,West,15.0,0.0201
GRO-1012,3 months,2025-02-10,6,1,130.6,213.6,0.991,grocery,North,15.0,0.0201
GRO-1015,3 months,2025-02-10,6,1,66.0,82.1,0.963,grocery,North,15.0,0.0201
GRO-1016,3 months,2025-02-10,6,1,81.0,98.8,0.96,grocery,North,15.0,0.0201
GRO-1017,3 months,2025-02-10,6,1,97.5,119.2,0.94,grocery,South,15.0,0.0201
GRO-1024,3 months,2025-02-10,6,1,65.3,78.8,1.025,grocery,South,15.0,0.0201
GRO-1025,3 months,2025-02-10,6,1,81.3,127.2,0.93,grocery,Central,15.0,0.0201
GRO-1027,3 months,2025-02-10,6,1,64.7,78.6,0.942,grocery,West,15.0,0.0201
GRO-1028,3 months,2025-02-10,6,1,120.8,142.4,0.975,grocery,North,15.0,0.0201
GRO-1030,3 months,2025-02-10,6,1,83.4,101.2,0.97,grocery,West,15.0,0.0201
GRO-1034,3 months,2025-02-10,6,1,91.2,109.6,1.046,grocery,North,15.0,0.0201
GRO-1038,3 months,2025-02-10,6,1,49.4,63.0,1.008,grocery,West,15.0,0.0201
HOM-1001,3 months,2025-02-10,6,1,83.7,120.3,0.954,home_kitchen,Central,60.0,0.0981
HOM-1003,3 months,2025-02-10,6,1,24.2,32.3,1.035,home_kitchen,East,60.0,0.0981
HOM-1006,3 months,2025-02-10,6,1,28.6,39.5,0.934,home_kitchen,West,60.0,0.0981
HOM-1010,3 months,2025-02-10,6,1,26.3,34.7,0.997,home_kitchen,West,60.0,0.0981
HOM-1011,3 months,2025-02-10,6,1,70.5,88.3,0.924,home_kitchen,West,60.0,0.0981
HOM-1013,3 months,2025-02-10,6,1,44.2,61.5,1.02,home_kitchen,East,60.0,0.0981
HOM-1015,3 months,2025-02-10,6,1,26.0,34.4,0.87,home_kitchen,South,60.0,0.0981
HOM-1017,3 months,2025-02-10,6,1,56.9,70.7,0.97,home_kitchen,West,60.0,0.0981
HOM-1019,3 months,2025-02-10,6,1,76.4,95.1,0.956,home_kitchen,East,60.0,0.0981
HOM-1022,3 months,2025-02-10,6,1,83.6,119.7,0.992,home_kitchen,Central,60.0,0.0981
HOM-1024,3 months,2025-02-10,6,1,9.7,16.8,1.002,home_kitchen,Central,60.0,0.0981
HOM-1030,3 months,2025-02-10,6,1,33.7,51.0,0.812,home_kitchen,South,60.0,0.0981
HOM-1032,3 months,2025-02-10,6,1,38.7,52.0,1.002,home_kitchen,East,60.0,0.0981
HOM-1035,3 months,2025-02-10,6,1,36.9,46.4,0.974,home_kitchen,South,60.0,0.0981
HOM-1036,3 months,2025-02-10,6,1,76.6,96.1,0.979,home_kitchen,West,60.0,0.0981
HOM-1037,3 months,2025-02-10,6,1,56.6,76.2,0.917,home_kitchen,West,60.0,0.0981
HOM-1038,3 months,2025-02-10,6,1,27.8,37.9,0.888,home_kitchen,North,60.0,0.0981
HOM-1039,3 months,2025-02-10,6,1,39.2,55.4,0.956,home_kitchen,North,60.0,0.0981
SPO-1001,3 months,2025-02-10,6,1,50.2,61.0,0.936,sports_outdoor,East,70.0,0.1196
SPO-1003,3 months,2025-02-10,6,1,54.2,65.2,0.942,sports_outdoor,North,70.0,0.1196
SPO-1004,3 months,2025-02-10,6,1,27.6,34.2,0.964,sports_outdoor,North,70.0,0.1196
SPO-1005,3 months,2025-02-10,6,1,26.0,31.3,1.193,sports_outdoor,Central,70.0,0.1196
SPO-1007,3 months,2025-02-10,6,1,40.5,49.8,1.034,sports_outdoor,North,70.0,0.1196
SPO-1008,3 months,2025-02-10,6,1,25.2,30.2,1.018,sports_outdoor,South,70.0,0.1196
SPO-1009,3 months,2025-02-10,6,1,20.8,26.2,1.021,sports_outdoor,North,70.0,0.1196
SPO-1012,3 months,2025-02-10,6,1,34.5,41.9,1.061,sports_outdoor,North,70.0,0.1196
SPO-1014,3 months,2025-02-10,6,1,25.9,30.9,1.056,sports_outdoor,Central,70.0,0.1196
SPO-1019,3 months,2025-02-10,6,1,45.6,56.3,0.948,sports_outdoor,West,70.0,0.1196
SPO-1021,3 months,2025-02-10,6,1,12.0,15.3,0.915,sports_outdoor,South,70.0,0.1196
SPO-1024,3 months,2025-02-10,6,1,68.7,81.2,1.039,sports_outdoor,Central,70.0,0.1196
SPO-1026,3 months,2025-02-10,6,1,11.8,16.9,0.972,sports_outdoor,West,70.0,0.1196
SPO-1029,3 months,2025-02-10,6,1,42.7,51.6,1.149,sports_outdoor,South,70.0,0.1196
SPO-1030,3 months,2025-02-10,6,1,15.8,22.1,1.067,sports_outdoor,East,70.0,0.1196
SPO-1032,3 months,2025-02-10,6,1,18.8,23.4,0.975,sports_outdoor,Central,70.0,0.1196
SPO-1034,3 months,2025-02-10,6,1,44.4,54.6,1.075,sports_outdoor,North,70.0,0.1196
SPO-1035,3 months,2025-02-10,6,1,57.1,69.6,1.045,sports_outdoor,West,70.0,0.1196
SPO-1036,3 months,2025-02-10,6,1,31.1,37.4,1.026,sports_outdoor,East,70.0,0.1196
SPO-1039,3 months,2025-02-10,6,1,32.7,39.8,1.061,sports_outdoor,Central,70.0,0.1196
TOY-1002,3 months,2025-02-10,6,1,36.2,46.8,0.963,toys_games,East,35.0,0.0707
TOY-1010,3 months,2025-02-10,6,1,38.2,48.8,1.036,toys_games,Central,35.0,0.0707
TOY-1011,3 months,2025-02-10,6,1,14.1,17.3,1.106,toys_games,South,35.0,0.0707
TOY-1013,3 months,2025-02-10,6,1,53.2,66.1,0.96,toys_games,East,35.0,0.0707
TOY-1018,3 months,2025-02-10,6,1,63.0,76.6,0.981,toys_games,East,35.0,0.0707
TOY-1019,3 months,2025-02-10,6,1,21.0,27.4,0.982,toys_games,Central,35.0,0.0707
TOY-1020,3 months,2025-02-10,6,1,27.1,37.7,1.027,toys_games,South,35.0,0.0707
TOY-1021,3 months,2025-02-10,6,1,90.7,101.2,0.913,toys_games,North,35.0,0.0707
TOY-1024,3 months,2025-02-10,6,1,36.2,48.7,0.847,toys_games,South,35.0,0.0707
TOY-1025,3 months,2025-02-10,6,1,18.2,24.3,0.83,toys_games,West,35.0,0.0707
TOY-1030,3 months,2025-02-10,6,1,24.4,31.9,0.993,toys_games,South,35.0,0.0707
TOY-1031,3 months,2025-02-10,6,1,20.6,27.3,0.829,toys_games,South,35.0,0.0707
TOY-1034,3 months,2025-02-10,6,1,97.7,115.4,1.001,toys_games,North,35.0,0.0707
TOY-1035,3 months,2025-02-10,6,1,71.5,83.9,0.979,toys_games,East,35.0,0.0707
TOY-1038,3 months,2025-02-10,6,1,43.5,57.0,1.089,toys_games,South,35.0,0.0707
APP-1000,3 months,2025-02-17,7,1,75.6,88.7,1.108,apparel,West,45.0,0.2808
APP-1001,3 months,2025-02-17,7,1,95.7,106.6,1.011,apparel,East,45.0,0.2808
APP-1002,3 months,2025-02-17,7,1,90.9,102.4,0.926,apparel,North,45.0,0.2808
APP-1004,3 months,2025-02-17,7,1,150.0,178.9,0.898,apparel,Central,45.0,0.2808
APP-1006,3 months,2025-02-17,7,1,80.4,91.9,0.95,apparel,West,45.0,0.2808
APP-1008,3 months,2025-02-17,7,1,111.1,130.0,0.895,apparel,South,45.0,0.2808
APP-1009,3 months,2025-02-17,7,1,32.7,42.2,0.851,apparel,North,45.0,0.2808
APP-1012,3 months,2025-02-17,7,1,137.9,163.7,0.954,apparel,North,45.0,0.2808
APP-1016,3 months,2025-02-17,7,1,49.4,60.6,0.9,apparel,West,45.0,0.2808
APP-1018,3 months,2025-02-17,7,1,33.2,40.9,1.001,apparel,East,45.0,0.2808
APP-1019,3 months,2025-02-17,7,1,103.1,153.4,1.033,apparel,Central,45.0,0.2808
APP-1020,3 months,2025-02-17,7,1,86.1,104.2,0.862,apparel,South,45.0,0.2808
APP-1022,3 months,2025-02-17,7,1,93.0,108.9,0.885,apparel,South,45.0,0.2808
APP-1023,3 months,2025-02-17,7,1,42.4,53.0,0.924,apparel,West,45.0,0.2808
APP-1025,3 months,2025-02-17,7,1,153.7,186.1,0.905,apparel,Central,45.0,0.2808
APP-1027,3 months,2025-02-17,7,1,72.3,85.6,0.854,apparel,South,45.0,0.2808
APP-1028,3 months,2025-02-17,7,1,81.9,96.8,0.851,apparel,North,45.0,0.2808
APP-1029,3 months,2025-02-17,7,1,107.7,126.9,0.889,apparel,North,45.0,0.2808
APP-1031,3 months,2025-02-17,7,1,16.5,22.6,0.918,apparel,Central,45.0,0.2808
APP-1032,3 months,2025-02-17,7,1,109.6,129.0,0.887,apparel,East,45.0,0.2808
APP-1034,3 months,2025-02-17,7,1,52.0,65.2,0.89,apparel,North,45.0,0.2808
APP-1037,3 months,2025-02-17,7,1,62.0,76.7,0.955,apparel,Central,45.0,0.2808
APP-1038,3 months,2025-02-17,7,1,29.0,33.9,0.929,apparel,North,45.0,0.2808
BEA-1004,3 months,2025-02-17,7,1,74.6,92.9,0.968,beauty,West,25.0,0.0791
BEA-1006,3 months,2025-02-17,7,1,80.3,96.3,0.93,beauty,West,25.0,0.0791
BEA-1007,3 months,2025-02-17,7,1,59.4,70.2,0.87,beauty,South,25.0,0.0791
BEA-1009,3 months,2025-02-17,7,1,69.3,80.7,0.909,beauty,East,25.0,0.0791
BEA-1011,3 months,2025-02-17,7,1,42.0,53.4,0.904,beauty,North,25.0,0.0791
BEA-1012,3 months,2025-02-17,7,1,79.5,93.7,1.062,beauty,Central,25.0,0.0791
BEA-1013,3 months,2025-02-17,7,1,62.7,76.6,0.914,beauty,West,25.0,0.0791
BEA-1014,3 months,2025-02-17,7,1,86.1,104.4,0.903,beauty,West,25.0,0.0791
BEA-1016,3 months,2025-02-17,7,1,49.5,60.8,0.903,beauty,East,25.0,0.0791
BEA-1017,3 months,2025-02-17,7,1,47.0,58.0,0.967,beauty,East,25.0,0.0791
BEA-1018,3 months,2025-02-17,7,1,44.7,59.9,0.807,beauty,North,25.0,0.0791
BEA-1019,3 months,2025-02-17,7,1,38.9,49.8,0.858,beauty,North,25.0,0.0791
BEA-1020,3 months,2025-02-17,7,1,57.9,70.8,0.877,beauty,South,25.0,0.0791
BEA-1021,3 months,2025-02-17,7,1,18.0,24.8,0.852,beauty,Central,25.0,0.0791
BEA-1024,3 months,2025-02-17,7,1,91.2,109.0,0.923,beauty,South,25.0,0.0791
BEA-1025,3 months,2025-02-17,7,1,29.5,38.5,0.91,beauty,West,25.0,0.0791
BEA-1027,3 months,2025-02-17,7,1,56.1,68.8,0.904,beauty,Central,25.0,0.0791
BEA-1028,3 months,2025-02-17,7,1,37.9,48.6,0.957,beauty,South,25.0,0.0791
BEA-1030,3 months,2025-02-17,7,1,47.8,59.3,0.885,beauty,West,25.0,0.0791
BEA-1031,3 months,2025-02-17,7,1,72.6,85.9,0.997,beauty,South,25.0,0.0791
BEA-1032,3 months,2025-02-17,7,1,81.9,96.2,0.955,beauty,North,25.0,0.0791
BEA-1037,3 months,2025-02-17,7,1,38.1,48.9,0.924,beauty,Central,25.0,0.0791
BOO-1000,3 months,2025-02-17,7,1,18.4,26.2,0.832,books_media,North,20.0,0.0494
BOO-1001,3 months,2025-02-17,7,1,29.2,37.3,1.064,books_media,East,20.0,0.0494
BOO-1002,3 months,2025-02-17,7,1,19.8,28.1,0.9,books_media,Central,20.0,0.0494
BOO-1004,3 months,2025-02-17,7,1,35.0,44.1,1.048,books_media,South,20.0,0.0494
BOO-1005,3 months,2025-02-17,7,1,35.2,44.7,1.049,books_media,Central,20.0,0.0494
BOO-1006,3 months,2025-02-17,7,1,34.1,42.8,1.092,books_media,South,20.0,0.0494
BOO-1007,3 months,2025-02-17,7,1,17.2,23.2,1.073,books_media,West,20.0,0.0494
BOO-1008,3 months,2025-02-17,7,1,31.4,40.2,1.142,books_media,Central,20.0,0.0494
BOO-1011,3 months,2025-02-17,7,1,39.1,50.5,1.073,books_media,South,20.0,0.0494
BOO-1016,3 months,2025-02-17,7,1,17.1,24.0,1.1,books_media,North,20.0,0.0494
BOO-1018,3 months,2025-02-17,7,1,13.1,16.5,1.049,books_media,South,20.0,0.0494
BOO-1022,3 months,2025-02-17,7,1,12.3,15.8,1.171,books_media,Central,20.0,0.0494
BOO-1023,3 months,2025-02-17,7,1,23.3,30.1,0.995,books_media,North,20.0,0.0494
BOO-1024,3 months,2025-02-17,7,1,16.6,21.5,1.038,books_media,East,20.0,0.0494
BOO-1025,3 months,2025-02-17,7,1,43.5,55.7,1.036,books_media,Central,20.0,0.0494
BOO-1026,3 months,2025-02-17,7,1,6.4,9.8,1.115,books_media,West,20.0,0.0494
BOO-1027,3 months,2025-02-17,7,1,6.7,11.0,0.644,books_media,North,20.0,0.0494
BOO-1029,3 months,2025-02-17,7,1,32.1,40.8,1.078,books_media,East,20.0,0.0494
BOO-1031,3 months,2025-02-17,7,1,39.3,50.1,0.908,books_media,West,20.0,0.0494
BOO-1033,3 months,2025-02-17,7,1,7.8,10.7,1.222,books_media,East,20.0,0.0494
BOO-1034,3 months,2025-02-17,7,1,26.7,34.0,0.972,books_media,South,20.0,0.0494
BOO-1038,3 months,2025-02-17,7,1,41.3,52.9,1.057,books_media,North,20.0,0.0494
ELE-1002,3 months,2025-02-17,7,1,81.0,92.6,0.935,electronics,South,180.0,0.0888
ELE-1005,3 months,2025-02-17,7,1,20.2,26.3,1.057,electronics,West,180.0,0.0888
ELE-1006,3 months,2025-02-17,7,1,97.4,127.4,0.964,electronics,North,180.0,0.0888
ELE-1011,3 months,2025-02-17,7,1,19.1,25.9,1.135,electronics,Central,180.0,0.0888
ELE-1012,3 months,2025-02-17,7,1,33.8,42.7,0.958,electronics,South,180.0,0.0888
ELE-1013,3 months,2025-02-17,7,1,22.6,28.7,0.919,electronics,East,180.0,0.0888
ELE-1014,3 months,2025-02-17,7,1,17.2,23.2,0.918,electronics,North,180.0,0.0888
ELE-1017,3 months,2025-02-17,7,1,83.8,101.9,0.824,electronics,South,180.0,0.0888
ELE-1018,3 months,2025-02-17,7,1,36.4,44.1,1.031,electronics,East,180.0,0.0888
ELE-1022,3 months,2025-02-17,7,1,38.3,48.8,0.939,electronics,East,180.0,0.0888
ELE-1023,3 months,2025-02-17,7,1,74.5,85.3,1.015,electronics,North,180.0,0.0888
ELE-1024,3 months,2025-02-17,7,1,34.0,46.4,0.846,electronics,Central,180.0,0.0888
ELE-1026,3 months,2025-02-17,7,1,30.7,37.6,0.913,electronics,Central,180.0,0.0888
ELE-1027,3 months,2025-02-17,7,1,39.3,50.8,1.063,electronics,North,180.0,0.0888
ELE-1029,3 months,2025-02-17,7,1,82.5,95.3,0.971,electronics,North,180.0,0.0888
ELE-1031,3 months,2025-02-17,7,1,94.6,108.0,1.119,electronics,South,180.0,0.0888
ELE-1035,3 months,2025-02-17,7,1,42.8,53.5,1.088,electronics,East,180.0,0.0888
ELE-1036,3 months,2025-02-17,7,1,49.8,63.7,1.131,electronics,North,180.0,0.0888
ELE-1038,3 months,2025-02-17,7,1,87.3,97.3,1.104,electronics,South,180.0,0.0888
GRO-1000,3 months,2025-02-17,7,1,97.2,116.9,1.024,grocery,North,15.0,0.0201
GRO-1002,3 months,2025-02-17,7,1,107.1,128.0,0.936,grocery,North,15.0,0.0201
GRO-1004,3 months,2025-02-17,7,1,176.9,227.3,0.949,grocery,North,15.0,0.0201
GRO-1005,3 months,2025-02-17,7,1,134.6,175.8,0.983,grocery,East,15.0,0.0201
GRO-1006,3 months,2025-02-17,7,1,68.0,85.0,1.012,grocery,West,15.0,0.0201
GRO-1007,3 months,2025-02-17,7,1,129.3,154.8,0.978,grocery,South,15.0,0.0201
GRO-1009,3 months,2025-02-17,7,1,30.0,40.5,0.956,grocery,West,15.0,0.0201
GRO-1012,3 months,2025-02-17,7,1,158.1,221.2,0.991,grocery,North,15.0,0.0201
GRO-1015,3 months,2025-02-17,7,1,66.8,83.3,0.963,grocery,North,15.0,0.0201
GRO-1016,3 months,2025-02-17,7,1,84.2,100.3,0.96,grocery,North,15.0,0.0201
GRO-1017,3 months,2025-02-17,7,1,99.3,122.2,0.94,grocery,South,15.0,0.0201
GRO-1024,3 months,2025-02-17,7,1,65.4,79.0,1.025,grocery,South,15.0,0.0201
GRO-1025,3 months,2025-02-17,7,1,89.0,131.9,0.93,grocery,Central,15.0,0.0201
GRO-1027,3 months,2025-02-17,7,1,64.8,80.3,0.942,grocery,West,15.0,0.0201
GRO-1028,3 months,2025-02-17,7,1,116.1,147.7,0.975,grocery,North,15.0,0.0201
GRO-1030,3 months,2025-02-17,7,1,86.7,104.7,0.97,grocery,West,15.0,0.0201
GRO-1034,3 months,2025-02-17,7,1,93.0,113.0,1.046,grocery,North,15.0,0.0201
GRO-1038,3 months,2025-02-17,7,1,50.0,63.3,1.008,grocery,West,15.0,0.0201
HOM-1001,3 months,2025-02-17,7,1,88.0,115.5,0.954,home_kitchen,Central,60.0,0.0981
HOM-1003,3 months,2025-02-17,7,1,24.5,31.1,1.035,home_kitchen,East,60.0,0.0981
HOM-1006,3 months,2025-02-17,7,1,28.8,39.0,0.934,home_kitchen,West,60.0,0.0981
HOM-1010,3 months,2025-02-17,7,1,25.6,34.3,0.997,home_kitchen,West,60.0,0.0981
HOM-1011,3 months,2025-02-17,7,1,70.8,88.0,0.924,home_kitchen,West,60.0,0.0981
HOM-1013,3 months,2025-02-17,7,1,44.0,59.4,1.02,home_kitchen,East,60.0,0.0981
HOM-1015,3 months,2025-02-17,7,1,26.0,34.0,0.87,home_kitchen,South,60.0,0.0981
HOM-1017,3 months,2025-02-17,7,1,55.7,67.9,0.97,home_kitchen,West,60.0,0.0981
HOM-1019,3 months,2025-02-17,7,1,75.7,92.3,0.956,home_kitchen,East,60.0,0.0981
HOM-1022,3 months,2025-02-17,7,1,88.4,114.4,0.992,home_kitchen,Central,60.0,0.0981
HOM-1024,3 months,2025-02-17,7,1,10.4,16.2,1.002,home_kitchen,Central,60.0,0.0981
HOM-1030,3 months,2025-02-17,7,1,34.8,51.5,0.812,home_kitchen,South,60.0,0.0981
HOM-1032,3 months,2025-02-17,7,1,38.8,51.7,1.002,home_kitchen,East,60.0,0.0981
HOM-1035,3 months,2025-02-17,7,1,36.5,45.7,0.974,home_kitchen,South,60.0,0.0981
HOM-1036,3 months,2025-02-17,7,1,75.9,93.4,0.979,home_kitchen,West,60.0,0.0981
HOM-1037,3 months,2025-02-17,7,1,56.5,70.4,0.917,home_kitchen,West,60.0,0.0981
HOM-1038,3 months,2025-02-17,7,1,27.5,36.4,0.888,home_kitchen,North,60.0,0.0981
HOM-1039,3 months,2025-02-17,7,1,39.4,54.9,0.956,home_kitchen,North,60.0,0.0981
SPO-1001,3 months,2025-02-17,7,1,51.6,61.2,0.936,sports_outdoor,East,70.0,0.1196
SPO-1003,3 months,2025-02-17,7,1,55.5,65.5,0.942,sports_outdoor,North,70.0,0.1196
SPO-1004,3 months,2025-02-17,7,1,27.5,34.8,0.964,sports_outdoor,North,70.0,0.1196
SPO-1005,3 months,2025-02-17,7,1,25.4,31.6,1.193,sports_outdoor,Central,70.0,0.1196
SPO-1007,3 months,2025-02-17,7,1,41.6,50.1,1.034,sports_outdoor,North,70.0,0.1196
SPO-1008,3 months,2025-02-17,7,1,25.3,31.6,1.018,sports_outdoor,South,70.0,0.1196
SPO-1009,3 months,2025-02-17,7,1,20.4,26.5,1.021,sports_outdoor,North,70.0,0.1196
SPO-1012,3 months,2025-02-17,7,1,35.3,42.5,1.061,sports_outdoor,North,70.0,0.1196
SPO-1014,3 months,2025-02-17,7,1,25.6,31.5,1.056,sports_outdoor,Central,70.0,0.1196
SPO-1019,3 months,2025-02-17,7,1,46.8,56.7,0.948,sports_outdoor,West,70.0,0.1196
SPO-1021,3 months,2025-02-17,7,1,11.9,15.2,0.915,sports_outdoor,South,70.0,0.1196
SPO-1024,3 months,2025-02-17,7,1,70.6,82.1,1.039,sports_outdoor,Central,70.0,0.1196
SPO-1026,3 months,2025-02-17,7,1,11.5,17.8,0.972,sports_outdoor,West,70.0,0.1196
SPO-1029,3 months,2025-02-17,7,1,43.9,51.8,1.149,sports_outdoor,South,70.0,0.1196
SPO-1030,3 months,2025-02-17,7,1,15.5,22.2,1.067,sports_outdoor,East,70.0,0.1196
SPO-1032,3 months,2025-02-17,7,1,18.4,23.7,0.975,sports_outdoor,Central,70.0,0.1196
SPO-1034,3 months,2025-02-17,7,1,45.5,55.0,1.075,sports_outdoor,North,70.0,0.1196
SPO-1035,3 months,2025-02-17,7,1,58.5,69.5,1.045,sports_outdoor,West,70.0,0.1196
SPO-1036,3 months,2025-02-17,7,1,30.9,37.9,1.026,sports_outdoor,East,70.0,0.1196
SPO-1039,3 months,2025-02-17,7,1,33.0,40.3,1.061,sports_outdoor,Central,70.0,0.1196
TOY-1002,3 months,2025-02-17,7,1,36.2,46.3,0.963,toys_games,East,35.0,0.0707
TOY-1010,3 months,2025-02-17,7,1,37.8,48.4,1.036,toys_games,Central,35.0,0.0707
TOY-1011,3 months,2025-02-17,7,1,12.9,16.8,1.106,toys_games,South,35.0,0.0707
TOY-1013,3 months,2025-02-17,7,1,53.6,66.0,0.96,toys_games,East,35.0,0.0707
TOY-1018,3 months,2025-02-17,7,1,64.8,75.6,0.981,toys_games,East,35.0,0.0707
TOY-1019,3 months,2025-02-17,7,1,21.6,27.6,0.982,toys_games,Central,35.0,0.0707
TOY-1020,3 months,2025-02-17,7,1,29.4,36.8,1.027,toys_games,South,35.0,0.0707
TOY-1021,3 months,2025-02-17,7,1,90.3,101.6,0.913,toys_games,North,35.0,0.0707
TOY-1024,3 months,2025-02-17,7,1,36.7,48.0,0.847,toys_games,South,35.0,0.0707
TOY-1025,3 months,2025-02-17,7,1,17.9,23.9,0.83,toys_games,West,35.0,0.0707
TOY-1030,3 months,2025-02-17,7,1,24.0,31.3,0.993,toys_games,South,35.0,0.0707
TOY-1031,3 months,2025-02-17,7,1,20.2,26.3,0.829,toys_games,South,35.0,0.0707
TOY-1034,3 months,2025-02-17,7,1,98.1,114.1,1.001,toys_games,North,35.0,0.0707
TOY-1035,3 months,2025-02-17,7,1,72.4,81.3,0.979,toys_games,East,35.0,0.0707
TOY-1038,3 months,2025-02-17,7,1,42.1,56.1,1.089,toys_games,South,35.0,0.0707
APP-1000,3 months,2025-02-24,8,1,82.3,92.6,1.108,apparel,West,45.0,0.2808
APP-1001,3 months,2025-02-24,8,1,106.4,113.2,1.011,apparel,East,45.0,0.2808
APP-1002,3 months,2025-02-24,8,1,99.7,108.5,0.926,apparel,North,45.0,0.2808
APP-1004,3 months,2025-02-24,8,1,167.2,190.6,0.898,apparel,Central,45.0,0.2808
APP-1006,3 months,2025-02-24,8,1,88.3,97.9,0.95,apparel,West,45.0,0.2808
APP-1008,3 months,2025-02-24,8,1,121.0,138.1,0.895,apparel,South,45.0,0.2808
APP-1009,3 months,2025-02-24,8,1,35.5,44.7,0.851,apparel,North,45.0,0.2808
APP-1012,3 months,2025-02-24,8,1,149.8,176.0,0.954,apparel,North,45.0,0.2808
APP-1016,3 months,2025-02-24,8,1,53.9,63.8,0.9,apparel,West,45.0,0.2808
APP-1018,3 months,2025-02-24,8,1,36.2,43.7,1.001,apparel,East,45.0,0.2808
APP-1019,3 months,2025-02-24,8,1,111.9,164.5,1.033,apparel,Central,45.0,0.2808
APP-1020,3 months,2025-02-24,8,1,94.3,111.5,0.862,apparel,South,45.0,0.2808
APP-1022,3 months,2025-02-24,8,1,101.2,115.1,0.885,apparel,South,45.0,0.2808
APP-1023,3 months,2025-02-24,8,1,44.5,55.0,0.924,apparel,West,45.0,0.2808
APP-1025,3 months,2025-02-24,8,1,166.9,198.1,0.905,apparel,Central,45.0,0.2808
APP-1027,3 months,2025-02-24,8,1,78.6,90.2,0.854,apparel,South,45.0,0.2808
APP-1028,3 months,2025-02-24,8,1,89.7,102.7,0.851,apparel,North,45.0,0.2808
APP-1029,3 months,2025-02-24,8,1,117.5,135.3,0.889,apparel,North,45.0,0.2808
APP-1031,3 months,2025-02-24,8,1,18.0,25.5,0.918,apparel,Central,45.0,0.2808
APP-1032,3 months,2025-02-24,8,1,119.3,138.1,0.887,apparel,East,45.0,0.2808
APP-1034,3 months,2025-02-24,8,1,56.8,67.8,0.89,apparel,North,45.0,0.2808
APP-1037,3 months,2025-02-24,8,1,67.6,80.4,0.955,apparel,Central,45.0,0.2808
APP-1038,3 months,2025-02-24,8,1,31.5,36.9,0.929,apparel,North,45.0,0.2808
BEA-1004,3 months,2025-02-24,8,1,79.6,94.3,0.968,beauty,West,25.0,0.0791
BEA-1006,3 months,2025-02-24,8,1,83.9,97.7,0.93,beauty,West,25.0,0.0791
BEA-1007,3 months,2025-02-24,8,1,62.3,73.8,0.87,beauty,South,25.0,0.0791
BEA-1009,3 months,2025-02-24,8,1,72.7,81.3,0.909,beauty,East,25.0,0.0791
BEA-1011,3 months,2025-02-24,8,1,44.1,53.8,0.904,beauty,North,25.0,0.0791
BEA-1012,3 months,2025-02-24,8,1,84.8,95.2,1.062,beauty,Central,25.0,0.0791
BEA-1013,3 months,2025-02-24,8,1,66.0,76.9,0.914,beauty,West,25.0,0.0791
BEA-1014,3 months,2025-02-24,8,1,89.6,105.8,0.903,beauty,West,25.0,0.0791
BEA-1016,3 months,2025-02-24,8,1,51.9,62.0,0.903,beauty,East,25.0,0.0791
BEA-1017,3 months,2025-02-24,8,1,49.4,58.7,0.967,beauty,East,25.0,0.0791
BEA-1018,3 months,2025-02-24,8,1,46.5,60.1,0.807,beauty,North,25.0,0.0791
BEA-1019,3 months,2025-02-24,8,1,40.1,50.0,0.858,beauty,North,25.0,0.0791
BEA-1020,3 months,2025-02-24,8,1,61.9,71.6,0.877,beauty,South,25.0,0.0791
BEA-1021,3 months,2025-02-24,8,1,18.2,25.7,0.852,beauty,Central,25.0,0.0791
BEA-1024,3 months,2025-02-24,8,1,90.0,111.7,0.923,beauty,South,25.0,0.0791
BEA-1025,3 months,2025-02-24,8,1,31.7,38.3,0.91,beauty,West,25.0,0.0791
BEA-1027,3 months,2025-02-24,8,1,59.9,70.0,0.904,beauty,Central,25.0,0.0791
BEA-1028,3 months,2025-02-24,8,1,39.8,48.5,0.957,beauty,South,25.0,0.0791
BEA-1030,3 months,2025-02-24,8,1,50.4,60.0,0.885,beauty,West,25.0,0.0791
BEA-1031,3 months,2025-02-24,8,1,76.9,88.6,0.997,beauty,South,25.0,0.0791
BEA-1032,3 months,2025-02-24,8,1,87.3,97.4,0.955,beauty,North,25.0,0.0791
BEA-1037,3 months,2025-02-24,8,1,40.1,49.0,0.924,beauty,Central,25.0,0.0791
BOO-1000,3 months,2025-02-24,8,1,18.6,27.4,0.832,books_media,North,20.0,0.0494
BOO-1001,3 months,2025-02-24,8,1,30.5,39.9,1.064,books_media,East,20.0,0.0494
BOO-1002,3 months,2025-02-24,8,1,21.0,28.8,0.9,books_media,Central,20.0,0.0494
BOO-1004,3 months,2025-02-24,8,1,36.9,46.2,1.048,books_media,South,20.0,0.0494
BOO-1005,3 months,2025-02-24,8,1,36.7,47.3,1.049,books_media,Central,20.0,0.0494
BOO-1006,3 months,2025-02-24,8,1,35.6,44.4,1.092,books_media,South,20.0,0.0494
BOO-1007,3 months,2025-02-24,8,1,17.7,24.5,1.073,books_media,West,20.0,0.0494
BOO-1008,3 months,2025-02-24,8,1,32.7,42.5,1.142,books_media,Central,20.0,0.0494
BOO-1011,3 months,2025-02-24,8,1,40.5,52.9,1.073,books_media,South,20.0,0.0494
BOO-1016,3 months,2025-02-24,8,1,16.9,25.8,1.1,books_media,North,20.0,0.0494
BOO-1018,3 months,2025-02-24,8,1,13.7,18.0,1.049,books_media,South,20.0,0.0494
BOO-1022,3 months,2025-02-24,8,1,12.7,16.3,1.171,books_media,Central,20.0,0.0494
BOO-1023,3 months,2025-02-24,8,1,24.3,31.5,0.995,books_media,North,20.0,0.0494
BOO-1024,3 months,2025-02-24,8,1,16.9,23.2,1.038,books_media,East,20.0,0.0494
BOO-1025,3 months,2025-02-24,8,1,45.5,57.9,1.036,books_media,Central,20.0,0.0494
BOO-1026,3 months,2025-02-24,8,1,7.0,10.3,1.115,books_media,West,20.0,0.0494
BOO-1027,3 months,2025-02-24,8,1,6.9,11.9,0.644,books_media,North,20.0,0.0494
BOO-1029,3 months,2025-02-24,8,1,33.7,42.7,1.078,books_media,East,20.0,0.0494
BOO-1031,3 months,2025-02-24,8,1,41.3,52.3,0.908,books_media,West,20.0,0.0494
BOO-1033,3 months,2025-02-24,8,1,7.9,11.2,1.222,books_media,East,20.0,0.0494
BOO-1034,3 months,2025-02-24,8,1,28.3,35.9,0.972,books_media,South,20.0,0.0494
BOO-1038,3 months,2025-02-24,8,1,44.2,56.3,1.057,books_media,North,20.0,0.0494
ELE-1002,3 months,2025-02-24,8,1,85.8,100.9,0.935,electronics,South,180.0,0.0888
ELE-1005,3 months,2025-02-24,8,1,22.0,27.4,1.057,electronics,West,180.0,0.0888
ELE-1006,3 months,2025-02-24,8,1,99.5,139.8,0.964,electronics,North,180.0,0.0888
ELE-1011,3 months,2025-02-24,8,1,20.3,26.9,1.135,electronics,Central,180.0,0.0888
ELE-1012,3 months,2025-02-24,8,1,35.9,44.8,0.958,electronics,South,180.0,0.0888
ELE-1013,3 months,2025-02-24,8,1,24.5,30.6,0.919,electronics,East,180.0,0.0888
ELE-1014,3 months,2025-02-24,8,1,17.9,23.5,0.918,electronics,North,180.0,0.0888
ELE-1017,3 months,2025-02-24,8,1,87.9,111.7,0.824,electronics,South,180.0,0.0888
ELE-1018,3 months,2025-02-24,8,1,38.1,47.5,1.031,electronics,East,180.0,0.0888
ELE-1022,3 months,2025-02-24,8,1,40.6,52.6,0.939,electronics,East,180.0,0.0888
ELE-1023,3 months,2025-02-24,8,1,79.1,93.4,1.015,electronics,North,180.0,0.0888
ELE-1024,3 months,2025-02-24,8,1,36.8,49.6,0.846,electronics,Central,180.0,0.0888
ELE-1026,3 months,2025-02-24,8,1,31.9,40.1,0.913,electronics,Central,180.0,0.0888
ELE-1027,3 months,2025-02-24,8,1,42.3,56.4,1.063,electronics,North,180.0,0.0888
ELE-1029,3 months,2025-02-24,8,1,87.5,104.0,0.971,electronics,North,180.0,0.0888
ELE-1031,3 months,2025-02-24,8,1,101.0,116.0,1.119,electronics,South,180.0,0.0888
ELE-1035,3 months,2025-02-24,8,1,46.4,57.5,1.088,electronics,East,180.0,0.0888
ELE-1036,3 months,2025-02-24,8,1,53.0,67.5,1.131,electronics,North,180.0,0.0888
ELE-1038,3 months,2025-02-24,8,1,93.3,106.2,1.104,electronics,South,180.0,0.0888
GRO-1000,3 months,2025-02-24,8,1,95.2,113.7,1.024,grocery,North,15.0,0.0201
GRO-1002,3 months,2025-02-24,8,1,104.8,124.5,0.936,grocery,North,15.0,0.0201
GRO-1004,3 months,2025-02-24,8,1,173.1,220.2,0.949,grocery,North,15.0,0.0201
GRO-1005,3 months,2025-02-24,8,1,131.7,171.3,0.983,grocery,East,15.0,0.0201
GRO-1006,3 months,2025-02-24,8,1,66.5,82.4,1.012,grocery,West,15.0,0.0201
GRO-1007,3 months,2025-02-24,8,1,126.6,150.8,0.978,grocery,South,15.0,0.0201
GRO-1009,3 months,2025-02-24,8,1,29.4,39.8,0.956,grocery,West,15.0,0.0201
GRO-1012,3 months,2025-02-24,8,1,144.8,214.0,0.991,grocery,North,15.0,0.0201
GRO-1015,3 months,2025-02-24,8,1,65.4,80.4,0.963,grocery,North,15.0,0.0201
GRO-1016,3 months,2025-02-24,8,1,82.5,96.7,0.96,grocery,North,15.0,0.0201
GRO-1017,3 months,2025-02-24,8,1,97.0,118.7,0.94,grocery,South,15.0,0.0201
GRO-1024,3 months,2025-02-24,8,1,64.0,75.7,1.025,grocery,South,15.0,0.0201
GRO-1025,3 months,2025-02-24,8,1,87.1,128.2,0.93,grocery,Central,15.0,0.0201
GRO-1027,3 months,2025-02-24,8,1,63.4,78.4,0.942,grocery,West,15.0,0.0201
GRO-1028,3 months,2025-02-24,8,1,113.6,143.7,0.975,grocery,North,15.0,0.0201
GRO-1030,3 months,2025-02-24,8,1,85.0,101.9,0.97,grocery,West,15.0,0.0201
GRO-1034,3 months,2025-02-24,8,1,91.4,111.0,1.046,grocery,North,15.0,0.0201
GRO-1038,3 months,2025-02-24,8,1,48.9,61.8,1.008,grocery,West,15.0,0.0201
HOM-1001,3 months,2025-02-24,8,1,88.5,114.3,0.954,home_kitchen,Central,60.0,0.0981
HOM-1003,3 months,2025-02-24,8,1,24.6,31.7,1.035,home_kitchen,East,60.0,0.0981
HOM-1006,3 months,2025-02-24,8,1,28.8,39.4,0.934,home_kitchen,West,60.0,0.0981
HOM-1010,3 months,2025-02-24,8,1,25.9,33.8,0.997,home_kitchen,West,60.0,0.0981
HOM-1011,3 months,2025-02-24,8,1,71.2,87.0,0.924,home_kitchen,West,60.0,0.0981
HOM-1013,3 months,2025-02-24,8,1,45.3,59.9,1.02,home_kitchen,East,60.0,0.0981
HOM-1015,3 months,2025-02-24,8,1,25.4,34.1,0.87,home_kitchen,South,60.0,0.0981
HOM-1017,3 months,2025-02-24,8,1,55.7,68.5,0.97,home_kitchen,West,60.0,0.0981
HOM-1019,3 months,2025-02-24,8,1,76.1,92.8,0.956,home_kitchen,East,60.0,0.0981
HOM-1022,3 months,2025-02-24,8,1,88.9,115.1,0.992,home_kitchen,Central,60.0,0.0981
HOM-1024,3 months,2025-02-24,8,1,9.9,16.3,1.002,home_kitchen,Central,60.0,0.0981
HOM-1030,3 months,2025-02-24,8,1,35.0,51.8,0.812,home_kitchen,South,60.0,0.0981
HOM-1032,3 months,2025-02-24,8,1,39.0,52.2,1.002,home_kitchen,East,60.0,0.0981
HOM-1035,3 months,2025-02-24,8,1,36.7,46.3,0.974,home_kitchen,South,60.0,0.0981
HOM-1036,3 months,2025-02-24,8,1,76.3,93.8,0.979,home_kitchen,West,60.0,0.0981
HOM-1037,3 months,2025-02-24,8,1,57.1,73.0,0.917,home_kitchen,West,60.0,0.0981
HOM-1038,3 months,2025-02-24,8,1,27.3,37.3,0.888,home_kitchen,North,60.0,0.0981
HOM-1039,3 months,2025-02-24,8,1,39.6,55.2,0.956,home_kitchen,North,60.0,0.0981
SPO-1001,3 months,2025-02-24,8,1,51.0,62.6,0.936,sports_outdoor,East,70.0,0.1196
SPO-1003,3 months,2025-02-24,8,1,54.8,67.1,0.942,sports_outdoor,North,70.0,0.1196
SPO-1004,3 months,2025-02-24,8,1,25.5,34.6,0.964,sports_outdoor,North,70.0,0.1196
SPO-1005,3 months,2025-02-24,8,1,25.3,31.6,1.193,sports_outdoor,Central,70.0,0.1196
SPO-1007,3 months,2025-02-24,8,1,41.4,52.1,1.034,sports_outdoor,North,70.0,0.1196
SPO-1008,3 months,2025-02-24,8,1,24.4,31.2,1.018,sports_outdoor,South,70.0,0.1196
SPO-1009,3 months,2025-02-24,8,1,20.2,25.8,1.021,sports_outdoor,North,70.0,0.1196
SPO-1012,3 months,2025-02-24,8,1,33.8,43.7,1.061,sports_outdoor,North,70.0,0.1196
SPO-1014,3 months,2025-02-24,8,1,25.3,31.3,1.056,sports_outdoor,Central,70.0,0.1196
SPO-1019,3 months,2025-02-24,8,1,45.8,58.6,0.948,sports_outdoor,West,70.0,0.1196
SPO-1021,3 months,2025-02-24,8,1,11.7,16.1,0.915,sports_outdoor,South,70.0,0.1196
SPO-1024,3 months,2025-02-24,8,1,70.7,83.7,1.039,sports_outdoor,Central,70.0,0.1196
SPO-1026,3 months,2025-02-24,8,1,11.9,18.9,0.972,sports_outdoor,West,70.0,0.1196
SPO-1029,3 months,2025-02-24,8,1,42.4,54.0,1.149,sports_outdoor,South,70.0,0.1196
SPO-1030,3 months,2025-02-24,8,1,15.2,24.0,1.067,sports_outdoor,East,70.0,0.1196
SPO-1032,3 months,2025-02-24,8,1,18.1,24.4,0.975,sports_outdoor,Central,70.0,0.1196
SPO-1034,3 months,2025-02-24,8,1,45.5,56.7,1.075,sports_outdoor,North,70.0,0.1196
SPO-1035,3 months,2025-02-24,8,1,56.7,71.7,1.045,sports_outdoor,West,70.0,0.1196
SPO-1036,3 months,2025-02-24,8,1,30.2,38.8,1.026,sports_outdoor,East,70.0,0.1196
SPO-1039,3 months,2025-02-24,8,1,32.8,41.9,1.061,sports_outdoor,Central,70.0,0.1196
TOY-1002,3 months,2025-02-24,8,1,36.4,46.9,0.963,toys_games,East,35.0,0.0707
TOY-1010,3 months,2025-02-24,8,1,37.9,49.1,1.036,toys_games,Central,35.0,0.0707
TOY-1011,3 months,2025-02-24,8,1,13.8,18.0,1.106,toys_games,South,35.0,0.0707
TOY-1013,3 months,2025-02-24,8,1,54.1,66.9,0.96,toys_games,East,35.0,0.0707
TOY-1018,3 months,2025-02-24,8,1,65.6,76.2,0.981,toys_games,East,35.0,0.0707
TOY-1019,3 months,2025-02-24,8,1,21.2,27.6,0.982,toys_games,Central,35.0,0.0707
TOY-1020,3 months,2025-02-24,8,1,27.5,38.1,1.027,toys_games,South,35.0,0.0707
TOY-1021,3 months,2025-02-24,8,1,92.3,103.3,0.913,toys_games,North,35.0,0.0707
TOY-1024,3 months,2025-02-24,8,1,36.4,48.8,0.847,toys_games,South,35.0,0.0707
TOY-1025,3 months,2025-02-24,8,1,18.5,24.5,0.83,toys_games,West,35.0,0.0707
TOY-1030,3 months,2025-02-24,8,1,24.1,32.9,0.993,toys_games,South,35.0,0.0707
TOY-1031,3 months,2025-02-24,8,1,20.5,27.8,0.829,toys_games,South,35.0,0.0707
TOY-1034,3 months,2025-02-24,8,1,100.3,116.3,1.001,toys_games,North,35.0,0.0707
TOY-1035,3 months,2025-02-24,8,1,73.9,83.7,0.979,toys_games,East,35.0,0.0707
TOY-1038,3 months,2025-02-24,8,1,42.9,57.6,1.089,toys_games,South,35.0,0.0707
APP-1000,3 months,2025-03-03,9,1,78.3,86.6,1.108,apparel,West,45.0,0.2808
APP-1001,3 months,2025-03-03,9,1,100.4,106.6,1.011,apparel,East,45.0,0.2808
APP-1002,3 months,2025-03-03,9,1,94.3,102.2,0.926,apparel,North,45.0,0.2808
APP-1004,3 months,2025-03-03,9,1,160.6,181.5,0.898,apparel,Central,45.0,0.2808
APP-1006,3 months,2025-03-03,9,1,84.2,92.1,0.95,apparel,West,45.0,0.2808
APP-1008,3 months,2025-03-03,9,1,115.9,131.9,0.895,apparel,South,45.0,0.2808
APP-1009,3 months,2025-03-03,9,1,34.3,43.6,0.851,apparel,North,45.0,0.2808
APP-1012,3 months,2025-03-03,9,1,152.7,166.1,0.954,apparel,North,45.0,0.2808
APP-1016,3 months,2025-03-03,9,1,51.0,60.8,0.9,apparel,West,45.0,0.2808
APP-1018,3 months,2025-03-03,9,1,34.6,41.4,1.001,apparel,East,45.0,0.2808
APP-1019,3 months,2025-03-03,9,1,105.6,151.5,1.033,apparel,Central,45.0,0.2808
APP-1020,3 months,2025-03-03,9,1,90.5,105.1,0.862,apparel,South,45.0,0.2808
APP-1022,3 months,2025-03-03,9,1,97.2,108.9,0.885,apparel,South,45.0,0.2808
APP-1023,3 months,2025-03-03,9,1,43.8,53.2,0.924,apparel,West,45.0,0.2808
APP-1025,3 months,2025-03-03,9,1,173.0,189.5,0.905,apparel,Central,45.0,0.2808
APP-1027,3 months,2025-03-03,9,1,74.6,85.0,0.854,apparel,South,45.0,0.2808
APP-1028,3 months,2025-03-03,9,1,85.2,96.1,0.851,apparel,North,45.0,0.2808
APP-1029,3 months,2025-03-03,9,1,112.5,130.8,0.889,apparel,North,45.0,0.2808
APP-1031,3 months,2025-03-03,9,1,16.7,22.4,0.918,apparel,Central,45.0,0.2808
APP-1032,3 months,2025-03-03,9,1,115.6,135.9,0.887,apparel,East,45.0,0.2808
APP-1034,3 months,2025-03-03,9,1,53.9,64.8,0.89,apparel,North,45.0,0.2808
APP-1037,3 months,2025-03-03,9,1,63.8,74.3,0.955,apparel,Central,45.0,0.2808
APP-1038,3 months,2025-03-03,9,1,29.5,35.4,0.929,apparel,North,45.0,0.2808
BEA-1004,3 months,2025-03-03,9,1,78.8,96.5,0.968,beauty,West,25.0,0.0791
BEA-1006,3 months,2025-03-03,9,1,83.0,98.9,0.93,beauty,West,25.0,0.0791
BEA-1007,3 months,2025-03-03,9,1,62.4,75.0,0.87,beauty,South,25.0,0.0791
BEA-1009,3 months,2025-03-03,9,1,72.9,81.5,0.909,beauty,East,25.0,0.0791
BEA-1011,3 months,2025-03-03,9,1,43.8,54.0,0.904,beauty,North,25.0,0.0791
BEA-1012,3 months,2025-03-03,9,1,79.6,95.7,1.062,beauty,Central,25.0,0.0791
BEA-1013,3 months,2025-03-03,9,1,66.0,79.9,0.914,beauty,West,25.0,0.0791
BEA-1014,3 months,2025-03-03,9,1,89.5,106.4,0.903,beauty,West,25.0,0.0791
BEA-1016,3 months,2025-03-03,9,1,51.8,62.3,0.903,beauty,East,25.0,0.0791
BEA-1017,3 months,2025-03-03,9,1,49.2,58.9,0.967,beauty,East,25.0,0.0791
BEA-1018,3 months,2025-03-03,9,1,46.1,60.4,0.807,beauty,North,25.0,0.0791
BEA-1019,3 months,2025-03-03,9,1,40.4,49.9,0.858,beauty,North,25.0,0.0791
BEA-1020,3 months,2025-03-03,9,1,61.0,70.8,0.877,beauty,South,25.0,0.0791
BEA-1021,3 months,2025-03-03,9,1,18.2,25.9,0.852,beauty,Central,25.0,0.0791
BEA-1024,3 months,2025-03-03,9,1,89.7,112.4,0.923,beauty,South,25.0,0.0791
BEA-1025,3 months,2025-03-03,9,1,31.8,38.5,0.91,beauty,West,25.0,0.0791
BEA-1027,3 months,2025-03-03,9,1,60.4,70.6,0.904,beauty,Central,25.0,0.0791
BEA-1028,3 months,2025-03-03,9,1,39.7,48.9,0.957,beauty,South,25.0,0.0791
BEA-1030,3 months,2025-03-03,9,1,50.6,60.3,0.885,beauty,West,25.0,0.0791
BEA-1031,3 months,2025-03-03,9,1,77.0,88.7,0.997,beauty,South,25.0,0.0791
BEA-1032,3 months,2025-03-03,9,1,87.0,97.9,0.955,beauty,North,25.0,0.0791
BEA-1037,3 months,2025-03-03,9,1,40.2,49.1,0.924,beauty,Central,25.0,0.0791
BOO-1000,3 months,2025-03-03,9,1,18.4,27.0,0.832,books_media,North,20.0,0.0494
BOO-1001,3 months,2025-03-03,9,1,29.9,39.3,1.064,books_media,East,20.0,0.0494
BOO-1002,3 months,2025-03-03,9,1,20.6,28.6,0.9,books_media,Central,20.0,0.0494
BOO-1004,3 months,2025-03-03,9,1,36.4,45.8,1.048,books_media,South,20.0,0.0494
BOO-1005,3 months,2025-03-03,9,1,36.3,46.2,1.049,books_media,Central,20.0,0.0494
BOO-1006,3 months,2025-03-03,9,1,35.2,44.1,1.092,books_media,South,20.0,0.0494
BOO-1007,3 months,2025-03-03,9,1,17.7,24.7,1.073,books_media,West,20.0,0.0494
BOO-1008,3 months,2025-03-03,9,1,32.1,42.1,1.142,books_media,Central,20.0,0.0494
BOO-1011,3 months,2025-03-03,9,1,39.8,52.5,1.073,books_media,South,20.0,0.0494
BOO-1016,3 months,2025-03-03,9,1,16.7,25.8,1.1,books_media,North,20.0,0.0494
BOO-1018,3 months,2025-03-03,9,1,13.7,17.9,1.049,books_media,South,20.0,0.0494
BOO-1022,3 months,2025-03-03,9,1,12.8,16.2,1.171,books_media,Central,20.0,0.0494
BOO-1023,3 months,2025-03-03,9,1,23.9,31.6,0.995,books_media,North,20.0,0.0494
BOO-1024,3 months,2025-03-03,9,1,17.7,23.2,1.038,books_media,East,20.0,0.0494
BOO-1025,3 months,2025-03-03,9,1,44.9,57.5,1.036,books_media,Central,20.0,0.0494
BOO-1026,3 months,2025-03-03,9,1,7.1,10.4,1.115,books_media,West,20.0,0.0494
BOO-1027,3 months,2025-03-03,9,1,7.0,11.6,0.644,books_media,North,20.0,0.0494
BOO-1029,3 months,2025-03-03,9,1,33.3,42.3,1.078,books_media,East,20.0,0.0494
BOO-1031,3 months,2025-03-03,9,1,40.8,51.8,0.908,books_media,West,20.0,0.0494
BOO-1033,3 months,2025-03-03,9,1,7.3,11.1,1.222,books_media,East,20.0,0.0494
BOO-1034,3 months,2025-03-03,9,1,27.8,35.7,0.972,books_media,South,20.0,0.0494
BOO-1038,3 months,2025-03-03,9,1,42.2,55.3,1.057,books_media,North,20.0,0.0494
ELE-1002,3 months,2025-03-03,9,1,82.3,93.7,0.935,electronics,South,180.0,0.0888
ELE-1005,3 months,2025-03-03,9,1,20.6,26.5,1.057,electronics,West,180.0,0.0888
ELE-1006,3 months,2025-03-03,9,1,98.4,130.2,0.964,electronics,North,180.0,0.0888
ELE-1011,3 months,2025-03-03,9,1,19.8,26.2,1.135,electronics,Central,180.0,0.0888
ELE-1012,3 months,2025-03-03,9,1,33.4,42.6,0.958,electronics,South,180.0,0.0888
ELE-1013,3 months,2025-03-03,9,1,22.9,28.7,0.919,electronics,East,180.0,0.0888
ELE-1014,3 months,2025-03-03,9,1,17.2,23.3,0.918,electronics,North,180.0,0.0888
ELE-1017,3 months,2025-03-03,9,1,83.5,103.8,0.824,electronics,South,180.0,0.0888
ELE-1018,3 months,2025-03-03,9,1,37.6,44.6,1.031,electronics,East,180.0,0.0888
ELE-1022,3 months,2025-03-03,9,1,38.3,48.8,0.939,electronics,East,180.0,0.0888
ELE-1023,3 months,2025-03-03,9,1,75.3,86.4,1.015,electronics,North,180.0,0.0888
ELE-1024,3 months,2025-03-03,9,1,34.7,46.6,0.846,electronics,Central,180.0,0.0888
ELE-1026,3 months,2025-03-03,9,1,31.0,38.1,0.913,electronics,Central,180.0,0.0888
ELE-1027,3 months,2025-03-03,9,1,39.8,50.6,1.063,electronics,North,180.0,0.0888
ELE-1029,3 months,2025-03-03,9,1,83.0,96.5,0.971,electronics,North,180.0,0.0888
ELE-1031,3 months,2025-03-03,9,1,95.6,109.2,1.119,electronics,South,180.0,0.0888
ELE-1035,3 months,2025-03-03,9,1,43.2,55.9,1.088,electronics,East,180.0,0.0888
ELE-1036,3 months,2025-03-03,9,1,50.3,64.1,1.131,electronics,North,180.0,0.0888
ELE-1038,3 months,2025-03-03,9,1,88.8,98.1,1.104,electronics,South,180.0,0.0888
GRO-1000,3 months,2025-03-03,9,1,100.4,122.2,1.024,grocery,North,15.0,0.0201
GRO-1002,3 months,2025-03-03,9,1,109.0,133.0,0.936,grocery,North,15.0,0.0201
GRO-1004,3 months,2025-03-03,9,1,178.8,228.9,0.949,grocery,North,15.0,0.0201
GRO-1005,3 months,2025-03-03,9,1,139.2,179.6,0.983,grocery,East,15.0,0.0201
GRO-1006,3 months,2025-03-03,9,1,69.8,87.8,1.012,grocery,West,15.0,0.0201
GRO-1007,3 months,2025-03-03,9,1,133.9,159.9,0.978,grocery,South,15.0,0.0201
GRO-1009,3 months,2025-03-03,9,1,30.8,42.0,0.956,grocery,West,15.0,0.0201
GRO-1012,3 months,2025-03-03,9,1,151.4,227.6,0.991,grocery,North,15.0,0.0201
GRO-1015,3 months,2025-03-03,9,1,67.5,87.0,0.963,grocery,North,15.0,0.0201
GRO-1016,3 months,2025-03-03,9,1,85.3,101.3,0.96,grocery,North,15.0,0.0201
GRO-1017,3 months,2025-03-03,9,1,103.2,126.0,0.94,grocery,South,15.0,0.0201
GRO-1024,3 months,2025-03-03,9,1,66.7,80.9,1.025,grocery,South,15.0,0.0201
GRO-1025,3 months,2025-03-03,9,1,89.6,137.1,0.93,grocery,Central,15.0,0.0201
GRO-1027,3 months,2025-03-03,9,1,66.3,82.9,0.942,grocery,West,15.0,0.0201
GRO-1028,3 months,2025-03-03,9,1,117.9,148.1,0.975,grocery,North,15.0,0.0201
GRO-1030,3 months,2025-03-03,9,1,87.8,108.3,0.97,grocery,West,15.0,0.0201
GRO-1034,3 months,2025-03-03,9,1,96.0,116.5,1.046,grocery,North,15.0,0.0201
GRO-1038,3 months,2025-03-03,9,1,50.1,65.7,1.008,grocery,West,15.0,0.0201
HOM-1001,3 months,2025-03-03,9,1,78.8,116.5,0.954,home_kitchen,Central,60.0,0.0981
HOM-1003,3 months,2025-03-03,9,1,24.3,31.1,1.035,home_kitchen,East,60.0,0.0981
HOM-1006,3 months,2025-03-03,9,1,29.0,38.7,0.934,home_kitchen,West,60.0,0.0981
HOM-1010,3 months,2025-03-03,9,1,25.8,34.0,0.997,home_kitchen,West,60.0,0.0981
HOM-1011,3 months,2025-03-03,9,1,70.8,88.1,0.924,home_kitchen,West,60.0,0.0981
HOM-1013,3 months,2025-03-03,9,1,45.0,60.0,1.02,home_kitchen,East,60.0,0.0981
HOM-1015,3 months,2025-03-03,9,1,26.1,33.7,0.87,home_kitchen,South,60.0,0.0981
HOM-1017,3 months,2025-03-03,9,1,55.5,68.2,0.97,home_kitchen,West,60.0,0.0981
HOM-1019,3 months,2025-03-03,9,1,75.8,93.1,0.956,home_kitchen,East,60.0,0.0981
HOM-1022,3 months,2025-03-03,9,1,88.5,116.6,0.992,home_kitchen,Central,60.0,0.0981
HOM-1024,3 months,2025-03-03,9,1,10.1,16.1,1.002,home_kitchen,Central,60.0,0.0981
HOM-1030,3 months,2025-03-03,9,1,34.3,51.0,0.812,home_kitchen,South,60.0,0.0981
HOM-1032,3 months,2025-03-03,9,1,38.8,50.7,1.002,home_kitchen,East,60.0,0.0981
HOM-1035,3 months,2025-03-03,9,1,36.6,45.5,0.974,home_kitchen,South,60.0,0.0981
HOM-1036,3 months,2025-03-03,9,1,75.8,93.9,0.979,home_kitchen,West,60.0,0.0981
HOM-1037,3 months,2025-03-03,9,1,56.6,71.8,0.917,home_kitchen,West,60.0,0.0981
HOM-1038,3 months,2025-03-03,9,1,27.0,36.3,0.888,home_kitchen,North,60.0,0.0981
HOM-1039,3 months,2025-03-03,9,1,39.4,55.0,0.956,home_kitchen,North,60.0,0.0981
SPO-1001,3 months,2025-03-03,9,1,50.3,63.2,0.936,sports_outdoor,East,70.0,0.1196
SPO-1003,3 months,2025-03-03,9,1,55.2,67.2,0.942,sports_outdoor,North,70.0,0.1196
SPO-1004,3 months,2025-03-03,9,1,25.6,34.9,0.964,sports_outdoor,North,70.0,0.1196
SPO-1005,3 months,2025-03-03,9,1,25.2,31.7,1.193,sports_outdoor,Central,70.0,0.1196
SPO-1007,3 months,2025-03-03,9,1,40.9,52.5,1.034,sports_outdoor,North,70.0,0.1196
SPO-1008,3 months,2025-03-03,9,1,24.3,32.4,1.018,sports_outdoor,South,70.0,0.1196
SPO-1009,3 months,2025-03-03,9,1,19.8,25.4,1.021,sports_outdoor,North,70.0,0.1196
SPO-1012,3 months,2025-03-03,9,1,33.9,43.8,1.061,sports_outdoor,North,70.0,0.1196
SPO-1014,3 months,2025-03-03,9,1,25.3,32.0,1.056,sports_outdoor,Central,70.0,0.1196
SPO-1019,3 months,2025-03-03,9,1,46.6,58.8,0.948,sports_outdoor,West,70.0,0.1196
SPO-1021,3 months,2025-03-03,9,1,11.9,16.0,0.915,sports_outdoor,South,70.0,0.1196
SPO-1024,3 months,2025-03-03,9,1,70.8,83.6,1.039,sports_outdoor,Central,70.0,0.1196
SPO-1026,3 months,2025-03-03,9,1,12.0,18.8,0.972,sports_outdoor,West,70.0,0.1196
SPO-1029,3 months,2025-03-03,9,1,42.5,54.2,1.149,sports_outdoor,South,70.0,0.1196
SPO-1030,3 months,2025-03-03,9,1,15.2,24.0,1.067,sports_outdoor,East,70.0,0.1196
SPO-1032,3 months,2025-03-03,9,1,18.2,24.5,0.975,sports_outdoor,Central,70.0,0.1196
SPO-1034,3 months,2025-03-03,9,1,45.6,57.1,1.075,sports_outdoor,North,70.0,0.1196
SPO-1035,3 months,2025-03-03,9,1,56.8,72.1,1.045,sports_outdoor,West,70.0,0.1196
SPO-1036,3 months,2025-03-03,9,1,30.1,38.7,1.026,sports_outdoor,East,70.0,0.1196
SPO-1039,3 months,2025-03-03,9,1,32.9,41.7,1.061,sports_outdoor,Central,70.0,0.1196
TOY-1002,3 months,2025-03-03,9,1,32.6,45.1,0.963,toys_games,East,35.0,0.0707
TOY-1010,3 months,2025-03-03,9,1,34.9,46.8,1.036,toys_games,Central,35.0,0.0707
TOY-1011,3 months,2025-03-03,9,1,12.9,16.0,1.106,toys_games,South,35.0,0.0707
TOY-1013,3 months,2025-03-03,9,1,51.5,63.9,0.96,toys_games,East,35.0,0.0707
TOY-1018,3 months,2025-03-03,9,1,61.7,72.6,0.981,toys_games,East,35.0,0.0707
TOY-1019,3 months,2025-03-03,9,1,20.9,26.7,0.982,toys_games,Central,35.0,0.0707
TOY-1020,3 months,2025-03-03,9,1,26.4,36.2,1.027,toys_games,South,35.0,0.0707
TOY-1021,3 months,2025-03-03,9,1,88.4,99.3,0.913,toys_games,North,35.0,0.0707
TOY-1024,3 months,2025-03-03,9,1,33.5,47.0,0.847,toys_games,South,35.0,0.0707
TOY-1025,3 months,2025-03-03,9,1,17.6,23.5,0.83,toys_games,West,35.0,0.0707
TOY-1030,3 months,2025-03-03,9,1,23.2,30.1,0.993,toys_games,South,35.0,0.0707
TOY-1031,3 months,2025-03-03,9,1,19.9,26.9,0.829,toys_games,South,35.0,0.0707
TOY-1034,3 months,2025-03-03,9,1,97.3,111.3,1.001,toys_games,North,35.0,0.0707
TOY-1035,3 months,2025-03-03,9,1,70.5,80.7,0.979,toys_games,East,35.0,0.0707
TOY-1038,3 months,2025-03-03,9,1,42.1,55.7,1.089,toys_games,South,35.0,0.0707
APP-1000,3 months,2025-03-10,10,1,79.7,86.2,1.108,apparel,West,45.0,0.2808
APP-1001,3 months,2025-03-10,10,1,102.6,109.4,1.011,apparel,East,45.0,0.2808
APP-1002,3 months,2025-03-10,10,1,96.5,104.8,0.926,apparel,North,45.0,0.2808
APP-1004,3 months,2025-03-10,10,1,161.6,185.5,0.898,apparel,Central,45.0,0.2808
APP-1006,3 months,2025-03-10,10,1,86.1,94.4,0.95,apparel,West,45.0,0.2808
APP-1008,3 months,2025-03-10,10,1,118.5,135.3,0.895,apparel,South,45.0,0.2808
APP-1009,3 months,2025-03-10,10,1,35.1,43.9,0.851,apparel,North,45.0,0.2808
APP-1012,3 months,2025-03-10,10,1,156.1,170.2,0.954,apparel,North,45.0,0.2808
APP-1016,3 months,2025-03-10,10,1,52.0,62.3,0.9,apparel,West,45.0,0.2808
APP-1018,3 months,2025-03-10,10,1,34.4,42.2,1.001,apparel,East,45.0,0.2808
APP-1019,3 months,2025-03-10,10,1,108.0,157.4,1.033,apparel,Central,45.0,0.2808
APP-1020,3 months,2025-03-10,10,1,92.8,107.5,0.862,apparel,South,45.0,0.2808
APP-1022,3 months,2025-03-10,10,1,99.2,111.4,0.885,apparel,South,45.0,0.2808
APP-1023,3 months,2025-03-10,10,1,44.7,56.5,0.924,apparel,West,45.0,0.2808
APP-1025,3 months,2025-03-10,10,1,176.9,194.5,0.905,apparel,Central,45.0,0.2808
APP-1027,3 months,2025-03-10,10,1,76.6,87.0,0.854,apparel,South,45.0,0.2808
APP-1028,3 months,2025-03-10,10,1,87.3,99.1,0.851,apparel,North,45.0,0.2808
APP-1029,3 months,2025-03-10,10,1,114.9,132.5,0.889,apparel,North,45.0,0.2808
APP-1031,3 months,2025-03-10,10,1,16.5,24.0,0.918,apparel,Central,45.0,0.2808
APP-1032,3 months,2025-03-10,10,1,116.7,133.5,0.887,apparel,East,45.0,0.2808
APP-1034,3 months,2025-03-10,10,1,55.2,69.0,0.89,apparel,North,45.0,0.2808
APP-1037,3 months,2025-03-10,10,1,65.1,76.2,0.955,apparel,Central,45.0,0.2808
APP-1038,3 months,2025-03-10,10,1,30.1,35.7,0.929,apparel,North,45.0,0.2808
BEA-1004,3 months,2025-03-10,10,1,74.8,95.0,0.968,beauty,West,25.0,0.0791
BEA-1006,3 months,2025-03-10,10,1,78.8,96.6,0.93,beauty,West,25.0,0.0791
BEA-1007,3 months,2025-03-10,10,1,59.2,72.6,0.87,beauty,South,25.0,0.0791
BEA-1009,3 months,2025-03-10,10,1,69.7,80.8,0.909,beauty,East,25.0,0.0791
BEA-1011,3 months,2025-03-10,10,1,41.7,53.2,0.904,beauty,North,25.0,0.0791
BEA-1012,3 months,2025-03-10,10,1,74.6,94.2,1.062,beauty,Central,25.0,0.0791
BEA-1013,3 months,2025-03-10,10,1,62.4,76.0,0.914,beauty,West,25.0,0.0791
BEA-1014,3 months,2025-03-10,10,1,85.9,104.9,0.903,beauty,West,25.0,0.0791
BEA-1016,3 months,2025-03-10,10,1,49.3,61.2,0.903,beauty,East,25.0,0.0791
BEA-1017,3 months,2025-03-10,10,1,46.8,58.0,0.967,beauty,East,25.0,0.0791
BEA-1018,3 months,2025-03-10,10,1,44.2,59.5,0.807,beauty,North,25.0,0.0791
BEA-1019,3 months,2025-03-10,10,1,38.9,49.7,0.858,beauty,North,25.0,0.0791
BEA-1020,3 months,2025-03-10,10,1,57.8,69.0,0.877,beauty,South,25.0,0.0791
BEA-1021,3 months,2025-03-10,10,1,17.3,24.5,0.852,beauty,Central,25.0,0.0791
BEA-1024,3 months,2025-03-10,10,1,90.9,110.8,0.923,beauty,South,25.0,0.0791
BEA-1025,3 months,2025-03-10,10,1,30.1,37.6,0.91,beauty,West,25.0,0.0791
BEA-1027,3 months,2025-03-10,10,1,57.5,69.7,0.904,beauty,Central,25.0,0.0791
BEA-1028,3 months,2025-03-10,10,1,37.6,47.9,0.957,beauty,South,25.0,0.0791
BEA-1030,3 months,2025-03-10,10,1,48.2,59.4,0.885,beauty,West,25.0,0.0791
BEA-1031,3 months,2025-03-10,10,1,72.5,87.1,0.997,beauty,South,25.0,0.0791
BEA-1032,3 months,2025-03-10,10,1,82.6,95.8,0.955,beauty,North,25.0,0.0791
BEA-1037,3 months,2025-03-10,10,1,38.2,48.2,0.924,beauty,Central,25.0,0.0791
BOO-1000,3 months,2025-03-10,10,1,18.3,27.6,0.832,books_media,North,20.0,0.0494
BOO-1001,3 months,2025-03-10,10,1,30.5,39.1,1.064,books_media,East,20.0,0.0494
BOO-1002,3 months,2025-03-10,10,1,21.2,28.7,0.9,books_media,Central,20.0,0.0494
BOO-1004,3 months,2025-03-10,10,1,36.9,46.3,1.048,books_media,South,20.0,0.0494
BOO-1005,3 months,2025-03-10,10,1,36.7,47.7,1.049,books_media,Central,20.0,0.0494
BOO-1006,3 months,2025-03-10,10,1,36.5,44.9,1.092,books_media,South,20.0,0.0494
BOO-1007,3 months,2025-03-10,10,1,18.3,24.8,1.073,books_media,West,20.0,0.0494
BOO-1008,3 months,2025-03-10,10,1,32.7,42.9,1.142,books_media,Central,20.0,0.0494
BOO-1011,3 months,2025-03-10,10,1,40.5,53.4,1.073,books_media,South,20.0,0.0494
BOO-1016,3 months,2025-03-10,10,1,16.9,25.5,1.1,books_media,North,20.0,0.0494
BOO-1018,3 months,2025-03-10,10,1,14.1,18.2,1.049,books_media,South,20.0,0.0494
BOO-1022,3 months,2025-03-10,10,1,12.6,16.6,1.171,books_media,Central,20.0,0.0494
BOO-1023,3 months,2025-03-10,10,1,24.4,32.2,0.995,books_media,North,20.0,0.0494
BOO-1024,3 months,2025-03-10,10,1,16.6,23.5,1.038,books_media,East,20.0,0.0494
BOO-1025,3 months,2025-03-10,10,1,46.0,58.3,1.036,books_media,Central,20.0,0.0494
BOO-1026,3 months,2025-03-10,10,1,6.7,10.6,1.115,books_media,West,20.0,0.0494
BOO-1027,3 months,2025-03-10,10,1,7.0,12.0,0.644,books_media,North,20.0,0.0494
BOO-1029,3 months,2025-03-10,10,1,33.8,42.8,1.078,books_media,East,20.0,0.0494
BOO-1031,3 months,2025-03-10,10,1,41.6,52.8,0.908,books_media,West,20.0,0.0494
BOO-1033,3 months,2025-03-10,10,1,7.9,11.3,1.222,books_media,East,20.0,0.0494
BOO-1034,3 months,2025-03-10,10,1,27.9,36.4,0.972,books_media,South,20.0,0.0494
BOO-1038,3 months,2025-03-10,10,1,43.0,56.2,1.057,books_media,North,20.0,0.0494
ELE-1002,3 months,2025-03-10,10,1,85.1,101.2,0.935,electronics,South,180.0,0.0888
ELE-1005,3 months,2025-03-10,10,1,22.0,27.5,1.057,electronics,West,180.0,0.0888
ELE-1006,3 months,2025-03-10,10,1,99.4,140.0,0.964,electronics,North,180.0,0.0888
ELE-1011,3 months,2025-03-10,10,1,21.0,27.4,1.135,electronics,Central,180.0,0.0888
ELE-1012,3 months,2025-03-10,10,1,35.6,45.0,0.958,electronics,South,180.0,0.0888
ELE-1013,3 months,2025-03-10,10,1,24.5,30.7,0.919,electronics,East,180.0,0.0888
ELE-1014,3 months,2025-03-10,10,1,17.8,23.6,0.918,electronics,North,180.0,0.0888
ELE-1017,3 months,2025-03-10,10,1,88.3,112.2,0.824,electronics,South,180.0,0.0888
ELE-1018,3 months,2025-03-10,10,1,39.0,47.6,1.031,electronics,East,180.0,0.0888
ELE-1022,3 months,2025-03-10,10,1,40.6,52.7,0.939,electronics,East,180.0,0.0888
ELE-1023,3 months,2025-03-10,10,1,79.2,93.9,1.015,electronics,North,180.0,0.0888
ELE-1024,3 months,2025-03-10,10,1,37.1,50.1,0.846,electronics,Central,180.0,0.0888
ELE-1026,3 months,2025-03-10,10,1,32.7,40.8,0.913,electronics,Central,180.0,0.0888
ELE-1027,3 months,2025-03-10,10,1,42.2,53.8,1.063,electronics,North,180.0,0.0888
ELE-1029,3 months,2025-03-10,10,1,88.7,103.7,0.971,electronics,North,180.0,0.0888
ELE-1031,3 months,2025-03-10,10,1,100.6,115.7,1.119,electronics,South,180.0,0.0888
ELE-1035,3 months,2025-03-10,10,1,46.5,58.8,1.088,electronics,East,180.0,0.0888
ELE-1036,3 months,2025-03-10,10,1,52.9,67.6,1.131,electronics,North,180.0,0.0888
ELE-1038,3 months,2025-03-10,10,1,93.3,106.3,1.104,electronics,South,180.0,0.0888
GRO-1000,3 months,2025-03-10,10,1,98.0,118.8,1.024,grocery,North,15.0,0.0201
GRO-1002,3 months,2025-03-10,10,1,106.0,130.5,0.936,grocery,North,15.0,0.0201
GRO-1004,3 months,2025-03-10,10,1,169.3,222.9,0.949,grocery,North,15.0,0.0201
GRO-1005,3 months,2025-03-10,10,1,144.7,175.8,0.983,grocery,East,15.0,0.0201
GRO-1006,3 months,2025-03-10,10,1,70.6,85.0,1.012,grocery,West,15.0,0.0201
GRO-1007,3 months,2025-03-10,10,1,130.1,155.7,0.978,grocery,South,15.0,0.0201
GRO-1009,3 months,2025-03-10,10,1,30.1,41.1,0.956,grocery,West,15.0,0.0201
GRO-1012,3 months,2025-03-10,10,1,166.9,220.8,0.991,grocery,North,15.0,0.0201
GRO-1015,3 months,2025-03-10,10,1,67.8,84.9,0.963,grocery,North,15.0,0.0201
GRO-1016,3 months,2025-03-10,10,1,83.2,97.5,0.96,grocery,North,15.0,0.0201
GRO-1017,3 months,2025-03-10,10,1,100.2,122.7,0.94,grocery,South,15.0,0.0201
GRO-1024,3 months,2025-03-10,10,1,64.3,78.6,1.025,grocery,South,15.0,0.0201
GRO-1025,3 months,2025-03-10,10,1,87.2,132.4,0.93,grocery,Central,15.0,0.0201
GRO-1027,3 months,2025-03-10,10,1,65.7,80.7,0.942,grocery,West,15.0,0.0201
GRO-1028,3 months,2025-03-10,10,1,123.2,141.1,0.975,grocery,North,15.0,0.0201
GRO-1030,3 months,2025-03-10,10,1,85.7,105.1,0.97,grocery,West,15.0,0.0201
GRO-1034,3 months,2025-03-10,10,1,93.7,113.3,1.046,grocery,North,15.0,0.0201
GRO-1038,3 months,2025-03-10,10,1,48.8,63.7,1.008,grocery,West,15.0,0.0201
HOM-1001,3 months,2025-03-10,10,1,77.8,125.2,0.954,home_kitchen,Central,60.0,0.0981
HOM-1003,3 months,2025-03-10,10,1,25.3,34.0,1.035,home_kitchen,East,60.0,0.0981
HOM-1006,3 months,2025-03-10,10,1,27.8,41.6,0.934,home_kitchen,West,60.0,0.0981
HOM-1010,3 months,2025-03-10,10,1,26.9,36.6,0.997,home_kitchen,West,60.0,0.0981
HOM-1011,3 months,2025-03-10,10,1,74.2,91.7,0.924,home_kitchen,West,60.0,0.0981
HOM-1013,3 months,2025-03-10,10,1,47.1,64.5,1.02,home_kitchen,East,60.0,0.0981
HOM-1015,3 months,2025-03-10,10,1,27.4,36.4,0.87,home_kitchen,South,60.0,0.0981
HOM-1017,3 months,2025-03-10,10,1,59.5,73.8,0.97,home_kitchen,West,60.0,0.0981
HOM-1019,3 months,2025-03-10,10,1,80.2,100.2,0.956,home_kitchen,East,60.0,0.0981
HOM-1022,3 months,2025-03-10,10,1,87.6,125.3,0.992,home_kitchen,Central,60.0,0.0981
HOM-1024,3 months,2025-03-10,10,1,9.9,17.5,1.002,home_kitchen,Central,60.0,0.0981
HOM-1030,3 months,2025-03-10,10,1,35.5,54.0,0.812,home_kitchen,South,60.0,0.0981
HOM-1032,3 months,2025-03-10,10,1,39.9,53.9,1.002,home_kitchen,East,60.0,0.0981
HOM-1035,3 months,2025-03-10,10,1,38.6,48.2,0.974,home_kitchen,South,60.0,0.0981
HOM-1036,3 months,2025-03-10,10,1,81.2,100.4,0.979,home_kitchen,West,60.0,0.0981
HOM-1037,3 months,2025-03-10,10,1,59.9,78.2,0.917,home_kitchen,West,60.0,0.0981
HOM-1038,3 months,2025-03-10,10,1,28.1,39.5,0.888,home_kitchen,North,60.0,0.0981
HOM-1039,3 months,2025-03-10,10,1,40.3,56.9,0.956,home_kitchen,North,60.0,0.0981
SPO-1001,3 months,2025-03-10,10,1,51.2,61.0,0.936,sports_outdoor,East,70.0,0.1196
SPO-1003,3 months,2025-03-10,10,1,55.0,65.2,0.942,sports_outdoor,North,70.0,0.1196
SPO-1004,3 months,2025-03-10,10,1,26.9,33.6,0.964,sports_outdoor,North,70.0,0.1196
SPO-1005,3 months,2025-03-10,10,1,25.2,30.8,1.193,sports_outdoor,Central,70.0,0.1196
SPO-1007,3 months,2025-03-10,10,1,41.1,49.9,1.034,sports_outdoor,North,70.0,0.1196
SPO-1008,3 months,2025-03-10,10,1,24.6,31.2,1.018,sports_outdoor,South,70.0,0.1196
SPO-1009,3 months,2025-03-10,10,1,20.2,25.8,1.021,sports_outdoor,North,70.0,0.1196
SPO-1012,3 months,2025-03-10,10,1,34.2,42.0,1.061,sports_outdoor,North,70.0,0.1196
SPO-1014,3 months,2025-03-10,10,1,25.5,29.8,1.056,sports_outdoor,Central,70.0,0.1196
SPO-1019,3 months,2025-03-10,10,1,46.0,56.8,0.948,sports_outdoor,West,70.0,0.1196
SPO-1021,3 months,2025-03-10,10,1,11.7,14.9,0.915,sports_outdoor,South,70.0,0.1196
SPO-1024,3 months,2025-03-10,10,1,70.9,79.9,1.039,sports_outdoor,Central,70.0,0.1196
SPO-1026,3 months,2025-03-10,10,1,11.9,17.6,0.972,sports_outdoor,West,70.0,0.1196
SPO-1029,3 months,2025-03-10,10,1,42.1,51.3,1.149,sports_outdoor,South,70.0,0.1196
SPO-1030,3 months,2025-03-10,10,1,15.0,21.8,1.067,sports_outdoor,East,70.0,0.1196
SPO-1032,3 months,2025-03-10,10,1,18.0,23.3,0.975,sports_outdoor,Central,70.0,0.1196
SPO-1034,3 months,2025-03-10,10,1,45.2,54.8,1.075,sports_outdoor,North,70.0,0.1196
SPO-1035,3 months,2025-03-10,10,1,57.0,69.4,1.045,sports_outdoor,West,70.0,0.1196
SPO-1036,3 months,2025-03-10,10,1,29.4,36.6,1.026,sports_outdoor,East,70.0,0.1196
SPO-1039,3 months,2025-03-10,10,1,32.8,39.8,1.061,sports_outdoor,Central,70.0,0.1196
TOY-1002,3 months,2025-03-10,10,1,32.6,45.0,0.963,toys_games,East,35.0,0.0707
TOY-1010,3 months,2025-03-10,10,1,35.3,47.0,1.036,toys_games,Central,35.0,0.0707
TOY-1011,3 months,2025-03-10,10,1,12.9,16.0,1.106,toys_games,South,35.0,0.0707
TOY-1013,3 months,2025-03-10,10,1,52.0,63.9,0.96,toys_games,East,35.0,0.0707
TOY-1018,3 months,2025-03-10,10,1,62.3,73.6,0.981,toys_games,East,35.0,0.0707
TOY-1019,3 months,2025-03-10,10,1,21.2,26.3,0.982,toys_games,Central,35.0,0.0707
TOY-1020,3 months,2025-03-10,10,1,26.5,36.4,1.027,toys_games,South,35.0,0.0707
TOY-1021,3 months,2025-03-10,10,1,89.1,98.6,0.913,toys_games,North,35.0,0.0707
TOY-1024,3 months,2025-03-10,10,1,35.5,45.9,0.847,toys_games,South,35.0,0.0707
TOY-1025,3 months,2025-03-10,10,1,17.3,23.3,0.83,toys_games,West,35.0,0.0707
TOY-1030,3 months,2025-03-10,10,1,24.1,31.2,0.993,toys_games,South,35.0,0.0707
TOY-1031,3 months,2025-03-10,10,1,20.2,26.7,0.829,toys_games,South,35.0,0.0707
TOY-1034,3 months,2025-03-10,10,1,97.9,110.8,1.001,toys_games,North,35.0,0.0707
TOY-1035,3 months,2025-03-10,10,1,71.3,78.3,0.979,toys_games,East,35.0,0.0707
TOY-1038,3 months,2025-03-10,10,1,42.5,54.6,1.089,toys_games,South,35.0,0.0707
APP-1000,3 months,2025-03-17,11,1,80.7,87.4,1.108,apparel,West,45.0,0.2808
APP-1001,3 months,2025-03-17,11,1,103.7,111.2,1.011,apparel,East,45.0,0.2808
APP-1002,3 months,2025-03-17,11,1,97.2,106.1,0.926,apparel,North,45.0,0.2808
APP-1004,3 months,2025-03-17,11,1,164.0,189.5,0.898,apparel,Central,45.0,0.2808
APP-1006,3 months,2025-03-17,11,1,86.4,95.2,0.95,apparel,West,45.0,0.2808
APP-1008,3 months,2025-03-17,11,1,118.2,136.5,0.895,apparel,South,45.0,0.2808
APP-1009,3 months,2025-03-17,11,1,33.4,43.8,0.851,apparel,North,45.0,0.2808
APP-1012,3 months,2025-03-17,11,1,157.0,173.1,0.954,apparel,North,45.0,0.2808
APP-1016,3 months,2025-03-17,11,1,52.5,62.3,0.9,apparel,West,45.0,0.2808
APP-1018,3 months,2025-03-17,11,1,33.5,42.7,1.001,apparel,East,45.0,0.2808
APP-1019,3 months,2025-03-17,11,1,108.6,160.0,1.033,apparel,Central,45.0,0.2808
APP-1020,3 months,2025-03-17,11,1,93.6,109.0,0.862,apparel,South,45.0,0.2808
APP-1022,3 months,2025-03-17,11,1,99.2,112.5,0.885,apparel,South,45.0,0.2808
APP-1023,3 months,2025-03-17,11,1,43.5,56.8,0.924,apparel,West,45.0,0.2808
APP-1025,3 months,2025-03-17,11,1,179.9,195.3,0.905,apparel,Central,45.0,0.2808
APP-1027,3 months,2025-03-17,11,1,77.5,87.8,0.854,apparel,South,45.0,0.2808
APP-1028,3 months,2025-03-17,11,1,88.1,100.0,0.851,apparel,North,45.0,0.2808
APP-1029,3 months,2025-03-17,11,1,116.1,134.2,0.889,apparel,North,45.0,0.2808
APP-1031,3 months,2025-03-17,11,1,16.2,23.8,0.918,apparel,Central,45.0,0.2808
APP-1032,3 months,2025-03-17,11,1,117.9,134.3,0.887,apparel,East,45.0,0.2808
APP-1034,3 months,2025-03-17,11,1,55.6,69.1,0.89,apparel,North,45.0,0.2808
APP-1037,3 months,2025-03-17,11,1,65.6,77.3,0.955,apparel,Central,45.0,0.2808
APP-1038,3 months,2025-03-17,11,1,29.9,36.2,0.929,apparel,North,45.0,0.2808
BEA-1004,3 months,2025-03-17,11,1,72.7,94.0,0.968,beauty,West,25.0,0.0791
BEA-1006,3 months,2025-03-17,11,1,78.1,95.7,0.93,beauty,West,25.0,0.0791
BEA-1007,3 months,2025-03-17,11,1,58.8,71.1,0.87,beauty,South,25.0,0.0791
BEA-1009,3 months,2025-03-17,11,1,68.7,80.1,0.909,beauty,East,25.0,0.0791
BEA-1011,3 months,2025-03-17,11,1,41.3,53.1,0.904,beauty,North,25.0,0.0791
BEA-1012,3 months,2025-03-17,11,1,73.5,93.0,1.062,beauty,Central,25.0,0.0791
BEA-1013,3 months,2025-03-17,11,1,63.5,75.2,0.914,beauty,West,25.0,0.0791
BEA-1014,3 months,2025-03-17,11,1,84.6,103.7,0.903,beauty,West,25.0,0.0791
BEA-1016,3 months,2025-03-17,11,1,48.5,61.5,0.903,beauty,East,25.0,0.0791
BEA-1017,3 months,2025-03-17,11,1,46.5,57.8,0.967,beauty,East,25.0,0.0791
BEA-1018,3 months,2025-03-17,11,1,44.4,58.6,0.807,beauty,North,25.0,0.0791
BEA-1019,3 months,2025-03-17,11,1,38.4,49.3,0.858,beauty,North,25.0,0.0791
BEA-1020,3 months,2025-03-17,11,1,57.3,68.6,0.877,beauty,South,25.0,0.0791
BEA-1021,3 months,2025-03-17,11,1,17.0,24.7,0.852,beauty,Central,25.0,0.0791
BEA-1024,3 months,2025-03-17,11,1,89.7,108.7,0.923,beauty,South,25.0,0.0791
BEA-1025,3 months,2025-03-17,11,1,29.0,38.3,0.91,beauty,West,25.0,0.0791
BEA-1027,3 months,2025-03-17,11,1,55.6,68.3,0.904,beauty,Central,25.0,0.0791
BEA-1028,3 months,2025-03-17,11,1,37.2,48.2,0.957,beauty,South,25.0,0.0791
BEA-1030,3 months,2025-03-17,11,1,47.2,59.0,0.885,beauty,West,25.0,0.0791
BEA-1031,3 months,2025-03-17,11,1,73.7,85.1,0.997,beauty,South,25.0,0.0791
BEA-1032,3 months,2025-03-17,11,1,80.2,94.8,0.955,beauty,North,25.0,0.0791
BEA-1037,3 months,2025-03-17,11,1,37.6,48.6,0.924,beauty,Central,25.0,0.0791
BOO-1000,3 months,2025-03-17,11,1,17.4,25.8,0.832,books_media,North,20.0,0.0494
BOO-1001,3 months,2025-03-17,11,1,29.3,37.9,1.064,books_media,East,20.0,0.0494
BOO-1002,3 months,2025-03-17,11,1,20.7,27.1,0.9,books_media,Central,20.0,0.0494
BOO-1004,3 months,2025-03-17,11,1,34.7,44.1,1.048,books_media,South,20.0,0.0494
BOO-1005,3 months,2025-03-17,11,1,34.9,44.9,1.049,books_media,Central,20.0,0.0494
BOO-1006,3 months,2025-03-17,11,1,33.8,43.0,1.092,books_media,South,20.0,0.0494
BOO-1007,3 months,2025-03-17,11,1,16.9,23.3,1.073,books_media,West,20.0,0.0494
BOO-1008,3 months,2025-03-17,11,1,31.6,40.3,1.142,books_media,Central,20.0,0.0494
BOO-1011,3 months,2025-03-17,11,1,38.8,50.4,1.073,books_media,South,20.0,0.0494
BOO-1016,3 months,2025-03-17,11,1,16.9,24.0,1.1,books_media,North,20.0,0.0494
BOO-1018,3 months,2025-03-17,11,1,12.5,16.6,1.049,books_media,South,20.0,0.0494
BOO-1022,3 months,2025-03-17,11,1,11.2,15.8,1.171,books_media,Central,20.0,0.0494
BOO-1023,3 months,2025-03-17,11,1,23.5,30.1,0.995,books_media,North,20.0,0.0494
BOO-1024,3 months,2025-03-17,11,1,15.9,21.4,1.038,books_media,East,20.0,0.0494
BOO-1025,3 months,2025-03-17,11,1,43.1,56.4,1.036,books_media,Central,20.0,0.0494
BOO-1026,3 months,2025-03-17,11,1,6.5,10.0,1.115,books_media,West,20.0,0.0494
BOO-1027,3 months,2025-03-17,11,1,6.6,11.4,0.644,books_media,North,20.0,0.0494
BOO-1029,3 months,2025-03-17,11,1,31.9,40.4,1.078,books_media,East,20.0,0.0494
BOO-1031,3 months,2025-03-17,11,1,39.0,49.9,0.908,books_media,West,20.0,0.0494
BOO-1033,3 months,2025-03-17,11,1,7.4,10.6,1.222,books_media,East,20.0,0.0494
BOO-1034,3 months,2025-03-17,11,1,26.6,34.1,0.972,books_media,South,20.0,0.0494
BOO-1038,3 months,2025-03-17,11,1,39.5,53.2,1.057,books_media,North,20.0,0.0494
ELE-1002,3 months,2025-03-17,11,1,86.0,101.0,0.935,electronics,South,180.0,0.0888
ELE-1005,3 months,2025-03-17,11,1,22.6,27.4,1.057,electronics,West,180.0,0.0888
ELE-1006,3 months,2025-03-17,11,1,100.8,138.4,0.964,electronics,North,180.0,0.0888
ELE-1011,3 months,2025-03-17,11,1,21.4,26.5,1.135,electronics,Central,180.0,0.0888
ELE-1012,3 months,2025-03-17,11,1,36.1,44.2,0.958,electronics,South,180.0,0.0888
ELE-1013,3 months,2025-03-17,11,1,25.2,31.0,0.919,electronics,East,180.0,0.0888
ELE-1014,3 months,2025-03-17,11,1,18.6,23.4,0.918,electronics,North,180.0,0.0888
ELE-1017,3 months,2025-03-17,11,1,89.6,110.3,0.824,electronics,South,180.0,0.0888
ELE-1018,3 months,2025-03-17,11,1,39.5,46.3,1.031,electronics,East,180.0,0.0888
ELE-1022,3 months,2025-03-17,11,1,40.8,51.7,0.939,electronics,East,180.0,0.0888
ELE-1023,3 months,2025-03-17,11,1,79.9,92.3,1.015,electronics,North,180.0,0.0888
ELE-1024,3 months,2025-03-17,11,1,37.7,48.6,0.846,electronics,Central,180.0,0.0888
ELE-1026,3 months,2025-03-17,11,1,33.1,40.5,0.913,electronics,Central,180.0,0.0888
ELE-1027,3 months,2025-03-17,11,1,42.7,53.8,1.063,electronics,North,180.0,0.0888
ELE-1029,3 months,2025-03-17,11,1,90.5,103.4,0.971,electronics,North,180.0,0.0888
ELE-1031,3 months,2025-03-17,11,1,101.9,114.2,1.119,electronics,South,180.0,0.0888
ELE-1035,3 months,2025-03-17,11,1,47.1,57.0,1.088,electronics,East,180.0,0.0888
ELE-1036,3 months,2025-03-17,11,1,53.8,66.2,1.131,electronics,North,180.0,0.0888
ELE-1038,3 months,2025-03-17,11,1,93.4,104.8,1.104,electronics,South,180.0,0.0888
GRO-1000,3 months,2025-03-17,11,1,95.2,114.6,1.024,grocery,North,15.0,0.0201
GRO-1002,3 months,2025-03-17,11,1,104.9,125.2,0.936,grocery,North,15.0,0.0201
GRO-1004,3 months,2025-03-17,11,1,171.0,217.3,0.949,grocery,North,15.0,0.0201
GRO-1005,3 months,2025-03-17,11,1,128.9,170.7,0.983,grocery,East,15.0,0.0201
GRO-1006,3 months,2025-03-17,11,1,68.6,82.7,1.012,grocery,West,15.0,0.0201
GRO-1007,3 months,2025-03-17,11,1,122.9,152.2,0.978,grocery,South,15.0,0.0201
GRO-1009,3 months,2025-03-17,11,1,29.7,40.1,0.956,grocery,West,15.0,0.0201
GRO-1012,3 months,2025-03-17,11,1,156.5,214.4,0.991,grocery,North,15.0,0.0201
GRO-1015,3 months,2025-03-17,11,1,67.2,80.9,0.963,grocery,North,15.0,0.0201
GRO-1016,3 months,2025-03-17,11,1,82.6,94.4,0.96,grocery,North,15.0,0.0201
GRO-1017,3 months,2025-03-17,11,1,97.2,119.4,0.94,grocery,South,15.0,0.0201
GRO-1024,3 months,2025-03-17,11,1,63.2,76.4,1.025,grocery,South,15.0,0.0201
GRO-1025,3 months,2025-03-17,11,1,87.2,129.0,0.93,grocery,Central,15.0,0.0201
GRO-1027,3 months,2025-03-17,11,1,65.3,78.1,0.942,grocery,West,15.0,0.0201
GRO-1028,3 months,2025-03-17,11,1,121.9,137.9,0.975,grocery,North,15.0,0.0201
GRO-1030,3 months,2025-03-17,11,1,85.0,102.5,0.97,grocery,West,15.0,0.0201
GRO-1034,3 months,2025-03-17,11,1,91.1,110.4,1.046,grocery,North,15.0,0.0201
GRO-1038,3 months,2025-03-17,11,1,48.4,62.7,1.008,grocery,West,15.0,0.0201
HOM-1001,3 months,2025-03-17,11,1,83.2,116.2,0.954,home_kitchen,Central,60.0,0.0981
HOM-1003,3 months,2025-03-17,11,1,25.2,31.8,1.035,home_kitchen,East,60.0,0.0981
HOM-1006,3 months,2025-03-17,11,1,29.0,39.8,0.934,home_kitchen,West,60.0,0.0981
HOM-1010,3 months,2025-03-17,11,1,26.7,34.7,0.997,home_kitchen,West,60.0,0.0981
HOM-1011,3 months,2025-03-17,11,1,75.0,88.2,0.924,home_kitchen,West,60.0,0.0981
HOM-1013,3 months,2025-03-17,11,1,47.7,60.8,1.02,home_kitchen,East,60.0,0.0981
HOM-1015,3 months,2025-03-17,11,1,25.9,34.6,0.87,home_kitchen,South,60.0,0.0981
HOM-1017,3 months,2025-03-17,11,1,57.0,69.5,0.97,home_kitchen,West,60.0,0.0981
HOM-1019,3 months,2025-03-17,11,1,80.1,94.5,0.956,home_kitchen,East,60.0,0.0981
HOM-1022,3 months,2025-03-17,11,1,93.4,116.8,0.992,home_kitchen,Central,60.0,0.0981
HOM-1024,3 months,2025-03-17,11,1,9.9,16.2,1.002,home_kitchen,Central,60.0,0.0981
HOM-1030,3 months,2025-03-17,11,1,36.0,52.7,0.812,home_kitchen,South,60.0,0.0981
HOM-1032,3 months,2025-03-17,11,1,39.9,53.2,1.002,home_kitchen,East,60.0,0.0981
HOM-1035,3 months,2025-03-17,11,1,37.1,46.9,0.974,home_kitchen,South,60.0,0.0981
HOM-1036,3 months,2025-03-17,11,1,80.3,96.6,0.979,home_kitchen,West,60.0,0.0981
HOM-1037,3 months,2025-03-17,11,1,60.4,73.0,0.917,home_kitchen,West,60.0,0.0981
HOM-1038,3 months,2025-03-17,11,1,27.1,37.9,0.888,home_kitchen,North,60.0,0.0981
HOM-1039,3 months,2025-03-17,11,1,41.3,56.9,0.956,home_kitchen,North,60.0,0.0981
SPO-1001,3 months,2025-03-17,11,1,50.5,62.4,0.936,sports_outdoor,East,70.0,0.1196
SPO-1003,3 months,2025-03-17,11,1,55.0,67.1,0.942,sports_outdoor,North,70.0,0.1196
SPO-1004,3 months,2025-03-17,11,1,25.9,36.5,0.964,sports_outdoor,North,70.0,0.1196
SPO-1005,3 months,2025-03-17,11,1,25.1,31.5,1.193,sports_outdoor,Central,70.0,0.1196
SPO-1007,3 months,2025-03-17,11,1,40.8,52.0,1.034,sports_outdoor,North,70.0,0.1196
SPO-1008,3 months,2025-03-17,11,1,24.3,33.3,1.018,sports_outdoor,South,70.0,0.1196
SPO-1009,3 months,2025-03-17,11,1,20.0,26.2,1.021,sports_outdoor,North,70.0,0.1196
SPO-1012,3 months,2025-03-17,11,1,33.6,44.4,1.061,sports_outdoor,North,70.0,0.1196
SPO-1014,3 months,2025-03-17,11,1,25.4,31.8,1.056,sports_outdoor,Central,70.0,0.1196
SPO-1019,3 months,2025-03-17,11,1,46.3,58.1,0.948,sports_outdoor,West,70.0,0.1196
SPO-1021,3 months,2025-03-17,11,1,11.6,15.8,0.915,sports_outdoor,South,70.0,0.1196
SPO-1024,3 months,2025-03-17,11,1,69.2,85.0,1.039,sports_outdoor,Central,70.0,0.1196
SPO-1026,3 months,2025-03-17,11,1,11.5,19.7,0.972,sports_outdoor,West,70.0,0.1196
SPO-1029,3 months,2025-03-17,11,1,41.5,55.0,1.149,sports_outdoor,South,70.0,0.1196
SPO-1030,3 months,2025-03-17,11,1,14.9,23.9,1.067,sports_outdoor,East,70.0,0.1196
SPO-1032,3 months,2025-03-17,11,1,18.0,24.4,0.975,sports_outdoor,Central,70.0,0.1196
SPO-1034,3 months,2025-03-17,11,1,45.3,56.7,1.075,sports_outdoor,North,70.0,0.1196
SPO-1035,3 months,2025-03-17,11,1,56.3,73.8,1.045,sports_outdoor,West,70.0,0.1196
SPO-1036,3 months,2025-03-17,11,1,29.3,39.4,1.026,sports_outdoor,East,70.0,0.1196
SPO-1039,3 months,2025-03-17,11,1,32.8,43.2,1.061,sports_outdoor,Central,70.0,0.1196
TOY-1002,3 months,2025-03-17,11,1,32.6,45.2,0.963,toys_games,East,35.0,0.0707
TOY-1010,3 months,2025-03-17,11,1,32.6,47.1,1.036,toys_games,Central,35.0,0.0707
TOY-1011,3 months,2025-03-17,11,1,13.1,15.3,1.106,toys_games,South,35.0,0.0707
TOY-1013,3 months,2025-03-17,11,1,54.0,64.1,0.96,toys_games,East,35.0,0.0707
TOY-1018,3 months,2025-03-17,11,1,62.9,71.4,0.981,toys_games,East,35.0,0.0707
TOY-1019,3 months,2025-03-17,11,1,20.8,24.7,0.982,toys_games,Central,35.0,0.0707
TOY-1020,3 months,2025-03-17,11,1,25.0,35.9,1.027,toys_games,South,35.0,0.0707
TOY-1021,3 months,2025-03-17,11,1,90.7,96.5,0.913,toys_games,North,35.0,0.0707
TOY-1024,3 months,2025-03-17,11,1,32.6,46.4,0.847,toys_games,South,35.0,0.0707
TOY-1025,3 months,2025-03-17,11,1,16.9,23.3,0.83,toys_games,West,35.0,0.0707
TOY-1030,3 months,2025-03-17,11,1,23.7,29.4,0.993,toys_games,South,35.0,0.0707
TOY-1031,3 months,2025-03-17,11,1,20.8,26.3,0.829,toys_games,South,35.0,0.0707
TOY-1034,3 months,2025-03-17,11,1,99.1,110.6,1.001,toys_games,North,35.0,0.0707
TOY-1035,3 months,2025-03-17,11,1,72.8,79.8,0.979,toys_games,East,35.0,0.0707
TOY-1038,3 months,2025-03-17,11,1,40.6,52.9,1.089,toys_games,South,35.0,0.0707
APP-1000,3 months,2025-03-24,12,1,80.7,85.7,1.108,apparel,West,45.0,0.2808
APP-1001,3 months,2025-03-24,12,1,103.7,105.9,1.011,apparel,East,45.0,0.2808
APP-1002,3 months,2025-03-24,12,1,97.8,101.3,0.926,apparel,North,45.0,0.2808
APP-1004,3 months,2025-03-24,12,1,167.4,178.4,0.898,apparel,Central,45.0,0.2808
APP-1006,3 months,2025-03-24,12,1,87.3,91.0,0.95,apparel,West,45.0,0.2808
APP-1008,3 months,2025-03-24,12,1,120.8,132.7,0.895,apparel,South,45.0,0.2808
APP-1009,3 months,2025-03-24,12,1,33.8,42.8,0.851,apparel,North,45.0,0.2808
APP-1012,3 months,2025-03-24,12,1,157.4,162.5,0.954,apparel,North,45.0,0.2808
APP-1016,3 months,2025-03-24,12,1,53.3,59.7,0.9,apparel,West,45.0,0.2808
APP-1018,3 months,2025-03-24,12,1,35.2,40.2,1.001,apparel,East,45.0,0.2808
APP-1019,3 months,2025-03-24,12,1,108.2,146.7,1.033,apparel,Central,45.0,0.2808
APP-1020,3 months,2025-03-24,12,1,94.1,102.7,0.862,apparel,South,45.0,0.2808
APP-1022,3 months,2025-03-24,12,1,101.2,107.7,0.885,apparel,South,45.0,0.2808
APP-1023,3 months,2025-03-24,12,1,43.3,54.0,0.924,apparel,West,45.0,0.2808
APP-1025,3 months,2025-03-24,12,1,181.1,186.2,0.905,apparel,Central,45.0,0.2808
APP-1027,3 months,2025-03-24,12,1,78.6,85.0,0.854,apparel,South,45.0,0.2808
APP-1028,3 months,2025-03-24,12,1,89.5,95.7,0.851,apparel,North,45.0,0.2808
APP-1029,3 months,2025-03-24,12,1,117.3,129.8,0.889,apparel,North,45.0,0.2808
APP-1031,3 months,2025-03-24,12,1,15.8,21.9,0.918,apparel,Central,45.0,0.2808
APP-1032,3 months,2025-03-24,12,1,118.9,129.8,0.887,apparel,East,45.0,0.2808
APP-1034,3 months,2025-03-24,12,1,56.1,65.1,0.89,apparel,North,45.0,0.2808
APP-1037,3 months,2025-03-24,12,1,66.2,73.2,0.955,apparel,Central,45.0,0.2808
APP-1038,3 months,2025-03-24,12,1,30.8,34.5,0.929,apparel,North,45.0,0.2808
BEA-1004,3 months,2025-03-24,12,1,73.6,94.1,0.968,beauty,West,25.0,0.0791
BEA-1006,3 months,2025-03-24,12,1,79.0,97.6,0.93,beauty,West,25.0,0.0791
BEA-1007,3 months,2025-03-24,12,1,59.6,72.6,0.87,beauty,South,25.0,0.0791
BEA-1009,3 months,2025-03-24,12,1,69.8,81.6,0.909,beauty,East,25.0,0.0791
BEA-1011,3 months,2025-03-24,12,1,41.8,54.0,0.904,beauty,North,25.0,0.0791
BEA-1012,3 months,2025-03-24,12,1,74.3,95.1,1.062,beauty,Central,25.0,0.0791
BEA-1013,3 months,2025-03-24,12,1,64.2,77.2,0.914,beauty,West,25.0,0.0791
BEA-1014,3 months,2025-03-24,12,1,85.7,105.8,0.903,beauty,West,25.0,0.0791
BEA-1016,3 months,2025-03-24,12,1,49.1,61.4,0.903,beauty,East,25.0,0.0791
BEA-1017,3 months,2025-03-24,12,1,47.1,58.9,0.967,beauty,East,25.0,0.0791
BEA-1018,3 months,2025-03-24,12,1,44.5,59.7,0.807,beauty,North,25.0,0.0791
BEA-1019,3 months,2025-03-24,12,1,38.8,50.3,0.858,beauty,North,25.0,0.0791
BEA-1020,3 months,2025-03-24,12,1,55.7,69.9,0.877,beauty,South,25.0,0.0791
BEA-1021,3 months,2025-03-24,12,1,17.1,25.0,0.852,beauty,Central,25.0,0.0791
BEA-1024,3 months,2025-03-24,12,1,90.1,110.1,0.923,beauty,South,25.0,0.0791
BEA-1025,3 months,2025-03-24,12,1,30.0,38.9,0.91,beauty,West,25.0,0.0791
BEA-1027,3 months,2025-03-24,12,1,56.3,69.6,0.904,beauty,Central,25.0,0.0791
BEA-1028,3 months,2025-03-24,12,1,37.8,49.2,0.957,beauty,South,25.0,0.0791
BEA-1030,3 months,2025-03-24,12,1,47.6,60.0,0.885,beauty,West,25.0,0.0791
BEA-1031,3 months,2025-03-24,12,1,74.7,86.4,0.997,beauty,South,25.0,0.0791
BEA-1032,3 months,2025-03-24,12,1,81.2,96.8,0.955,beauty,North,25.0,0.0791
BEA-1037,3 months,2025-03-24,12,1,38.0,49.4,0.924,beauty,Central,25.0,0.0791
BOO-1000,3 months,2025-03-24,12,1,17.9,26.0,0.832,books_media,North,20.0,0.0494
BOO-1001,3 months,2025-03-24,12,1,29.7,37.1,1.064,books_media,East,20.0,0.0494
BOO-1002,3 months,2025-03-24,12,1,21.4,29.0,0.9,books_media,Central,20.0,0.0494
BOO-1004,3 months,2025-03-24,12,1,34.9,45.1,1.048,books_media,South,20.0,0.0494
BOO-1005,3 months,2025-03-24,12,1,35.3,45.8,1.049,books_media,Central,20.0,0.0494
BOO-1006,3 months,2025-03-24,12,1,34.1,43.8,1.092,books_media,South,20.0,0.0494
BOO-1007,3 months,2025-03-24,12,1,17.1,23.1,1.073,books_media,West,20.0,0.0494
BOO-1008,3 months,2025-03-24,12,1,31.8,41.7,1.142,books_media,Central,20.0,0.0494
BOO-1011,3 months,2025-03-24,12,1,39.0,51.5,1.073,books_media,South,20.0,0.0494
BOO-1016,3 months,2025-03-24,12,1,17.4,24.1,1.1,books_media,North,20.0,0.0494
BOO-1018,3 months,2025-03-24,12,1,12.3,16.5,1.049,books_media,South,20.0,0.0494
BOO-1022,3 months,2025-03-24,12,1,11.1,15.7,1.171,books_media,Central,20.0,0.0494
BOO-1023,3 months,2025-03-24,12,1,23.8,30.2,0.995,books_media,North,20.0,0.0494
BOO-1024,3 months,2025-03-24,12,1,16.1,22.1,1.038,books_media,East,20.0,0.0494
BOO-1025,3 months,2025-03-24,12,1,43.7,57.2,1.036,books_media,Central,20.0,0.0494
BOO-1026,3 months,2025-03-24,12,1,6.0,10.1,1.115,books_media,West,20.0,0.0494
BOO-1027,3 months,2025-03-24,12,1,6.6,11.3,0.644,books_media,North,20.0,0.0494
BOO-1029,3 months,2025-03-24,12,1,32.0,41.3,1.078,books_media,East,20.0,0.0494
BOO-1031,3 months,2025-03-24,12,1,39.2,50.9,0.908,books_media,West,20.0,0.0494
BOO-1033,3 months,2025-03-24,12,1,6.5,10.7,1.222,books_media,East,20.0,0.0494
BOO-1034,3 months,2025-03-24,12,1,26.7,34.0,0.972,books_media,South,20.0,0.0494
BOO-1038,3 months,2025-03-24,12,1,39.7,54.3,1.057,books_media,North,20.0,0.0494
ELE-1002,3 months,2025-03-24,12,1,86.1,100.4,0.935,electronics,South,180.0,0.0888
ELE-1005,3 months,2025-03-24,12,1,22.0,26.5,1.057,electronics,West,180.0,0.0888
ELE-1006,3 months,2025-03-24,12,1,100.7,137.7,0.964,electronics,North,180.0,0.0888
ELE-1011,3 months,2025-03-24,12,1,20.9,26.0,1.135,electronics,Central,180.0,0.0888
ELE-1012,3 months,2025-03-24,12,1,35.1,43.5,0.958,electronics,South,180.0,0.0888
ELE-1013,3 months,2025-03-24,12,1,24.6,28.8,0.919,electronics,East,180.0,0.0888
ELE-1014,3 months,2025-03-24,12,1,18.0,23.0,0.918,electronics,North,180.0,0.0888
ELE-1017,3 months,2025-03-24,12,1,89.5,110.6,0.824,electronics,South,180.0,0.0888
ELE-1018,3 months,2025-03-24,12,1,38.1,45.7,1.031,electronics,East,180.0,0.0888
ELE-1022,3 months,2025-03-24,12,1,40.7,50.8,0.939,electronics,East,180.0,0.0888
ELE-1023,3 months,2025-03-24,12,1,79.5,91.2,1.015,electronics,North,180.0,0.0888
ELE-1024,3 months,2025-03-24,12,1,37.6,48.4,0.846,electronics,Central,180.0,0.0888
ELE-1026,3 months,2025-03-24,12,1,32.8,39.9,0.913,electronics,Central,180.0,0.0888
ELE-1027,3 months,2025-03-24,12,1,42.3,52.7,1.063,electronics,North,180.0,0.0888
ELE-1029,3 months,2025-03-24,12,1,90.1,104.4,0.971,electronics,North,180.0,0.0888
ELE-1031,3 months,2025-03-24,12,1,101.1,113.8,1.119,electronics,South,180.0,0.0888
ELE-1035,3 months,2025-03-24,12,1,45.6,53.7,1.088,electronics,East,180.0,0.0888
ELE-1036,3 months,2025-03-24,12,1,53.4,65.4,1.131,electronics,North,180.0,0.0888
ELE-1038,3 months,2025-03-24,12,1,93.3,105.9,1.104,electronics,South,180.0,0.0888
GRO-1000,3 months,2025-03-24,12,1,97.3,119.9,1.024,grocery,North,15.0,0.0201
GRO-1002,3 months,2025-03-24,12,1,106.9,132.4,0.936,grocery,North,15.0,0.0201
GRO-1004,3 months,2025-03-24,12,1,171.9,226.4,0.949,grocery,North,15.0,0.0201
GRO-1005,3 months,2025-03-24,12,1,141.7,178.2,0.983,grocery,East,15.0,0.0201
GRO-1006,3 months,2025-03-24,12,1,70.8,86.2,1.012,grocery,West,15.0,0.0201
GRO-1007,3 months,2025-03-24,12,1,131.1,157.9,0.978,grocery,South,15.0,0.0201
GRO-1009,3 months,2025-03-24,12,1,30.2,41.6,0.956,grocery,West,15.0,0.0201
GRO-1012,3 months,2025-03-24,12,1,157.3,222.7,0.991,grocery,North,15.0,0.0201
GRO-1015,3 months,2025-03-24,12,1,68.1,85.9,0.963,grocery,North,15.0,0.0201
GRO-1016,3 months,2025-03-24,12,1,77.8,98.4,0.96,grocery,North,15.0,0.0201
GRO-1017,3 months,2025-03-24,12,1,100.7,124.3,0.94,grocery,South,15.0,0.0201
GRO-1024,3 months,2025-03-24,12,1,64.6,79.5,1.025,grocery,South,15.0,0.0201
GRO-1025,3 months,2025-03-24,12,1,87.8,134.0,0.93,grocery,Central,15.0,0.0201
GRO-1027,3 months,2025-03-24,12,1,66.0,81.4,0.942,grocery,West,15.0,0.0201
GRO-1028,3 months,2025-03-24,12,1,117.2,142.9,0.975,grocery,North,15.0,0.0201
GRO-1030,3 months,2025-03-24,12,1,86.1,106.5,0.97,grocery,West,15.0,0.0201
GRO-1034,3 months,2025-03-24,12,1,94.5,116.2,1.046,grocery,North,15.0,0.0201
GRO-1038,3 months,2025-03-24,12,1,49.2,64.7,1.008,grocery,West,15.0,0.0201
HOM-1001,3 months,2025-03-24,12,1,81.0,122.3,0.954,home_kitchen,Central,60.0,0.0981
HOM-1003,3 months,2025-03-24,12,1,24.1,31.8,1.035,home_kitchen,East,60.0,0.0981
HOM-1006,3 months,2025-03-24,12,1,29.0,40.3,0.934,home_kitchen,West,60.0,0.0981
HOM-1010,3 months,2025-03-24,12,1,25.9,34.6,0.997,home_kitchen,West,60.0,0.0981
HOM-1011,3 months,2025-03-24,12,1,74.9,88.9,0.924,home_kitchen,West,60.0,0.0981
HOM-1013,3 months,2025-03-24,12,1,47.6,62.3,1.02,home_kitchen,East,60.0,0.0981
HOM-1015,3 months,2025-03-24,12,1,25.9,34.1,0.87,home_kitchen,South,60.0,0.0981
HOM-1017,3 months,2025-03-24,12,1,57.8,72.1,0.97,home_kitchen,West,60.0,0.0981
HOM-1019,3 months,2025-03-24,12,1,80.1,97.0,0.956,home_kitchen,East,60.0,0.0981
HOM-1022,3 months,2025-03-24,12,1,87.7,121.7,0.992,home_kitchen,Central,60.0,0.0981
HOM-1024,3 months,2025-03-24,12,1,9.3,15.7,1.002,home_kitchen,Central,60.0,0.0981
HOM-1030,3 months,2025-03-24,12,1,35.8,52.4,0.812,home_kitchen,South,60.0,0.0981
HOM-1032,3 months,2025-03-24,12,1,39.9,52.3,1.002,home_kitchen,East,60.0,0.0981
HOM-1035,3 months,2025-03-24,12,1,37.3,47.2,0.974,home_kitchen,South,60.0,0.0981
HOM-1036,3 months,2025-03-24,12,1,80.2,98.0,0.979,home_kitchen,West,60.0,0.0981
HOM-1037,3 months,2025-03-24,12,1,60.4,75.8,0.917,home_kitchen,West,60.0,0.0981
HOM-1038,3 months,2025-03-24,12,1,27.2,37.1,0.888,home_kitchen,North,60.0,0.0981
HOM-1039,3 months,2025-03-24,12,1,41.2,55.4,0.956,home_kitchen,North,60.0,0.0981
SPO-1001,3 months,2025-03-24,12,1,52.4,61.2,0.936,sports_outdoor,East,70.0,0.1196
SPO-1003,3 months,2025-03-24,12,1,57.0,65.6,0.942,sports_outdoor,North,70.0,0.1196
SPO-1004,3 months,2025-03-24,12,1,27.4,36.0,0.964,sports_outdoor,North,70.0,0.1196
SPO-1005,3 months,2025-03-24,12,1,25.8,31.3,1.193,sports_outdoor,Central,70.0,0.1196
SPO-1007,3 months,2025-03-24,12,1,41.9,50.8,1.034,sports_outdoor,North,70.0,0.1196
SPO-1008,3 months,2025-03-24,12,1,25.3,32.6,1.018,sports_outdoor,South,70.0,0.1196
SPO-1009,3 months,2025-03-24,12,1,20.8,26.3,1.021,sports_outdoor,North,70.0,0.1196
SPO-1012,3 months,2025-03-24,12,1,35.0,43.5,1.061,sports_outdoor,North,70.0,0.1196
SPO-1014,3 months,2025-03-24,12,1,26.1,31.0,1.056,sports_outdoor,Central,70.0,0.1196
SPO-1019,3 months,2025-03-24,12,1,47.0,57.2,0.948,sports_outdoor,West,70.0,0.1196
SPO-1021,3 months,2025-03-24,12,1,12.1,15.4,0.915,sports_outdoor,South,70.0,0.1196
SPO-1024,3 months,2025-03-24,12,1,71.9,83.6,1.039,sports_outdoor,Central,70.0,0.1196
SPO-1026,3 months,2025-03-24,12,1,12.2,18.9,0.972,sports_outdoor,West,70.0,0.1196
SPO-1029,3 months,2025-03-24,12,1,42.7,53.9,1.149,sports_outdoor,South,70.0,0.1196
SPO-1030,3 months,2025-03-24,12,1,15.3,22.7,1.067,sports_outdoor,East,70.0,0.1196
SPO-1032,3 months,2025-03-24,12,1,18.6,23.7,0.975,sports_outdoor,Central,70.0,0.1196
SPO-1034,3 months,2025-03-24,12,1,46.4,55.7,1.075,sports_outdoor,North,70.0,0.1196
SPO-1035,3 months,2025-03-24,12,1,58.7,72.8,1.045,sports_outdoor,West,70.0,0.1196
SPO-1036,3 months,2025-03-24,12,1,30.2,38.4,1.026,sports_outdoor,East,70.0,0.1196
SPO-1039,3 months,2025-03-24,12,1,33.8,41.9,1.061,sports_outdoor,Central,70.0,0.1196
TOY-1002,3 months,2025-03-24,12,1,31.0,45.8,0.963,toys_games,East,35.0,0.0707
TOY-1010,3 months,2025-03-24,12,1,32.6,47.9,1.036,toys_games,Central,35.0,0.0707
TOY-1011,3 months,2025-03-24,12,1,12.6,15.9,1.106,toys_games,South,35.0,0.0707
TOY-1013,3 months,2025-03-24,12,1,51.2,64.4,0.96,toys_games,East,35.0,0.0707
TOY-1018,3 months,2025-03-24,12,1,61.0,72.8,0.981,toys_games,East,35.0,0.0707
TOY-1019,3 months,2025-03-24,12,1,19.7,25.3,0.982,toys_games,Central,35.0,0.0707
TOY-1020,3 months,2025-03-24,12,1,25.0,36.9,1.027,toys_games,South,35.0,0.0707
TOY-1021,3 months,2025-03-24,12,1,87.6,97.1,0.913,toys_games,North,35.0,0.0707
TOY-1024,3 months,2025-03-24,12,1,30.6,47.9,0.847,toys_games,South,35.0,0.0707
TOY-1025,3 months,2025-03-24,12,1,16.3,23.2,0.83,toys_games,West,35.0,0.0707
TOY-1030,3 months,2025-03-24,12,1,23.2,30.3,0.993,toys_games,South,35.0,0.0707
TOY-1031,3 months,2025-03-24,12,1,19.6,26.5,0.829,toys_games,South,35.0,0.0707
TOY-1034,3 months,2025-03-24,12,1,96.8,112.5,1.001,toys_games,North,35.0,0.0707
TOY-1035,3 months,2025-03-24,12,1,69.9,79.8,0.979,toys_games,East,35.0,0.0707
TOY-1038,3 months,2025-03-24,12,1,39.2,53.8,1.089,toys_games,South,35.0,0.0707
APP-1000,3 months,2025-03-31,13,1,80.2,87.0,1.108,apparel,West,45.0,0.2808
APP-1001,3 months,2025-03-31,13,1,103.0,106.5,1.011,apparel,East,45.0,0.2808
APP-1002,3 months,2025-03-31,13,1,96.6,101.7,0.926,apparel,North,45.0,0.2808
APP-1004,3 months,2025-03-31,13,1,165.0,179.6,0.898,apparel,Central,45.0,0.2808
APP-1006,3 months,2025-03-31,13,1,86.0,91.3,0.95,apparel,West,45.0,0.2808
APP-1008,3 months,2025-03-31,13,1,120.2,134.1,0.895,apparel,South,45.0,0.2808
APP-1009,3 months,2025-03-31,13,1,33.4,42.2,0.851,apparel,North,45.0,0.2808
APP-1012,3 months,2025-03-31,13,1,155.1,162.7,0.954,apparel,North,45.0,0.2808
APP-1016,3 months,2025-03-31,13,1,52.8,60.1,0.9,apparel,West,45.0,0.2808
APP-1018,3 months,2025-03-31,13,1,33.5,40.1,1.001,apparel,East,45.0,0.2808
APP-1019,3 months,2025-03-31,13,1,107.3,148.6,1.033,apparel,Central,45.0,0.2808
APP-1020,3 months,2025-03-31,13,1,93.0,103.6,0.862,apparel,South,45.0,0.2808
APP-1022,3 months,2025-03-31,13,1,100.5,108.4,0.885,apparel,South,45.0,0.2808
APP-1023,3 months,2025-03-31,13,1,42.8,55.4,0.924,apparel,West,45.0,0.2808
APP-1025,3 months,2025-03-31,13,1,178.5,187.4,0.905,apparel,Central,45.0,0.2808
APP-1027,3 months,2025-03-31,13,1,78.3,85.3,0.854,apparel,South,45.0,0.2808
APP-1028,3 months,2025-03-31,13,1,87.9,96.6,0.851,apparel,North,45.0,0.2808
APP-1029,3 months,2025-03-31,13,1,116.5,131.2,0.889,apparel,North,45.0,0.2808
APP-1031,3 months,2025-03-31,13,1,16.7,21.8,0.918,apparel,Central,45.0,0.2808
APP-1032,3 months,2025-03-31,13,1,117.5,130.9,0.887,apparel,East,45.0,0.2808
APP-1034,3 months,2025-03-31,13,1,55.4,65.6,0.89,apparel,North,45.0,0.2808
APP-1037,3 months,2025-03-31,13,1,65.2,71.7,0.955,apparel,Central,45.0,0.2808
APP-1038,3 months,2025-03-31,13,1,30.0,34.8,0.929,apparel,North,45.0,0.2808
BEA-1004,3 months,2025-03-31,13,1,73.8,91.9,0.968,beauty,West,25.0,0.0791
BEA-1006,3 months,2025-03-31,13,1,78.4,95.3,0.93,beauty,West,25.0,0.0791
BEA-1007,3 months,2025-03-31,13,1,59.1,72.8,0.87,beauty,South,25.0,0.0791
BEA-1009,3 months,2025-03-31,13,1,69.0,79.6,0.909,beauty,East,25.0,0.0791
BEA-1011,3 months,2025-03-31,13,1,41.4,52.8,0.904,beauty,North,25.0,0.0791
BEA-1012,3 months,2025-03-31,13,1,73.1,93.2,1.062,beauty,Central,25.0,0.0791
BEA-1013,3 months,2025-03-31,13,1,63.8,77.4,0.914,beauty,West,25.0,0.0791
BEA-1014,3 months,2025-03-31,13,1,84.9,103.1,0.903,beauty,West,25.0,0.0791
BEA-1016,3 months,2025-03-31,13,1,48.5,61.1,0.903,beauty,East,25.0,0.0791
BEA-1017,3 months,2025-03-31,13,1,46.7,56.3,0.967,beauty,East,25.0,0.0791
BEA-1018,3 months,2025-03-31,13,1,43.7,58.5,0.807,beauty,North,25.0,0.0791
BEA-1019,3 months,2025-03-31,13,1,38.3,48.7,0.858,beauty,North,25.0,0.0791
BEA-1020,3 months,2025-03-31,13,1,55.1,68.8,0.877,beauty,South,25.0,0.0791
BEA-1021,3 months,2025-03-31,13,1,17.1,24.1,0.852,beauty,Central,25.0,0.0791
BEA-1024,3 months,2025-03-31,13,1,89.9,108.5,0.923,beauty,South,25.0,0.0791
BEA-1025,3 months,2025-03-31,13,1,30.0,37.9,0.91,beauty,West,25.0,0.0791
BEA-1027,3 months,2025-03-31,13,1,56.8,68.5,0.904,beauty,Central,25.0,0.0791
BEA-1028,3 months,2025-03-31,13,1,36.4,47.5,0.957,beauty,South,25.0,0.0791
BEA-1030,3 months,2025-03-31,13,1,47.3,58.7,0.885,beauty,West,25.0,0.0791
BEA-1031,3 months,2025-03-31,13,1,74.0,84.8,0.997,beauty,South,25.0,0.0791
BEA-1032,3 months,2025-03-31,13,1,80.1,96.0,0.955,beauty,North,25.0,0.0791
BEA-1037,3 months,2025-03-31,13,1,37.7,47.8,0.924,beauty,Central,25.0,0.0791
BOO-1000,3 months,2025-03-31,13,1,18.8,28.0,0.832,books_media,North,20.0,0.0494
BOO-1001,3 months,2025-03-31,13,1,31.0,40.1,1.064,books_media,East,20.0,0.0494
BOO-1002,3 months,2025-03-31,13,1,22.0,30.2,0.9,books_media,Central,20.0,0.0494
BOO-1004,3 months,2025-03-31,13,1,36.9,46.7,1.048,books_media,South,20.0,0.0494
BOO-1005,3 months,2025-03-31,13,1,36.9,47.5,1.049,books_media,Central,20.0,0.0494
BOO-1006,3 months,2025-03-31,13,1,36.0,45.3,1.092,books_media,South,20.0,0.0494
BOO-1007,3 months,2025-03-31,13,1,17.8,24.9,1.073,books_media,West,20.0,0.0494
BOO-1008,3 months,2025-03-31,13,1,33.3,42.9,1.142,books_media,Central,20.0,0.0494
BOO-1011,3 months,2025-03-31,13,1,41.3,53.4,1.073,books_media,South,20.0,0.0494
BOO-1016,3 months,2025-03-31,13,1,17.2,25.5,1.1,books_media,North,20.0,0.0494
BOO-1018,3 months,2025-03-31,13,1,12.9,17.8,1.049,books_media,South,20.0,0.0494
BOO-1022,3 months,2025-03-31,13,1,12.4,16.3,1.171,books_media,Central,20.0,0.0494
BOO-1023,3 months,2025-03-31,13,1,24.8,32.4,0.995,books_media,North,20.0,0.0494
BOO-1024,3 months,2025-03-31,13,1,17.0,24.2,1.038,books_media,East,20.0,0.0494
BOO-1025,3 months,2025-03-31,13,1,46.1,58.8,1.036,books_media,Central,20.0,0.0494
BOO-1026,3 months,2025-03-31,13,1,6.0,11.0,1.115,books_media,West,20.0,0.0494
BOO-1027,3 months,2025-03-31,13,1,7.1,12.0,0.644,books_media,North,20.0,0.0494
BOO-1029,3 months,2025-03-31,13,1,34.5,43.7,1.078,books_media,East,20.0,0.0494
BOO-1031,3 months,2025-03-31,13,1,41.5,52.9,0.908,books_media,West,20.0,0.0494
BOO-1033,3 months,2025-03-31,13,1,6.6,11.4,1.222,books_media,East,20.0,0.0494
BOO-1034,3 months,2025-03-31,13,1,28.4,36.0,0.972,books_media,South,20.0,0.0494
BOO-1038,3 months,2025-03-31,13,1,41.6,56.2,1.057,books_media,North,20.0,0.0494
ELE-1002,3 months,2025-03-31,13,1,84.0,101.0,0.935,electronics,South,180.0,0.0888
ELE-1005,3 months,2025-03-31,13,1,21.6,26.9,1.057,electronics,West,180.0,0.0888
ELE-1006,3 months,2025-03-31,13,1,100.9,145.1,0.964,electronics,North,180.0,0.0888
ELE-1011,3 months,2025-03-31,13,1,20.5,26.8,1.135,electronics,Central,180.0,0.0888
ELE-1012,3 months,2025-03-31,13,1,35.2,44.8,0.958,electronics,South,180.0,0.0888
ELE-1013,3 months,2025-03-31,13,1,24.1,30.8,0.919,electronics,East,180.0,0.0888
ELE-1014,3 months,2025-03-31,13,1,17.4,23.3,0.918,electronics,North,180.0,0.0888
ELE-1017,3 months,2025-03-31,13,1,87.3,112.5,0.824,electronics,South,180.0,0.0888
ELE-1018,3 months,2025-03-31,13,1,37.6,47.2,1.031,electronics,East,180.0,0.0888
ELE-1022,3 months,2025-03-31,13,1,40.2,52.5,0.939,electronics,East,180.0,0.0888
ELE-1023,3 months,2025-03-31,13,1,78.2,93.0,1.015,electronics,North,180.0,0.0888
ELE-1024,3 months,2025-03-31,13,1,36.8,49.5,0.846,electronics,Central,180.0,0.0888
ELE-1026,3 months,2025-03-31,13,1,32.4,41.4,0.913,electronics,Central,180.0,0.0888
ELE-1027,3 months,2025-03-31,13,1,42.1,55.3,1.063,electronics,North,180.0,0.0888
ELE-1029,3 months,2025-03-31,13,1,87.7,104.5,0.971,electronics,North,180.0,0.0888
ELE-1031,3 months,2025-03-31,13,1,99.4,116.4,1.119,electronics,South,180.0,0.0888
ELE-1035,3 months,2025-03-31,13,1,46.2,57.5,1.088,electronics,East,180.0,0.0888
ELE-1036,3 months,2025-03-31,13,1,52.5,67.1,1.131,electronics,North,180.0,0.0888
ELE-1038,3 months,2025-03-31,13,1,91.7,107.2,1.104,electronics,South,180.0,0.0888
GRO-1000,3 months,2025-03-31,13,1,96.4,118.5,1.024,grocery,North,15.0,0.0201
GRO-1002,3 months,2025-03-31,13,1,105.8,130.2,0.936,grocery,North,15.0,0.0201
GRO-1004,3 months,2025-03-31,13,1,163.1,222.6,0.949,grocery,North,15.0,0.0201
GRO-1005,3 months,2025-03-31,13,1,140.4,176.0,0.983,grocery,East,15.0,0.0201
GRO-1006,3 months,2025-03-31,13,1,70.3,85.0,1.012,grocery,West,15.0,0.0201
GRO-1007,3 months,2025-03-31,13,1,129.7,155.1,0.978,grocery,South,15.0,0.0201
GRO-1009,3 months,2025-03-31,13,1,30.0,41.3,0.956,grocery,West,15.0,0.0201
GRO-1012,3 months,2025-03-31,13,1,155.8,219.8,0.991,grocery,North,15.0,0.0201
GRO-1015,3 months,2025-03-31,13,1,67.5,84.7,0.963,grocery,North,15.0,0.0201
GRO-1016,3 months,2025-03-31,13,1,77.1,97.6,0.96,grocery,North,15.0,0.0201
GRO-1017,3 months,2025-03-31,13,1,99.8,123.3,0.94,grocery,South,15.0,0.0201
GRO-1024,3 months,2025-03-31,13,1,64.0,78.4,1.025,grocery,South,15.0,0.0201
GRO-1025,3 months,2025-03-31,13,1,87.0,132.5,0.93,grocery,Central,15.0,0.0201
GRO-1027,3 months,2025-03-31,13,1,65.4,80.3,0.942,grocery,West,15.0,0.0201
GRO-1028,3 months,2025-03-31,13,1,116.0,140.8,0.975,grocery,North,15.0,0.0201
GRO-1030,3 months,2025-03-31,13,1,85.2,105.0,0.97,grocery,West,15.0,0.0201
GRO-1034,3 months,2025-03-31,13,1,93.2,113.3,1.046,grocery,North,15.0,0.0201
GRO-1038,3 months,2025-03-31,13,1,48.1,63.5,1.008,grocery,West,15.0,0.0201
HOM-1001,3 months,2025-03-31,13,1,80.9,121.5,0.954,home_kitchen,Central,60.0,0.0981
HOM-1003,3 months,2025-03-31,13,1,24.8,31.8,1.035,home_kitchen,East,60.0,0.0981
HOM-1006,3 months,2025-03-31,13,1,29.1,40.3,0.934,home_kitchen,West,60.0,0.0981
HOM-1010,3 months,2025-03-31,13,1,25.9,34.6,0.997,home_kitchen,West,60.0,0.0981
HOM-1011,3 months,2025-03-31,13,1,74.9,89.5,0.924,home_kitchen,West,60.0,0.0981
HOM-1013,3 months,2025-03-31,13,1,49.6,62.4,1.02,home_kitchen,East,60.0,0.0981
HOM-1015,3 months,2025-03-31,13,1,25.8,34.1,0.87,home_kitchen,South,60.0,0.0981
HOM-1017,3 months,2025-03-31,13,1,57.8,71.5,0.97,home_kitchen,West,60.0,0.0981
HOM-1019,3 months,2025-03-31,13,1,80.2,98.0,0.956,home_kitchen,East,60.0,0.0981
HOM-1022,3 months,2025-03-31,13,1,87.7,121.7,0.992,home_kitchen,Central,60.0,0.0981
HOM-1024,3 months,2025-03-31,13,1,9.6,15.6,1.002,home_kitchen,Central,60.0,0.0981
HOM-1030,3 months,2025-03-31,13,1,36.0,52.1,0.812,home_kitchen,South,60.0,0.0981
HOM-1032,3 months,2025-03-31,13,1,40.0,53.4,1.002,home_kitchen,East,60.0,0.0981
HOM-1035,3 months,2025-03-31,13,1,37.2,47.1,0.974,home_kitchen,South,60.0,0.0981
HOM-1036,3 months,2025-03-31,13,1,80.2,97.9,0.979,home_kitchen,West,60.0,0.0981
HOM-1037,3 months,2025-03-31,13,1,60.4,76.2,0.917,home_kitchen,West,60.0,0.0981
HOM-1038,3 months,2025-03-31,13,1,27.3,37.5,0.888,home_kitchen,North,60.0,0.0981
HOM-1039,3 months,2025-03-31,13,1,41.4,56.4,0.956,home_kitchen,North,60.0,0.0981
SPO-1001,3 months,2025-03-31,13,1,51.4,63.1,0.936,sports_outdoor,East,70.0,0.1196
SPO-1003,3 months,2025-03-31,13,1,56.2,67.6,0.942,sports_outdoor,North,70.0,0.1196
SPO-1004,3 months,2025-03-31,13,1,25.4,36.8,0.964,sports_outdoor,North,70.0,0.1196
SPO-1005,3 months,2025-03-31,13,1,25.5,32.2,1.193,sports_outdoor,Central,70.0,0.1196
SPO-1007,3 months,2025-03-31,13,1,40.8,53.0,1.034,sports_outdoor,North,70.0,0.1196
SPO-1008,3 months,2025-03-31,13,1,24.8,33.0,1.018,sports_outdoor,South,70.0,0.1196
SPO-1009,3 months,2025-03-31,13,1,20.2,25.8,1.021,sports_outdoor,North,70.0,0.1196
SPO-1012,3 months,2025-03-31,13,1,33.6,47.7,1.061,sports_outdoor,North,70.0,0.1196
SPO-1014,3 months,2025-03-31,13,1,25.7,31.9,1.056,sports_outdoor,Central,70.0,0.1196
SPO-1019,3 months,2025-03-31,13,1,46.8,59.3,0.948,sports_outdoor,West,70.0,0.1196
SPO-1021,3 months,2025-03-31,13,1,11.7,15.8,0.915,sports_outdoor,South,70.0,0.1196
SPO-1024,3 months,2025-03-31,13,1,66.5,86.6,1.039,sports_outdoor,Central,70.0,0.1196
SPO-1026,3 months,2025-03-31,13,1,11.9,20.4,0.972,sports_outdoor,West,70.0,0.1196
SPO-1029,3 months,2025-03-31,13,1,41.7,56.1,1.149,sports_outdoor,South,70.0,0.1196
SPO-1030,3 months,2025-03-31,13,1,15.1,24.1,1.067,sports_outdoor,East,70.0,0.1196
SPO-1032,3 months,2025-03-31,13,1,18.2,24.1,0.975,sports_outdoor,Central,70.0,0.1196
SPO-1034,3 months,2025-03-31,13,1,45.1,57.5,1.075,sports_outdoor,North,70.0,0.1196
SPO-1035,3 months,2025-03-31,13,1,56.2,74.3,1.045,sports_outdoor,West,70.0,0.1196
SPO-1036,3 months,2025-03-31,13,1,29.3,40.5,1.026,sports_outdoor,East,70.0,0.1196
SPO-1039,3 months,2025-03-31,13,1,32.6,43.7,1.061,sports_outdoor,Central,70.0,0.1196
TOY-1002,3 months,2025-03-31,13,1,34.0,44.4,0.963,toys_games,East,35.0,0.0707
TOY-1010,3 months,2025-03-31,13,1,35.3,46.0,1.036,toys_games,Central,35.0,0.0707
TOY-1011,3 months,2025-03-31,13,1,12.4,16.3,1.106,toys_games,South,35.0,0.0707
TOY-1013,3 months,2025-03-31,13,1,52.8,62.4,0.96,toys_games,East,35.0,0.0707
TOY-1018,3 months,2025-03-31,13,1,63.7,71.0,0.981,toys_games,East,35.0,0.0707
TOY-1019,3 months,2025-03-31,13,1,19.9,24.5,0.982,toys_games,Central,35.0,0.0707
TOY-1020,3 months,2025-03-31,13,1,26.3,36.4,1.027,toys_games,South,35.0,0.0707
TOY-1021,3 months,2025-03-31,13,1,86.1,94.4,0.913,toys_games,North,35.0,0.0707
TOY-1024,3 months,2025-03-31,13,1,34.1,45.6,0.847,toys_games,South,35.0,0.0707
TOY-1025,3 months,2025-03-31,13,1,16.1,22.5,0.83,toys_games,West,35.0,0.0707
TOY-1030,3 months,2025-03-31,13,1,22.6,29.5,0.993,toys_games,South,35.0,0.0707
TOY-1031,3 months,2025-03-31,13,1,19.1,26.4,0.829,toys_games,South,35.0,0.0707
TOY-1034,3 months,2025-03-31,13,1,93.8,108.7,1.001,toys_games,North,35.0,0.0707
TOY-1035,3 months,2025-03-31,13,1,71.0,78.7,0.979,toys_games,East,35.0,0.0707
TOY-1038,3 months,2025-03-31,13,1,40.5,51.6,1.089,toys_games,South,35.0,0.0707
